competition,season,round,date,home_team,away_team,home_score,away_score,pace,home_ortg,away_ortg,home_drtg,away_drtg,home_rest,away_rest,rest_diff,bayern_is_home,bayern_score,opp_score,bayern_win,opp_team,comp_tier,home_pts_decay_1,home_pts_conceded_decay_1,home_pace_decay_1,home_ortg_decay_1,home_drtg_decay_1,home_net_rtg_decay_1,home_win_rate_decay_1,away_pts_decay_1,away_pts_conceded_decay_1,away_pace_decay_1,away_ortg_decay_1,away_drtg_decay_1,away_net_rtg_decay_1,away_win_rate_decay_1,net_rtg_diff_1,pace_projected_1,off_def_mismatch_home_1,off_def_mismatch_away_1,home_pts_decay_2,home_pts_conceded_decay_2,home_pace_decay_2,home_ortg_decay_2,home_drtg_decay_2,home_net_rtg_decay_2,home_win_rate_decay_2,away_pts_decay_2,away_pts_conceded_decay_2,away_pace_decay_2,away_ortg_decay_2,away_drtg_decay_2,away_net_rtg_decay_2,away_win_rate_decay_2,net_rtg_diff_2,pace_projected_2,off_def_mismatch_home_2,off_def_mismatch_away_2,home_pts_decay_3,home_pts_conceded_decay_3,home_pace_decay_3,home_ortg_decay_3,home_drtg_decay_3,home_net_rtg_decay_3,home_win_rate_decay_3,away_pts_decay_3,away_pts_conceded_decay_3,away_pace_decay_3,away_ortg_decay_3,away_drtg_decay_3,away_net_rtg_decay_3,away_win_rate_decay_3,net_rtg_diff_3,pace_projected_3,off_def_mismatch_home_3,off_def_mismatch_away_3,home_pts_decay_4,home_pts_conceded_decay_4,home_pace_decay_4,home_ortg_decay_4,home_drtg_decay_4,home_net_rtg_decay_4,home_win_rate_decay_4,away_pts_decay_4,away_pts_conceded_decay_4,away_pace_decay_4,away_ortg_decay_4,away_drtg_decay_4,away_net_rtg_decay_4,away_win_rate_decay_4,net_rtg_diff_4,pace_projected_4,off_def_mismatch_home_4,off_def_mismatch_away_4,home_pts_decay_5,home_pts_conceded_decay_5,home_pace_decay_5,home_ortg_decay_5,home_drtg_decay_5,home_net_rtg_decay_5,home_win_rate_decay_5,away_pts_decay_5,away_pts_conceded_decay_5,away_pace_decay_5,away_ortg_decay_5,away_drtg_decay_5,away_net_rtg_decay_5,away_win_rate_decay_5,net_rtg_diff_5,pace_projected_5,off_def_mismatch_home_5,off_def_mismatch_away_5,home_pts_decay_6,home_pts_conceded_decay_6,home_pace_decay_6,home_ortg_decay_6,home_drtg_decay_6,home_net_rtg_decay_6,home_win_rate_decay_6,away_pts_decay_6,away_pts_conceded_decay_6,away_pace_decay_6,away_ortg_decay_6,away_drtg_decay_6,away_net_rtg_decay_6,away_win_rate_decay_6,net_rtg_diff_6,pace_projected_6,off_def_mismatch_home_6,off_def_mismatch_away_6,home_pts_decay_7,home_pts_conceded_decay_7,home_pace_decay_7,home_ortg_decay_7,home_drtg_decay_7,home_net_rtg_decay_7,home_win_rate_decay_7,away_pts_decay_7,away_pts_conceded_decay_7,away_pace_decay_7,away_ortg_decay_7,away_drtg_decay_7,away_net_rtg_decay_7,away_win_rate_decay_7,net_rtg_diff_7,pace_projected_7,off_def_mismatch_home_7,off_def_mismatch_away_7,home_pts_decay_8,home_pts_conceded_decay_8,home_pace_decay_8,home_ortg_decay_8,home_drtg_decay_8,home_net_rtg_decay_8,home_win_rate_decay_8,away_pts_decay_8,away_pts_conceded_decay_8,away_pace_decay_8,away_ortg_decay_8,away_drtg_decay_8,away_net_rtg_decay_8,away_win_rate_decay_8,net_rtg_diff_8,pace_projected_8,off_def_mismatch_home_8,off_def_mismatch_away_8,home_pts_decay_9,home_pts_conceded_decay_9,home_pace_decay_9,home_ortg_decay_9,home_drtg_decay_9,home_net_rtg_decay_9,home_win_rate_decay_9,away_pts_decay_9,away_pts_conceded_decay_9,away_pace_decay_9,away_ortg_decay_9,away_drtg_decay_9,away_net_rtg_decay_9,away_win_rate_decay_9,net_rtg_diff_9,pace_projected_9,off_def_mismatch_home_9,off_def_mismatch_away_9,home_pts_decay_10,home_pts_conceded_decay_10,home_pace_decay_10,home_ortg_decay_10,home_drtg_decay_10,home_net_rtg_decay_10,home_win_rate_decay_10,away_pts_decay_10,away_pts_conceded_decay_10,away_pace_decay_10,away_ortg_decay_10,away_drtg_decay_10,away_net_rtg_decay_10,away_win_rate_decay_10,net_rtg_diff_10,pace_projected_10,off_def_mismatch_home_10,off_def_mismatch_away_10,home_is_b2b,away_is_b2b,b2b_diff,is_euroleague,is_bbl,is_pokal,target_home_win
BBL,2019-2020,Round 1,2019-09-30,FC Bayern München,Hamburg Towers,111,55,76.2,145.7,72.2,72.2,145.7,7,7,0,1,111,55,1,Hamburg Towers,1.0,78.0,78.0,72.0,108.0,108.0,0.0,0.5,78.0,78.0,72.0,108.0,108.0,0.0,0.5,0.0,72.0,0.0,0.0,78.0,78.0,72.0,108.0,108.0,0.0,0.5,78.0,78.0,72.0,108.0,108.0,0.0,0.5,0.0,72.0,0.0,0.0,78.0,78.0,72.0,108.0,108.0,0.0,0.5,78.0,78.0,72.0,108.0,108.0,0.0,0.5,0.0,72.0,0.0,0.0,78.0,78.0,72.0,108.0,108.0,0.0,0.5,78.0,78.0,72.0,108.0,108.0,0.0,0.5,0.0,72.0,0.0,0.0,78.0,78.0,72.0,108.0,108.0,0.0,0.5,78.0,78.0,72.0,108.0,108.0,0.0,0.5,0.0,72.0,0.0,0.0,78.0,78.0,72.0,108.0,108.0,0.0,0.5,78.0,78.0,72.0,108.0,108.0,0.0,0.5,0.0,72.0,0.0,0.0,78.0,78.0,72.0,108.0,108.0,0.0,0.5,78.0,78.0,72.0,108.0,108.0,0.0,0.5,0.0,72.0,0.0,0.0,78.0,78.0,72.0,108.0,108.0,0.0,0.5,78.0,78.0,72.0,108.0,108.0,0.0,0.5,0.0,72.0,0.0,0.0,78.0,78.0,72.0,108.0,108.0,0.0,0.5,78.0,78.0,72.0,108.0,108.0,0.0,0.5,0.0,72.0,0.0,0.0,78.0,78.0,72.0,108.0,108.0,0.0,0.5,78.0,78.0,72.0,108.0,108.0,0.0,0.5,0.0,72.0,0.0,0.0,0,0,0,0,1,0,1
EuroLeague,2019-2020,Round 1,2019-10-03,FC Bayern München,AX Armani Exchange Milan,78,64,71.5,109.1,89.5,89.5,109.1,3,7,-4,1,78,64,1,AX Armani Exchange Milan,1.25,111.0,55.0,76.2,145.7,72.2,73.5,1.0,78.0,78.0,72.0,108.0,108.0,0.0,0.5,73.5,74.1,37.7,35.8,111.0,55.0,76.2,145.7,72.2,73.5,1.0,78.0,78.0,72.0,108.0,108.0,0.0,0.5,73.5,74.1,37.7,35.8,111.0,55.0,76.2,145.7,72.2,73.5,1.0,78.0,78.0,72.0,108.0,108.0,0.0,0.5,73.5,74.1,37.7,35.8,111.0,55.0,76.2,145.7,72.2,73.5,1.0,78.0,78.0,72.0,108.0,108.0,0.0,0.5,73.5,74.1,37.7,35.8,111.0,55.0,76.2,145.7,72.2,73.5,1.0,78.0,78.0,72.0,108.0,108.0,0.0,0.5,73.5,74.1,37.7,35.8,111.0,55.0,76.2,145.7,72.2,73.5,1.0,78.0,78.0,72.0,108.0,108.0,0.0,0.5,73.5,74.1,37.7,35.8,111.0,55.0,76.2,145.7,72.2,73.5,1.0,78.0,78.0,72.0,108.0,108.0,0.0,0.5,73.5,74.1,37.7,35.8,111.0,55.0,76.2,145.7,72.2,73.5,1.0,78.0,78.0,72.0,108.0,108.0,0.0,0.5,73.5,74.1,37.7,35.8,111.0,55.0,76.2,145.7,72.2,73.5,1.0,78.0,78.0,72.0,108.0,108.0,0.0,0.5,73.5,74.1,37.7,35.8,111.0,55.0,76.2,145.7,72.2,73.5,1.0,78.0,78.0,72.0,108.0,108.0,0.0,0.5,73.5,74.1,37.7,35.8,0,0,0,1,0,0,1
BBL,2019-2020,Round 2,2019-10-06,SKYLINERS Frankfurt,FC Bayern München,77,81,72.4,106.4,111.9,111.9,106.4,7,3,4,0,81,77,1,SKYLINERS Frankfurt,1.0,78.0,78.0,72.0,108.0,108.0,0.0,0.5,78.0,64.0,71.5,109.1,89.5,19.6,1.0,-19.6,71.75,18.5,1.1,78.0,78.0,72.0,108.0,108.0,0.0,0.5,91.0,60.45,73.35,123.52,82.68,40.83,1.0,-40.83,72.68,25.32,15.52,78.0,78.0,72.0,108.0,108.0,0.0,0.5,91.0,60.45,73.35,123.52,82.68,40.83,1.0,-40.83,72.68,25.32,15.52,78.0,78.0,72.0,108.0,108.0,0.0,0.5,91.0,60.45,73.35,123.52,82.68,40.83,1.0,-40.83,72.68,25.32,15.52,78.0,78.0,72.0,108.0,108.0,0.0,0.5,91.0,60.45,73.35,123.52,82.68,40.83,1.0,-40.83,72.68,25.32,15.52,78.0,78.0,72.0,108.0,108.0,0.0,0.5,91.0,60.45,73.35,123.52,82.68,40.83,1.0,-40.83,72.68,25.32,15.52,78.0,78.0,72.0,108.0,108.0,0.0,0.5,91.0,60.45,73.35,123.52,82.68,40.83,1.0,-40.83,72.68,25.32,15.52,78.0,78.0,72.0,108.0,108.0,0.0,0.5,91.0,60.45,73.35,123.52,82.68,40.83,1.0,-40.83,72.68,25.32,15.52,78.0,78.0,72.0,108.0,108.0,0.0,0.5,91.0,60.45,73.35,123.52,82.68,40.83,1.0,-40.83,72.68,25.32,15.52,78.0,78.0,72.0,108.0,108.0,0.0,0.5,91.0,60.45,73.35,123.52,82.68,40.83,1.0,-40.83,72.68,25.32,15.52,0,0,0,0,1,0,0
EuroLeague,2019-2020,Round 2,2019-10-10,CSKA Moscow,FC Bayern München,79,68,71.5,110.5,95.1,95.1,110.5,7,4,3,0,68,79,0,CSKA Moscow,1.25,78.0,78.0,72.0,108.0,108.0,0.0,0.5,81.0,77.0,72.4,111.9,106.4,5.5,1.0,-5.5,72.2,1.6,3.9,78.0,78.0,72.0,108.0,108.0,0.0,0.5,79.49,70.45,71.95,110.49,97.88,12.61,1.0,-12.61,71.97,10.12,2.49,78.0,78.0,72.0,108.0,108.0,0.0,0.5,87.26,66.64,73.0,119.18,91.55,27.63,1.0,-27.63,72.5,16.45,11.18,78.0,78.0,72.0,108.0,108.0,0.0,0.5,87.26,66.64,73.0,119.18,91.55,27.63,1.0,-27.63,72.5,16.45,11.18,78.0,78.0,72.0,108.0,108.0,0.0,0.5,87.26,66.64,73.0,119.18,91.55,27.63,1.0,-27.63,72.5,16.45,11.18,78.0,78.0,72.0,108.0,108.0,0.0,0.5,87.26,66.64,73.0,119.18,91.55,27.63,1.0,-27.63,72.5,16.45,11.18,78.0,78.0,72.0,108.0,108.0,0.0,0.5,87.26,66.64,73.0,119.18,91.55,27.63,1.0,-27.63,72.5,16.45,11.18,78.0,78.0,72.0,108.0,108.0,0.0,0.5,87.26,66.64,73.0,119.18,91.55,27.63,1.0,-27.63,72.5,16.45,11.18,78.0,78.0,72.0,108.0,108.0,0.0,0.5,87.26,66.64,73.0,119.18,91.55,27.63,1.0,-27.63,72.5,16.45,11.18,78.0,78.0,72.0,108.0,108.0,0.0,0.5,87.26,66.64,73.0,119.18,91.55,27.63,1.0,-27.63,72.5,16.45,11.18,0,0,0,1,0,0,1
BBL-Pokal,2019-2020,Round of 16,2019-10-14,Telekom Baskets Bonn,FC Bayern München,84,90,75.0,112.0,120.0,120.0,112.0,7,4,3,0,90,84,1,Telekom Baskets Bonn,1.05,78.0,78.0,72.0,108.0,108.0,0.0,0.5,68.0,79.0,71.5,95.1,110.5,-15.4,0.0,15.4,71.75,-2.5,-12.9,78.0,78.0,72.0,108.0,108.0,0.0,0.5,73.08,78.22,71.85,101.66,108.9,-7.24,0.39,7.24,71.93,-0.9,-6.34,78.0,78.0,72.0,108.0,108.0,0.0,0.5,74.47,74.18,71.75,103.77,103.39,0.38,0.563,-0.38,71.88,4.61,-4.23,78.0,78.0,72.0,108.0,108.0,0.0,0.5,80.17,71.19,72.44,110.3,98.53,11.77,0.632,-11.77,72.22,9.47,2.3,78.0,78.0,72.0,108.0,108.0,0.0,0.5,80.17,71.19,72.44,110.3,98.53,11.77,0.632,-11.77,72.22,9.47,2.3,78.0,78.0,72.0,108.0,108.0,0.0,0.5,80.17,71.19,72.44,110.3,98.53,11.77,0.632,-11.77,72.22,9.47,2.3,78.0,78.0,72.0,108.0,108.0,0.0,0.5,80.17,71.19,72.44,110.3,98.53,11.77,0.632,-11.77,72.22,9.47,2.3,78.0,78.0,72.0,108.0,108.0,0.0,0.5,80.17,71.19,72.44,110.3,98.53,11.77,0.632,-11.77,72.22,9.47,2.3,78.0,78.0,72.0,108.0,108.0,0.0,0.5,80.17,71.19,72.44,110.3,98.53,11.77,0.632,-11.77,72.22,9.47,2.3,78.0,78.0,72.0,108.0,108.0,0.0,0.5,80.17,71.19,72.44,110.3,98.53,11.77,0.632,-11.77,72.22,9.47,2.3,0,0,0,0,0,1,0
EuroLeague,2019-2020,Round 3,2019-10-17,FC Bayern München,LDLC ASVEL Villeurbanne,104,63,71.5,145.5,88.1,88.1,145.5,3,7,-4,1,104,63,1,LDLC ASVEL Villeurbanne,1.25,90.0,84.0,75.0,120.0,112.0,8.0,1.0,78.0,78.0,72.0,108.0,108.0,0.0,0.5,8.0,73.5,12.0,-4.0,79.26,81.56,73.29,107.85,111.27,-3.42,0.512,78.0,78.0,72.0,108.0,108.0,0.0,0.5,-3.42,72.65,-0.15,-3.27,79.68,80.47,73.08,108.81,110.11,-1.29,0.628,78.0,78.0,72.0,108.0,108.0,0.0,0.5,-1.29,72.54,0.81,-2.11,79.35,77.27,72.77,108.87,106.1,2.77,0.701,78.0,78.0,72.0,108.0,108.0,0.0,0.5,2.77,72.39,0.87,1.9,82.91,74.76,73.16,113.01,102.29,10.72,0.734,78.0,78.0,72.0,108.0,108.0,0.0,0.5,10.72,72.58,5.01,5.71,82.91,74.76,73.16,113.01,102.29,10.72,0.734,78.0,78.0,72.0,108.0,108.0,0.0,0.5,10.72,72.58,5.01,5.71,82.91,74.76,73.16,113.01,102.29,10.72,0.734,78.0,78.0,72.0,108.0,108.0,0.0,0.5,10.72,72.58,5.01,5.71,82.91,74.76,73.16,113.01,102.29,10.72,0.734,78.0,78.0,72.0,108.0,108.0,0.0,0.5,10.72,72.58,5.01,5.71,82.91,74.76,73.16,113.01,102.29,10.72,0.734,78.0,78.0,72.0,108.0,108.0,0.0,0.5,10.72,72.58,5.01,5.71,82.91,74.76,73.16,113.01,102.29,10.72,0.734,78.0,78.0,72.0,108.0,108.0,0.0,0.5,10.72,72.58,5.01,5.71,0,0,0,1,0,0,1
BBL,2019-2020,Round 3,2019-10-20,FC Bayern München,Basketball Löwen Braunschweig,75,62,69.8,107.4,88.8,88.8,107.4,3,7,-4,1,75,62,1,Basketball Löwen Braunschweig,1.0,104.0,63.0,71.5,145.5,88.1,57.4,1.0,78.0,78.0,72.0,108.0,108.0,0.0,0.5,57.4,71.75,37.5,19.9,98.32,71.52,72.92,135.16,97.8,37.36,1.0,78.0,78.0,72.0,108.0,108.0,0.0,0.5,37.36,72.46,27.16,10.2,89.87,73.6,72.52,123.99,101.34,22.65,0.721,78.0,78.0,72.0,108.0,108.0,0.0,0.5,22.65,72.26,15.99,6.66,88.52,74.12,72.51,122.16,102.1,20.05,0.763,78.0,78.0,72.0,108.0,108.0,0.0,0.5,20.05,72.25,14.16,5.9,87.12,72.77,72.37,120.41,100.42,19.99,0.795,78.0,78.0,72.0,108.0,108.0,0.0,0.5,19.99,72.19,12.41,7.58,89.03,71.35,72.68,122.43,98.17,24.26,0.811,78.0,78.0,72.0,108.0,108.0,0.0,0.5,24.26,72.34,14.43,9.83,89.03,71.35,72.68,122.43,98.17,24.26,0.811,78.0,78.0,72.0,108.0,108.0,0.0,0.5,24.26,72.34,14.43,9.83,89.03,71.35,72.68,122.43,98.17,24.26,0.811,78.0,78.0,72.0,108.0,108.0,0.0,0.5,24.26,72.34,14.43,9.83,89.03,71.35,72.68,122.43,98.17,24.26,0.811,78.0,78.0,72.0,108.0,108.0,0.0,0.5,24.26,72.34,14.43,9.83,89.03,71.35,72.68,122.43,98.17,24.26,0.811,78.0,78.0,72.0,108.0,108.0,0.0,0.5,24.26,72.34,14.43,9.83,0,0,0,0,1,0,1
EuroLeague,2019-2020,Round 4,2019-10-24,FC Bayern München,Khimki Moscow Region,74,87,71.5,103.5,121.7,121.7,103.5,4,7,-3,1,74,87,0,Khimki Moscow Region,1.25,75.0,62.0,69.8,107.4,88.8,18.6,1.0,78.0,78.0,72.0,108.0,108.0,0.0,0.5,18.6,70.9,-0.6,19.2,89.61,62.5,70.66,126.6,88.45,38.15,1.0,78.0,78.0,72.0,108.0,108.0,0.0,0.5,38.15,71.33,18.6,19.55,89.71,68.01,71.77,124.91,94.48,30.43,1.0,78.0,78.0,72.0,108.0,108.0,0.0,0.5,30.43,71.88,16.91,13.52,85.46,70.16,71.72,119.07,97.62,21.45,0.804,78.0,78.0,72.0,108.0,108.0,0.0,0.5,21.45,71.86,11.07,10.38,84.96,70.92,71.79,118.27,98.6,19.67,0.826,78.0,78.0,72.0,108.0,108.0,0.0,0.5,19.67,71.9,10.27,9.4,84.25,70.22,71.76,117.33,97.67,19.66,0.844,78.0,78.0,72.0,108.0,108.0,0.0,0.5,19.66,71.88,9.33,10.33,85.91,69.27,72.04,119.09,96.09,23.0,0.853,78.0,78.0,72.0,108.0,108.0,0.0,0.5,23.0,72.02,11.09,11.91,85.91,69.27,72.04,119.09,96.09,23.0,0.853,78.0,78.0,72.0,108.0,108.0,0.0,0.5,23.0,72.02,11.09,11.91,85.91,69.27,72.04,119.09,96.09,23.0,0.853,78.0,78.0,72.0,108.0,108.0,0.0,0.5,23.0,72.02,11.09,11.91,85.91,69.27,72.04,119.09,96.09,23.0,0.853,78.0,78.0,72.0,108.0,108.0,0.0,0.5,23.0,72.02,11.09,11.91,0,0,0,1,0,0,0
BBL,2019-2020,Round 4,2019-10-27,medi bayreuth,FC Bayern München,75,91,73.1,102.6,124.5,124.5,102.6,7,3,4,0,91,75,1,medi bayreuth,1.0,78.0,78.0,72.0,108.0,108.0,0.0,0.5,74.0,87.0,71.5,103.5,121.7,-18.2,0.0,18.2,71.75,-13.7,-4.5,78.0,78.0,72.0,108.0,108.0,0.0,0.5,74.39,77.24,70.84,105.02,108.86,-3.83,0.39,3.83,71.42,-0.86,-2.98,78.0,78.0,72.0,108.0,108.0,0.0,0.5,82.8,73.2,71.02,116.52,102.96,13.55,0.563,-13.55,71.51,5.04,8.52,78.0,78.0,72.0,108.0,108.0,0.0,0.5,83.97,74.95,71.67,117.08,104.43,12.65,0.634,-12.65,71.84,3.57,9.08,78.0,78.0,72.0,108.0,108.0,0.0,0.5,81.83,75.49,71.65,114.14,105.24,8.89,0.549,-8.89,71.82,2.76,6.14,78.0,78.0,72.0,108.0,108.0,0.0,0.5,81.76,75.61,71.71,113.96,105.33,8.63,0.585,-8.63,71.85,2.67,5.96,78.0,78.0,72.0,108.0,108.0,0.0,0.5,81.48,74.75,71.69,113.6,104.16,9.44,0.616,-9.44,71.85,3.84,5.6,78.0,78.0,72.0,108.0,108.0,0.0,0.5,82.84,73.84,71.9,115.08,102.69,12.39,0.634,-12.39,71.95,5.31,7.08,78.0,78.0,72.0,108.0,108.0,0.0,0.5,82.84,73.84,71.9,115.08,102.69,12.39,0.634,-12.39,71.95,5.31,7.08,78.0,78.0,72.0,108.0,108.0,0.0,0.5,82.84,73.84,71.9,115.08,102.69,12.39,0.634,-12.39,71.95,5.31,7.08,0,0,0,0,1,0,0
EuroLeague,2019-2020,Round 5,2019-10-30,FC Bayern München,Real Madrid,95,86,71.5,132.9,120.3,120.3,132.9,3,7,-4,1,95,86,1,Real Madrid,1.25,91.0,75.0,73.1,124.5,102.6,21.9,1.0,78.0,78.0,72.0,108.0,108.0,0.0,0.5,21.9,72.55,16.5,5.4,82.43,81.05,72.29,113.92,112.22,1.69,0.496,78.0,78.0,72.0,108.0,108.0,0.0,0.5,1.69,72.15,5.92,-4.22,80.62,76.4,71.69,112.33,106.51,5.82,0.619,78.0,78.0,72.0,108.0,108.0,0.0,0.5,5.82,71.84,4.33,1.49,85.26,73.74,71.65,118.92,102.85,16.06,0.695,78.0,78.0,72.0,108.0,108.0,0.0,0.5,16.06,71.82,10.92,5.15,85.83,74.96,72.05,119.05,103.95,15.1,0.731,78.0,78.0,72.0,108.0,108.0,0.0,0.5,15.1,72.02,11.05,4.05,84.01,75.38,71.99,116.6,104.61,11.98,0.656,78.0,78.0,72.0,108.0,108.0,0.0,0.5,11.98,72.0,8.6,3.39,83.82,75.48,72.02,116.31,104.72,11.59,0.678,78.0,78.0,72.0,108.0,108.0,0.0,0.5,11.59,72.01,8.31,3.28,83.48,74.8,71.99,115.89,103.83,12.06,0.696,78.0,78.0,72.0,108.0,108.0,0.0,0.5,12.06,71.99,7.89,4.17,84.49,74.07,72.14,116.98,102.67,14.32,0.708,78.0,78.0,72.0,108.0,108.0,0.0,0.5,14.32,72.07,8.98,5.33,84.49,74.07,72.14,116.98,102.67,14.32,0.708,78.0,78.0,72.0,108.0,108.0,0.0,0.5,14.32,72.07,8.98,5.33,0,0,0,1,0,0,1
EuroLeague,2019-2020,Round 6,2019-11-01,KIROLBET Baskonia Vitoria-Gasteiz,FC Bayern München,93,60,71.5,130.1,83.9,83.9,130.1,7,2,5,0,60,93,0,KIROLBET Baskonia Vitoria-Gasteiz,1.25,78.0,78.0,72.0,108.0,108.0,0.0,0.5,95.0,86.0,71.5,132.9,120.3,12.6,1.0,-12.6,71.75,-12.3,24.9,78.0,78.0,72.0,108.0,108.0,0.0,0.5,93.42,81.67,72.13,129.59,113.33,16.26,1.0,-16.26,72.07,-5.33,21.59,78.0,78.0,72.0,108.0,108.0,0.0,0.5,87.87,83.19,71.95,122.13,115.72,6.41,0.714,-6.41,71.98,-7.72,14.13,78.0,78.0,72.0,108.0,108.0,0.0,0.5,85.88,79.91,71.62,119.85,111.56,8.3,0.758,-8.3,71.81,-3.56,11.85,78.0,78.0,72.0,108.0,108.0,0.0,0.5,88.34,77.62,71.6,123.34,108.37,14.97,0.791,-14.97,71.8,-0.37,15.34,78.0,78.0,72.0,108.0,108.0,0.0,0.5,88.48,78.16,71.89,123.05,108.68,14.38,0.809,-14.38,71.94,-0.68,15.05,78.0,78.0,72.0,108.0,108.0,0.0,0.5,86.95,78.22,71.86,120.96,108.81,12.15,0.748,-12.15,71.93,-0.81,12.96,78.0,78.0,72.0,108.0,108.0,0.0,0.5,86.68,78.16,71.89,120.55,108.7,11.85,0.76,-11.85,71.94,-0.7,12.55,78.0,78.0,72.0,108.0,108.0,0.0,0.5,86.29,77.54,71.87,120.04,107.85,12.19,0.771,-12.19,71.93,0.15,12.04,78.0,78.0,72.0,108.0,108.0,0.0,0.5,86.99,76.9,71.99,120.76,106.85,13.91,0.777,-13.91,71.99,1.15,12.76,0,1,1,1,0,0,1
BBL,2019-2020,Round 5,2019-11-03,FC Bayern München,Würzburg Baskets,71,60,68.5,103.6,87.6,87.6,103.6,2,7,-5,1,71,60,1,Würzburg Baskets,1.0,60.0,93.0,71.5,83.9,130.1,-46.2,0.0,78.0,78.0,72.0,108.0,108.0,0.0,0.5,-46.2,71.75,-24.1,-22.1,75.82,89.84,71.5,106.05,125.67,-19.62,0.452,78.0,78.0,72.0,108.0,108.0,0.0,0.5,-19.62,71.75,-1.95,-17.67,79.27,86.47,71.86,110.24,120.43,-10.19,0.576,78.0,78.0,72.0,108.0,108.0,0.0,0.5,-10.19,71.93,2.24,-12.43,78.28,86.57,71.8,108.98,120.67,-11.69,0.468,78.0,78.0,72.0,108.0,108.0,0.0,0.5,-11.69,71.9,0.98,-12.67,77.93,83.93,71.58,108.81,117.25,-8.45,0.525,78.0,78.0,72.0,108.0,108.0,0.0,0.5,-8.45,71.79,0.81,-9.25,80.49,81.88,71.57,112.41,114.39,-1.98,0.572,78.0,78.0,72.0,108.0,108.0,0.0,0.5,-1.98,71.79,4.41,-6.39,81.09,82.01,71.79,112.89,114.24,-1.35,0.599,78.0,78.0,72.0,108.0,108.0,0.0,0.5,-1.35,71.89,4.89,-6.24,80.35,81.84,71.77,111.88,114.03,-2.15,0.565,78.0,78.0,72.0,108.0,108.0,0.0,0.5,-2.15,71.89,3.88,-6.03,80.37,81.67,71.79,111.88,113.76,-1.88,0.58,78.0,78.0,72.0,108.0,108.0,0.0,0.5,-1.88,71.9,3.88,-5.76,80.29,81.07,71.78,111.79,112.93,-1.15,0.595,78.0,78.0,72.0,108.0,108.0,0.0,0.5,-1.15,71.89,3.79,-4.93,1,0,-1,0,1,0,1
EuroLeague,2019-2020,Round 7,2019-11-08,Fenerbahce Beko Istanbul,FC Bayern München,90,82,71.5,125.9,114.7,114.7,125.9,7,5,2,0,82,90,0,Fenerbahce Beko Istanbul,1.25,78.0,78.0,72.0,108.0,108.0,0.0,0.5,71.0,60.0,68.5,103.6,87.6,16.0,1.0,-16.0,70.25,20.4,-4.4,78.0,78.0,72.0,108.0,108.0,0.0,0.5,65.42,76.75,70.02,93.6,109.18,-15.58,0.492,15.58,71.01,-1.18,-14.4,78.0,78.0,72.0,108.0,108.0,0.0,0.5,74.15,79.48,70.46,105.2,112.46,-7.26,0.642,7.26,71.23,-4.46,-2.8,78.0,78.0,72.0,108.0,108.0,0.0,0.5,76.86,78.76,70.88,108.31,110.87,-2.57,0.7,2.57,71.44,-2.87,0.31,78.0,78.0,72.0,108.0,108.0,0.0,0.5,76.46,79.92,70.97,107.63,112.39,-4.76,0.601,4.76,71.49,-4.39,-0.37,78.0,78.0,72.0,108.0,108.0,0.0,0.5,76.34,78.44,70.87,107.61,110.45,-2.83,0.634,2.83,71.44,-2.45,-0.39,78.0,78.0,72.0,108.0,108.0,0.0,0.5,78.48,77.24,70.92,110.54,108.72,1.83,0.663,-1.83,71.46,-0.72,2.54,78.0,78.0,72.0,108.0,108.0,0.0,0.5,79.06,77.58,71.13,111.02,108.88,2.14,0.68,-2.14,71.56,-0.88,3.02,78.0,78.0,72.0,108.0,108.0,0.0,0.5,78.55,77.65,71.14,110.29,108.95,1.34,0.649,-1.34,71.57,-0.95,2.29,78.0,78.0,72.0,108.0,108.0,0.0,0.5,78.62,77.63,71.18,110.34,108.88,1.45,0.659,-1.45,71.59,-0.88,2.34,0,0,0,1,0,0,1
BBL,2019-2020,Round 6,2019-11-10,JobStairs GIESSEN 46ers,FC Bayern München,76,82,74.0,102.7,110.8,110.8,102.7,7,2,5,0,82,76,1,JobStairs GIESSEN 46ers,1.0,78.0,78.0,72.0,108.0,108.0,0.0,0.5,82.0,90.0,71.5,114.7,125.9,-11.2,0.0,11.2,71.75,-17.9,6.7,78.0,78.0,72.0,108.0,108.0,0.0,0.5,77.74,78.4,70.34,110.41,111.08,-0.68,0.387,0.68,71.17,-3.08,2.41,78.0,78.0,72.0,108.0,108.0,0.0,0.5,72.69,82.56,70.67,102.85,116.51,-13.66,0.277,13.66,71.34,-8.51,-5.15,78.0,78.0,72.0,108.0,108.0,0.0,0.5,76.93,83.21,70.83,108.57,117.23,-8.66,0.414,8.66,71.41,-9.23,0.57,78.0,78.0,72.0,108.0,108.0,0.0,0.5,78.48,82.31,71.08,110.33,115.62,-5.29,0.479,5.29,71.54,-7.62,2.33,78.0,78.0,72.0,108.0,108.0,0.0,0.5,78.03,82.78,71.12,109.64,116.23,-6.59,0.431,6.59,71.56,-8.23,1.64,78.0,78.0,72.0,108.0,108.0,0.0,0.5,77.85,81.52,71.04,109.5,114.57,-5.07,0.465,5.07,71.52,-6.57,1.5,78.0,78.0,72.0,108.0,108.0,0.0,0.5,79.36,80.45,71.07,111.59,113.04,-1.45,0.496,1.45,71.53,-5.04,3.59,78.0,78.0,72.0,108.0,108.0,0.0,0.5,79.77,80.59,71.22,111.91,113.0,-1.09,0.515,1.09,71.61,-5.0,3.91,78.0,78.0,72.0,108.0,108.0,0.0,0.5,79.36,80.53,71.23,111.32,112.91,-1.59,0.497,1.59,71.61,-4.91,3.32,0,1,1,0,1,0,0
EuroLeague,2019-2020,Round 8,2019-11-15,Valencia Basket,FC Bayern München,82,56,71.5,114.7,78.3,78.3,114.7,7,5,2,0,56,82,0,Valencia Basket,1.25,78.0,78.0,72.0,108.0,108.0,0.0,0.5,82.0,76.0,74.0,110.8,102.7,8.1,1.0,-8.1,73.0,5.3,2.8,78.0,78.0,72.0,108.0,108.0,0.0,0.5,82.0,83.11,72.73,112.78,114.48,-1.7,0.492,1.7,72.37,-6.48,4.78,78.0,78.0,72.0,108.0,108.0,0.0,0.5,79.33,77.5,71.7,110.55,107.96,2.6,0.615,-2.6,71.85,0.04,2.55,78.0,78.0,72.0,108.0,108.0,0.0,0.5,75.46,80.6,71.66,105.22,112.39,-7.17,0.492,7.17,71.83,-4.39,-2.78,78.0,78.0,72.0,108.0,108.0,0.0,0.5,78.23,81.37,71.64,109.14,113.51,-4.37,0.564,4.37,71.82,-5.51,1.14,78.0,78.0,72.0,108.0,108.0,0.0,0.5,79.31,80.83,71.76,110.44,112.59,-2.15,0.601,2.15,71.88,-4.59,2.44,78.0,78.0,72.0,108.0,108.0,0.0,0.5,78.89,81.32,71.74,109.89,113.31,-3.42,0.554,3.42,71.87,-5.31,1.89,78.0,78.0,72.0,108.0,108.0,0.0,0.5,78.7,80.39,71.65,109.77,112.13,-2.36,0.575,2.36,71.82,-4.13,1.77,78.0,78.0,72.0,108.0,108.0,0.0,0.5,79.88,79.58,71.64,111.43,111.01,0.42,0.595,-0.42,71.82,-3.01,3.43,78.0,78.0,72.0,108.0,108.0,0.0,0.5,80.19,79.71,71.75,111.7,111.04,0.66,0.607,-0.66,71.87,-3.04,3.7,0,0,0,1,0,0,1
BBL,2019-2020,Round 7,2019-11-17,FC Bayern München,ratiopharm ulm,83,69,71.8,115.6,96.1,96.1,115.6,2,7,-5,1,83,69,1,ratiopharm ulm,1.0,56.0,82.0,71.5,78.3,114.7,-36.4,0.0,78.0,78.0,72.0,108.0,108.0,0.0,0.5,-36.4,71.75,-29.7,-6.7,66.06,79.68,72.47,90.87,110.06,-19.19,0.387,78.0,78.0,72.0,108.0,108.0,0.0,0.5,-19.19,72.23,-17.13,-2.06,70.6,82.62,72.19,97.67,114.58,-16.91,0.277,78.0,78.0,72.0,108.0,108.0,0.0,0.5,-16.91,72.1,-10.33,-6.58,70.66,79.17,71.63,98.57,110.46,-11.89,0.387,78.0,78.0,72.0,108.0,108.0,0.0,0.5,-11.89,71.81,-9.43,-2.46,69.22,81.05,71.61,96.58,113.13,-16.55,0.334,78.0,78.0,72.0,108.0,108.0,0.0,0.5,-16.55,71.81,-11.42,-5.13,71.81,81.55,71.6,100.24,113.85,-13.61,0.401,78.0,78.0,72.0,108.0,108.0,0.0,0.5,-13.61,71.8,-7.76,-5.85,72.99,81.15,71.69,101.73,113.16,-11.43,0.438,78.0,78.0,72.0,108.0,108.0,0.0,0.5,-11.43,71.85,-6.27,-5.16,73.05,81.49,71.68,101.83,113.66,-11.83,0.412,78.0,78.0,72.0,108.0,108.0,0.0,0.5,-11.83,71.84,-6.17,-5.66,73.12,80.78,71.61,102.04,112.76,-10.73,0.434,78.0,78.0,72.0,108.0,108.0,0.0,0.5,-10.73,71.81,-5.96,-4.76,74.22,80.15,71.61,103.58,111.88,-8.3,0.454,78.0,78.0,72.0,108.0,108.0,0.0,0.5,-8.3,71.8,-4.42,-3.88,1,0,-1,0,1,0,1
EuroLeague,2019-2020,Round 9,2019-11-19,FC Bayern München,Olympiacos Piraeus,85,82,71.5,118.9,114.7,114.7,118.9,2,7,-5,1,85,82,1,Olympiacos Piraeus,1.25,83.0,69.0,71.8,115.6,96.1,19.5,1.0,78.0,78.0,72.0,108.0,108.0,0.0,0.5,19.5,71.9,7.6,11.9,69.29,75.6,71.65,96.66,105.54,-8.88,0.492,78.0,78.0,72.0,108.0,108.0,0.0,0.5,-8.88,71.82,-11.34,2.46,72.38,75.7,72.22,100.09,104.85,-4.76,0.615,78.0,78.0,72.0,108.0,108.0,0.0,0.5,-4.76,72.11,-7.91,3.15,74.3,78.56,72.07,103.02,109.06,-6.05,0.492,78.0,78.0,72.0,108.0,108.0,0.0,0.5,-6.05,72.04,-4.98,-1.06,73.93,76.48,71.67,103.08,106.66,-3.58,0.549,78.0,78.0,72.0,108.0,108.0,0.0,0.5,-3.58,71.84,-4.92,1.34,72.49,78.19,71.66,101.09,109.09,-7.99,0.492,78.0,78.0,72.0,108.0,108.0,0.0,0.5,-7.99,71.83,-6.91,-1.09,74.26,78.8,71.64,103.6,109.97,-6.37,0.532,78.0,78.0,72.0,108.0,108.0,0.0,0.5,-6.37,71.82,-4.4,-1.97,75.08,78.62,71.71,104.62,109.61,-4.99,0.555,78.0,78.0,72.0,108.0,108.0,0.0,0.5,-4.99,71.86,-3.38,-1.61,75.02,79.01,71.7,104.56,110.18,-5.62,0.529,78.0,78.0,72.0,108.0,108.0,0.0,0.5,-5.62,71.85,-3.44,-2.18,75.02,78.52,71.65,104.65,109.55,-4.91,0.543,78.0,78.0,72.0,108.0,108.0,0.0,0.5,-4.91,71.82,-3.35,-1.55,1,0,-1,1,0,0,1
EuroLeague,2019-2020,Round 10,2019-11-22,FC Bayern München,Panathinaikos OPAP Athens,75,87,71.5,104.9,121.7,121.7,104.9,3,7,-4,1,75,87,0,Panathinaikos OPAP Athens,1.25,85.0,82.0,71.5,118.9,114.7,4.2,1.0,78.0,78.0,72.0,108.0,108.0,0.0,0.5,4.2,71.75,10.9,-6.7,84.2,76.83,71.62,117.59,107.31,10.28,1.0,78.0,78.0,72.0,108.0,108.0,0.0,0.5,10.28,71.81,9.59,0.69,76.0,78.33,71.58,106.17,109.46,-3.29,0.709,78.0,78.0,72.0,108.0,108.0,0.0,0.5,-3.29,71.79,-1.83,-1.46,76.93,77.97,71.96,106.88,108.41,-1.52,0.754,78.0,78.0,72.0,108.0,108.0,0.0,0.5,-1.52,71.98,-1.12,-0.41,77.63,79.63,71.9,107.96,110.82,-2.86,0.65,78.0,78.0,72.0,108.0,108.0,0.0,0.5,-2.86,71.95,-0.04,-2.82,77.1,78.06,71.62,107.61,108.96,-1.35,0.678,78.0,78.0,72.0,108.0,108.0,0.0,0.5,-1.35,71.81,-0.39,-0.96,75.8,79.2,71.61,105.81,110.57,-4.77,0.627,78.0,78.0,72.0,108.0,108.0,0.0,0.5,-4.77,71.81,-2.19,-2.57,76.93,79.6,71.61,107.41,111.15,-3.74,0.649,78.0,78.0,72.0,108.0,108.0,0.0,0.5,-3.74,71.8,-0.59,-3.15,77.45,79.43,71.66,108.04,110.83,-2.79,0.662,78.0,78.0,72.0,108.0,108.0,0.0,0.5,-2.79,71.83,0.04,-2.83,77.33,79.7,71.66,107.88,111.22,-3.35,0.638,78.0,78.0,72.0,108.0,108.0,0.0,0.5,-3.35,71.83,-0.12,-3.22,0,0,0,1,0,0,0
EuroLeague,2019-2020,Round 11,2019-11-29,Anadolu Efes Istanbul,FC Bayern München,104,75,71.5,145.5,104.9,104.9,145.5,7,7,0,0,75,104,0,Anadolu Efes Istanbul,1.25,78.0,78.0,72.0,108.0,108.0,0.0,0.5,75.0,87.0,71.5,104.9,121.7,-16.8,0.0,16.8,71.75,-13.7,-3.1,78.0,78.0,72.0,108.0,108.0,0.0,0.5,79.48,84.76,71.5,111.18,118.56,-7.39,0.448,7.39,71.75,-10.56,3.18,78.0,78.0,72.0,108.0,108.0,0.0,0.5,80.29,81.16,71.57,112.19,113.43,-1.25,0.574,1.25,71.78,-5.43,4.19,78.0,78.0,72.0,108.0,108.0,0.0,0.5,75.66,81.32,71.56,105.73,113.68,-7.95,0.465,7.95,71.78,-5.68,-2.27,78.0,78.0,72.0,108.0,108.0,0.0,0.5,76.34,80.75,71.82,106.27,112.5,-6.22,0.522,6.22,71.91,-4.5,-1.73,78.0,78.0,72.0,108.0,108.0,0.0,0.5,76.9,81.67,71.79,107.11,113.83,-6.72,0.47,6.72,71.89,-5.83,-0.89,78.0,78.0,72.0,108.0,108.0,0.0,0.5,76.55,80.39,71.59,106.91,112.28,-5.38,0.502,5.38,71.8,-4.28,-1.09,78.0,78.0,72.0,108.0,108.0,0.0,0.5,75.6,81.11,71.59,105.58,113.31,-7.72,0.473,7.72,71.79,-5.31,-2.42,78.0,78.0,72.0,108.0,108.0,0.0,0.5,76.48,81.34,71.58,106.82,113.62,-6.8,0.497,6.8,71.79,-5.62,-1.18,78.0,78.0,72.0,108.0,108.0,0.0,0.5,76.9,81.15,71.63,107.32,113.31,-5.98,0.511,5.98,71.81,-5.31,-0.68,0,0,0,1,0,0,1
EuroLeague,2019-2020,Round 12,2019-12-05,Maccabi FOX Tel Aviv,FC Bayern München,77,55,71.5,107.7,76.9,76.9,107.7,7,6,1,0,55,77,0,Maccabi FOX Tel Aviv,1.25,78.0,78.0,72.0,108.0,108.0,0.0,0.5,75.0,104.0,71.5,104.9,145.5,-40.6,0.0,40.6,71.75,-37.5,-3.1,78.0,78.0,72.0,108.0,108.0,0.0,0.5,75.0,96.63,71.5,104.9,135.18,-30.28,0.0,30.28,71.75,-27.18,-3.1,78.0,78.0,72.0,108.0,108.0,0.0,0.5,77.61,92.82,71.5,108.55,129.85,-21.3,0.261,21.3,71.75,-21.85,0.55,78.0,78.0,72.0,108.0,108.0,0.0,0.5,78.4,89.32,71.54,109.58,124.9,-15.31,0.369,15.31,71.77,-16.9,1.58,78.0,78.0,72.0,108.0,108.0,0.0,0.5,75.45,88.36,71.54,105.47,123.56,-18.08,0.321,18.08,71.77,-15.56,-2.53,78.0,78.0,72.0,108.0,108.0,0.0,0.5,75.96,87.42,71.73,105.88,121.96,-16.08,0.373,16.08,71.86,-13.96,-2.12,78.0,78.0,72.0,108.0,108.0,0.0,0.5,76.4,87.61,71.71,106.52,122.25,-15.72,0.345,15.72,71.86,-14.25,-1.48,78.0,78.0,72.0,108.0,108.0,0.0,0.5,76.16,86.39,71.57,106.4,120.72,-14.32,0.374,14.32,71.78,-12.72,-1.6,78.0,78.0,72.0,108.0,108.0,0.0,0.5,75.46,86.68,71.57,105.42,121.13,-15.71,0.358,15.71,71.78,-13.13,-2.58,78.0,78.0,72.0,108.0,108.0,0.0,0.5,76.13,86.65,71.56,106.37,121.1,-14.73,0.38,14.73,71.78,-13.1,-1.63,0,0,0,1,0,0,1
BBL,2019-2020,Round 8,2019-12-08,FC Bayern München,BG Göttingen,82,68,70.2,116.8,96.9,96.9,116.8,3,7,-4,1,82,68,1,BG Göttingen,1.0,55.0,77.0,71.5,76.9,107.7,-30.8,0.0,78.0,78.0,72.0,108.0,108.0,0.0,0.5,-30.8,71.75,-31.1,0.3,63.74,88.8,71.5,89.14,124.23,-35.08,0.0,78.0,78.0,72.0,108.0,108.0,0.0,0.5,-35.08,71.75,-18.86,-16.23,66.57,88.35,71.5,93.09,123.59,-30.5,0.0,78.0,78.0,72.0,108.0,108.0,0.0,0.5,-30.5,71.75,-14.91,-15.59,69.69,87.28,71.5,97.46,122.09,-24.63,0.169,78.0,78.0,72.0,108.0,108.0,0.0,0.5,-24.63,71.75,-10.54,-14.09,71.02,85.44,71.53,99.28,119.48,-20.19,0.253,78.0,78.0,72.0,108.0,108.0,0.0,0.5,-20.19,71.77,-8.72,-11.48,69.61,85.12,71.53,97.31,119.03,-21.72,0.229,78.0,78.0,72.0,108.0,108.0,0.0,0.5,-21.72,71.76,-10.69,-11.03,70.31,84.61,71.67,98.07,118.12,-20.05,0.272,78.0,78.0,72.0,108.0,108.0,0.0,0.5,-20.05,71.83,-9.93,-10.12,70.94,84.9,71.66,98.97,118.54,-19.57,0.257,78.0,78.0,72.0,108.0,108.0,0.0,0.5,-19.57,71.83,-9.03,-10.54,70.94,84.07,71.55,99.13,117.51,-18.38,0.282,78.0,78.0,72.0,108.0,108.0,0.0,0.5,-18.38,71.78,-8.87,-9.51,70.58,84.37,71.55,98.62,117.93,-19.31,0.273,78.0,78.0,72.0,108.0,108.0,0.0,0.5,-19.31,71.77,-9.38,-9.93,0,0,0,0,1,0,1
EuroLeague,2019-2020,Round 13,2019-12-13,FC Bayern München,Zenit St Petersburg,77,69,71.5,107.7,96.5,96.5,107.7,5,7,-2,1,77,69,1,Zenit St Petersburg,1.25,82.0,68.0,70.2,116.8,96.9,19.9,1.0,78.0,78.0,72.0,108.0,108.0,0.0,0.5,19.9,71.1,8.8,11.1,68.39,72.54,70.86,96.69,102.34,-5.65,0.496,78.0,78.0,72.0,108.0,108.0,0.0,0.5,-5.65,71.43,-11.31,5.66,70.25,81.39,71.04,99.0,114.48,-15.48,0.357,78.0,78.0,72.0,108.0,108.0,0.0,0.5,-15.48,71.52,-9.0,-6.48,71.09,82.38,71.12,100.05,115.76,-15.71,0.293,78.0,78.0,72.0,108.0,108.0,0.0,0.5,-15.71,71.56,-7.95,-7.76,72.84,82.33,71.17,102.42,115.63,-13.21,0.382,78.0,78.0,72.0,108.0,108.0,0.0,0.5,-13.21,71.58,-5.58,-7.63,73.62,81.31,71.22,103.43,114.13,-10.7,0.43,78.0,78.0,72.0,108.0,108.0,0.0,0.5,-10.7,71.61,-4.57,-6.13,72.33,81.36,71.24,101.59,114.17,-12.58,0.398,78.0,78.0,72.0,108.0,108.0,0.0,0.5,-12.58,71.62,-6.41,-6.17,72.76,81.12,71.36,102.0,113.67,-11.67,0.425,78.0,78.0,72.0,108.0,108.0,0.0,0.5,-11.67,71.68,-6.0,-5.67,73.16,81.51,71.36,102.55,114.2,-11.65,0.406,78.0,78.0,72.0,108.0,108.0,0.0,0.5,-11.65,71.68,-5.45,-6.2,73.1,80.94,71.29,102.58,113.49,-10.91,0.422,78.0,78.0,72.0,108.0,108.0,0.0,0.5,-10.91,71.64,-5.42,-5.49,0,0,0,1,0,0,1
BBL-Pokal,2019-2020,Quarterfinal,2019-12-14,FC Bayern München,Telekom Baskets Bonn,70,77,72.0,97.2,106.9,106.9,97.2,1,14,-13,1,70,77,0,Telekom Baskets Bonn,1.05,77.0,69.0,71.5,107.7,96.5,11.2,1.0,84.0,90.0,75.0,112.0,120.0,-8.0,0.0,19.2,73.25,-12.3,15.5,78.93,68.61,71.0,111.22,96.65,14.57,1.0,84.0,90.0,75.0,112.0,120.0,-8.0,0.0,22.57,73.0,-8.78,15.35,72.18,70.98,71.14,101.54,99.77,1.77,0.718,84.0,90.0,75.0,112.0,120.0,-8.0,0.0,9.77,73.07,-18.46,12.23,72.69,76.91,71.2,102.14,107.99,-5.85,0.589,84.0,90.0,75.0,112.0,120.0,-8.0,0.0,2.15,73.1,-17.86,4.01,72.97,78.13,71.24,102.48,109.65,-7.17,0.518,84.0,90.0,75.0,112.0,120.0,-8.0,0.0,0.83,73.12,-17.52,2.35,74.04,78.48,71.26,103.95,110.1,-6.15,0.561,84.0,90.0,75.0,112.0,120.0,-8.0,0.0,1.85,73.13,-16.05,1.9,74.54,77.95,71.29,104.6,109.32,-4.72,0.585,84.0,90.0,75.0,112.0,120.0,-8.0,0.0,3.28,73.15,-15.4,2.68,73.54,78.17,71.3,103.17,109.61,-6.45,0.553,84.0,90.0,75.0,112.0,120.0,-8.0,0.0,1.55,73.15,-16.83,2.39,73.82,78.1,71.39,103.42,109.38,-5.96,0.568,84.0,90.0,75.0,112.0,120.0,-8.0,0.0,2.04,73.2,-16.58,2.62,74.09,78.49,71.4,103.79,109.93,-6.14,0.55,84.0,90.0,75.0,112.0,120.0,-8.0,0.0,1.86,73.2,-16.21,2.07,1,0,-1,0,0,1,0
BBL,2019-2020,Round 9,2019-12-15,HAKRO Merlins Crailsheim,FC Bayern München,75,87,74.5,100.7,116.8,116.8,100.7,7,1,6,0,87,75,1,HAKRO Merlins Crailsheim,1.0,78.0,78.0,72.0,108.0,108.0,0.0,0.5,70.0,77.0,72.0,97.2,106.9,-9.7,0.0,9.7,72.0,1.1,-10.8,78.0,78.0,72.0,108.0,108.0,0.0,0.5,73.49,73.01,71.75,102.44,101.71,0.73,0.499,-0.73,71.88,6.29,-5.56,78.0,78.0,72.0,108.0,108.0,0.0,0.5,75.53,71.81,71.38,105.88,100.56,5.32,0.619,-5.32,71.69,7.44,-2.12,78.0,78.0,72.0,108.0,108.0,0.0,0.5,71.51,72.82,71.4,100.21,101.95,-1.74,0.498,1.74,71.7,6.05,-7.79,78.0,78.0,72.0,108.0,108.0,0.0,0.5,71.97,76.94,71.42,100.83,107.7,-6.87,0.432,6.87,71.71,0.3,-7.17,78.0,78.0,72.0,108.0,108.0,0.0,0.5,72.25,77.86,71.42,101.2,108.98,-7.78,0.393,7.78,71.71,-0.98,-6.8,78.0,78.0,72.0,108.0,108.0,0.0,0.5,73.14,78.15,71.43,102.43,109.38,-6.95,0.435,6.95,71.71,-1.38,-5.57,78.0,78.0,72.0,108.0,108.0,0.0,0.5,73.57,77.75,71.44,103.01,108.8,-5.79,0.46,5.79,71.72,-0.8,-4.99,78.0,78.0,72.0,108.0,108.0,0.0,0.5,72.81,77.93,71.45,101.94,109.05,-7.11,0.44,7.11,71.72,-1.05,-6.06,78.0,78.0,72.0,108.0,108.0,0.0,0.5,73.05,77.88,71.51,102.17,108.89,-6.71,0.455,6.71,71.76,-0.89,-5.83,0,1,1,0,1,0,0
EuroLeague,2019-2020,Round 14,2019-12-18,ALBA Berlin,FC Bayern München,76,77,71.5,106.3,107.7,107.7,106.3,7,3,4,0,77,76,1,ALBA Berlin,1.25,78.0,78.0,72.0,108.0,108.0,0.0,0.5,87.0,75.0,74.5,116.8,100.7,16.1,1.0,-16.1,73.25,7.3,8.8,78.0,78.0,72.0,108.0,108.0,0.0,0.5,79.05,75.94,73.33,107.63,103.6,4.03,0.532,-4.03,72.67,4.4,-0.37,78.0,78.0,72.0,108.0,108.0,0.0,0.5,78.4,73.73,72.75,107.65,101.34,6.31,0.681,-6.31,72.37,6.66,-0.35,78.0,78.0,72.0,108.0,108.0,0.0,0.5,79.0,72.77,72.32,109.18,100.6,8.58,0.734,-8.58,72.16,7.4,1.18,78.0,78.0,72.0,108.0,108.0,0.0,0.5,75.52,73.39,72.2,104.5,101.63,2.87,0.628,-2.87,72.1,6.37,-3.5,78.0,78.0,72.0,108.0,108.0,0.0,0.5,75.46,76.49,72.13,104.54,106.07,-1.54,0.564,1.54,72.07,1.93,-3.46,78.0,78.0,72.0,108.0,108.0,0.0,0.5,75.43,77.24,72.09,104.56,107.2,-2.64,0.524,2.64,72.04,0.8,-3.44,78.0,78.0,72.0,108.0,108.0,0.0,0.5,75.96,77.51,72.05,105.36,107.61,-2.26,0.55,2.26,72.03,0.39,-2.64,78.0,78.0,72.0,108.0,108.0,0.0,0.5,76.21,77.21,72.05,105.72,107.21,-1.49,0.566,1.49,72.02,0.79,-2.28,78.0,78.0,72.0,108.0,108.0,0.0,0.5,75.5,77.37,72.03,104.76,107.47,-2.71,0.546,2.71,72.01,0.53,-3.24,0,0,0,1,0,0,0
EuroLeague,2019-2020,Round 15,2019-12-20,FC Bayern München,FC Barcelona,67,77,71.5,93.7,107.7,107.7,93.7,2,7,-5,1,67,77,0,FC Barcelona,1.25,77.0,76.0,71.5,107.7,106.3,1.4,1.0,78.0,78.0,72.0,108.0,108.0,0.0,0.5,1.4,71.75,-0.3,1.7,80.94,75.61,72.68,111.29,104.09,7.19,1.0,78.0,78.0,72.0,108.0,108.0,0.0,0.5,7.19,72.34,3.29,3.91,78.13,75.96,72.51,107.66,104.82,2.85,0.743,78.0,78.0,72.0,108.0,108.0,0.0,0.5,2.85,72.25,-0.34,3.18,77.9,74.54,72.3,107.67,103.12,4.55,0.795,78.0,78.0,72.0,108.0,108.0,0.0,0.5,4.55,72.15,-0.33,4.88,78.36,73.8,72.06,108.71,102.41,6.3,0.819,78.0,78.0,72.0,108.0,108.0,0.0,0.5,6.3,72.03,0.71,5.59,75.94,74.13,72.0,105.41,102.96,2.45,0.734,78.0,78.0,72.0,108.0,108.0,0.0,0.5,2.45,72.0,-2.59,5.04,75.87,76.36,71.97,105.37,106.13,-0.76,0.679,78.0,78.0,72.0,108.0,108.0,0.0,0.5,-0.76,71.98,-2.63,1.87,75.82,76.93,71.94,105.34,106.98,-1.63,0.642,78.0,78.0,72.0,108.0,108.0,0.0,0.5,-1.63,71.97,-2.66,1.02,76.21,77.15,71.92,105.91,107.3,-1.39,0.657,78.0,78.0,72.0,108.0,108.0,0.0,0.5,-1.39,71.96,-2.09,0.7,76.39,76.93,71.92,106.18,107.0,-0.82,0.666,78.0,78.0,72.0,108.0,108.0,0.0,0.5,-0.82,71.96,-1.82,1.0,1,0,-1,1,0,0,0
BBL,2019-2020,Round 10,2019-12-22,FC Bayern München,RASTA Vechta,79,66,70.0,112.9,94.3,94.3,112.9,2,7,-5,1,79,66,1,RASTA Vechta,1.0,67.0,77.0,71.5,93.7,107.7,-14.0,0.0,78.0,78.0,72.0,108.0,108.0,0.0,0.5,-14.0,71.75,-14.3,0.3,71.52,76.55,71.5,100.03,107.07,-7.04,0.452,78.0,78.0,72.0,108.0,108.0,0.0,0.5,-7.04,71.75,-7.97,0.93,75.04,76.2,72.18,103.84,105.62,-1.78,0.576,78.0,78.0,72.0,108.0,108.0,0.0,0.5,-1.78,72.09,-4.16,2.38,74.2,76.33,72.15,102.73,105.83,-3.1,0.481,78.0,78.0,72.0,108.0,108.0,0.0,0.5,-3.1,72.08,-5.27,2.17,74.6,75.29,72.06,103.44,104.51,-1.07,0.554,78.0,78.0,72.0,108.0,108.0,0.0,0.5,-1.07,72.03,-4.56,3.49,75.21,74.69,71.91,104.54,103.88,0.66,0.591,78.0,78.0,72.0,108.0,108.0,0.0,0.5,0.66,71.95,-3.46,4.12,73.65,74.87,71.87,102.41,104.17,-1.77,0.546,78.0,78.0,72.0,108.0,108.0,0.0,0.5,-1.77,71.94,-5.59,3.83,73.72,76.51,71.85,102.55,106.51,-3.97,0.515,78.0,78.0,72.0,108.0,108.0,0.0,0.5,-3.97,71.93,-5.45,1.49,73.78,76.95,71.84,102.64,107.14,-4.5,0.493,78.0,78.0,72.0,108.0,108.0,0.0,0.5,-4.5,71.92,-5.36,0.86,74.14,77.11,71.83,103.18,107.39,-4.21,0.51,78.0,78.0,72.0,108.0,108.0,0.0,0.5,-4.21,71.91,-4.82,0.61,1,0,-1,0,1,0,1
BBL,2019-2020,Round 11,2019-12-26,Bamberg Baskets,FC Bayern München,76,82,72.5,104.8,113.1,113.1,104.8,7,4,3,0,82,76,1,Bamberg Baskets,1.0,78.0,78.0,72.0,108.0,108.0,0.0,0.5,79.0,66.0,70.0,112.9,94.3,18.6,1.0,-18.6,71.0,13.7,4.9,78.0,78.0,72.0,108.0,108.0,0.0,0.5,72.91,71.58,70.76,103.15,101.1,2.05,0.492,-2.05,71.38,6.9,-4.85,78.0,78.0,72.0,108.0,108.0,0.0,0.5,74.12,72.89,70.98,104.5,102.64,1.86,0.642,-1.86,71.49,5.36,-3.5,78.0,78.0,72.0,108.0,108.0,0.0,0.5,76.19,73.23,71.55,106.48,102.32,4.15,0.7,-4.15,71.77,5.68,-1.52,78.0,78.0,72.0,108.0,108.0,0.0,0.5,75.42,73.7,71.6,105.33,102.89,2.43,0.613,-2.43,71.8,5.11,-2.67,78.0,78.0,72.0,108.0,108.0,0.0,0.5,75.6,73.18,71.59,105.59,102.19,3.4,0.656,-3.4,71.8,5.81,-2.41,78.0,78.0,72.0,108.0,108.0,0.0,0.5,76.01,72.84,71.5,106.31,101.85,4.47,0.678,-4.47,71.75,6.15,-1.69,78.0,78.0,72.0,108.0,108.0,0.0,0.5,74.71,73.1,71.5,104.5,102.21,2.29,0.636,-2.29,71.75,5.79,-3.5,78.0,78.0,72.0,108.0,108.0,0.0,0.5,74.73,74.52,71.5,104.51,104.19,0.32,0.607,-0.32,71.75,3.81,-3.49,78.0,78.0,72.0,108.0,108.0,0.0,0.5,74.73,74.94,71.5,104.53,104.79,-0.26,0.586,0.26,71.75,3.21,-3.47,0,0,0,0,1,0,0
EuroLeague,2019-2020,Round 16,2019-12-27,FC Bayern München,Zalgiris Kaunas,73,98,71.5,102.1,137.1,137.1,102.1,1,7,-6,1,73,98,0,Zalgiris Kaunas,1.25,82.0,76.0,72.5,113.1,104.8,8.3,1.0,78.0,78.0,72.0,108.0,108.0,0.0,0.5,8.3,72.25,5.1,3.2,80.67,71.55,71.39,113.01,100.13,12.88,1.0,78.0,78.0,72.0,108.0,108.0,0.0,0.5,12.88,71.69,5.01,7.87,76.37,73.27,71.42,106.94,102.51,4.43,0.686,78.0,78.0,72.0,108.0,108.0,0.0,0.5,4.43,71.71,-1.06,5.49,76.5,73.83,71.44,107.1,103.29,3.81,0.75,78.0,78.0,72.0,108.0,108.0,0.0,0.5,3.81,71.72,-0.9,4.71,77.74,73.97,71.8,108.24,102.99,5.26,0.78,78.0,78.0,72.0,108.0,108.0,0.0,0.5,5.26,71.9,0.24,5.01,77.01,74.25,71.82,107.2,103.35,3.85,0.707,78.0,78.0,72.0,108.0,108.0,0.0,0.5,3.85,71.91,-0.8,4.65,77.01,73.8,71.79,107.25,102.77,4.48,0.732,78.0,78.0,72.0,108.0,108.0,0.0,0.5,4.48,71.9,-0.75,5.23,77.27,73.5,71.71,107.74,102.46,5.27,0.745,78.0,78.0,72.0,108.0,108.0,0.0,0.5,5.27,71.86,-0.26,5.54,76.16,73.68,71.7,106.21,102.72,3.49,0.709,78.0,78.0,72.0,108.0,108.0,0.0,0.5,3.49,71.85,-1.79,5.28,76.12,74.8,71.69,106.16,104.31,1.85,0.682,78.0,78.0,72.0,108.0,108.0,0.0,0.5,1.85,71.85,-1.84,3.69,1,0,-1,1,0,0,0
BBL,2019-2020,Round 12,2019-12-30,FC Bayern München,SYNTAINICS MBC,89,64,73.2,121.6,87.4,87.4,121.6,3,7,-4,1,89,64,1,SYNTAINICS MBC,1.0,73.0,98.0,71.5,102.1,137.1,-35.0,0.0,78.0,78.0,72.0,108.0,108.0,0.0,0.5,-35.0,71.75,-5.9,-29.1,76.61,89.17,71.9,106.51,124.14,-17.63,0.401,78.0,78.0,72.0,108.0,108.0,0.0,0.5,-17.63,71.95,-1.49,-16.14,77.19,83.54,71.44,108.07,116.89,-8.82,0.547,78.0,78.0,72.0,108.0,108.0,0.0,0.5,-8.82,71.72,0.07,-8.89,75.15,82.23,71.45,105.19,115.05,-9.86,0.437,78.0,78.0,72.0,108.0,108.0,0.0,0.5,-9.86,71.73,-2.81,-7.05,75.41,81.35,71.46,105.54,113.81,-8.26,0.517,78.0,78.0,72.0,108.0,108.0,0.0,0.5,-8.26,71.73,-2.46,-5.81,76.39,80.81,71.72,106.49,112.7,-6.21,0.558,78.0,78.0,72.0,108.0,108.0,0.0,0.5,-6.21,71.86,-1.51,-4.7,75.95,80.55,71.73,105.85,112.3,-6.45,0.519,78.0,78.0,72.0,108.0,108.0,0.0,0.5,-6.45,71.87,-2.15,-4.3,76.02,79.8,71.72,105.97,111.28,-5.31,0.55,78.0,78.0,72.0,108.0,108.0,0.0,0.5,-5.31,71.86,-2.03,-3.28,76.25,79.34,71.66,106.39,110.72,-4.33,0.568,78.0,78.0,72.0,108.0,108.0,0.0,0.5,-4.33,71.83,-1.61,-2.72,75.44,79.25,71.65,105.27,110.6,-5.34,0.546,78.0,78.0,72.0,108.0,108.0,0.0,0.5,-5.34,71.83,-2.73,-2.6,0,0,0,0,1,0,1
EuroLeague,2019-2020,Round 17,2020-01-02,Crvena Zvezda mts Belgrade,FC Bayern München,93,63,71.5,130.1,88.1,88.1,130.1,7,3,4,0,63,93,0,Crvena Zvezda mts Belgrade,1.25,78.0,78.0,72.0,108.0,108.0,0.0,0.5,89.0,64.0,73.2,121.6,87.4,34.2,1.0,-34.2,72.6,20.6,13.6,78.0,78.0,72.0,108.0,108.0,0.0,0.5,80.94,81.13,72.34,111.77,112.44,-0.67,0.496,0.67,72.17,-4.44,3.77,78.0,78.0,72.0,108.0,108.0,0.0,0.5,81.21,79.84,72.38,112.11,110.52,1.59,0.623,-1.59,72.19,-2.52,4.11,78.0,78.0,72.0,108.0,108.0,0.0,0.5,80.83,77.51,71.98,112.24,107.79,4.45,0.687,-4.45,71.99,0.21,4.24,78.0,78.0,72.0,108.0,108.0,0.0,0.5,78.79,77.44,71.91,109.5,107.78,1.73,0.585,-1.73,71.96,0.22,1.5,78.0,78.0,72.0,108.0,108.0,0.0,0.5,78.6,77.28,71.87,109.31,107.62,1.69,0.63,-1.69,71.93,0.38,1.31,78.0,78.0,72.0,108.0,108.0,0.0,0.5,79.15,77.13,72.04,109.8,107.16,2.64,0.655,-2.64,72.02,0.84,1.8,78.0,78.0,72.0,108.0,108.0,0.0,0.5,78.65,77.12,72.04,109.11,107.15,1.96,0.619,-1.96,72.02,0.85,1.11,78.0,78.0,72.0,108.0,108.0,0.0,0.5,78.56,76.7,72.01,109.04,106.59,2.44,0.638,-2.44,72.01,1.41,1.04,78.0,78.0,72.0,108.0,108.0,0.0,0.5,78.67,76.43,71.95,109.28,106.29,3.0,0.65,-3.0,71.98,1.71,1.28,0,0,0,1,0,0,1
BBL,2019-2020,Round 13,2020-01-05,EWE Baskets Oldenburg,FC Bayern München,83,90,75.1,110.5,119.8,119.8,110.5,7,3,4,0,90,83,1,EWE Baskets Oldenburg,1.0,78.0,78.0,72.0,108.0,108.0,0.0,0.5,63.0,93.0,71.5,88.1,130.1,-42.0,0.0,42.0,71.75,-22.1,-19.9,78.0,78.0,72.0,108.0,108.0,0.0,0.5,73.24,81.57,72.17,101.3,113.28,-11.98,0.394,11.98,72.08,-5.28,-6.7,78.0,78.0,72.0,108.0,108.0,0.0,0.5,73.17,86.27,71.98,101.53,120.09,-18.56,0.281,18.56,71.99,-12.09,-6.47,78.0,78.0,72.0,108.0,108.0,0.0,0.5,74.59,84.62,72.06,103.39,117.63,-14.24,0.397,14.24,72.03,-9.63,-4.61,78.0,78.0,72.0,108.0,108.0,0.0,0.5,75.09,82.5,71.83,104.47,114.97,-10.5,0.466,10.5,71.91,-6.97,-3.53,78.0,78.0,72.0,108.0,108.0,0.0,0.5,74.24,81.92,71.79,103.34,114.21,-10.87,0.417,10.87,71.9,-6.21,-4.66,78.0,78.0,72.0,108.0,108.0,0.0,0.5,74.46,81.45,71.77,103.69,113.58,-9.89,0.463,9.89,71.88,-5.58,-4.31,78.0,78.0,72.0,108.0,108.0,0.0,0.5,75.08,81.13,71.9,104.33,112.94,-8.61,0.49,8.61,71.95,-4.94,-3.67,78.0,78.0,72.0,108.0,108.0,0.0,0.5,74.87,80.96,71.91,104.04,112.69,-8.65,0.469,8.65,71.95,-4.69,-3.96,78.0,78.0,72.0,108.0,108.0,0.0,0.5,74.96,80.48,71.89,104.18,112.04,-7.86,0.49,7.86,71.95,-4.04,-3.82,0,0,0,0,1,0,0
EuroLeague,2019-2020,Round 18,2020-01-10,FC Bayern München,CSKA Moscow,77,84,71.5,107.7,117.5,117.5,107.7,5,14,-9,1,77,84,0,CSKA Moscow,1.25,90.0,83.0,75.1,119.8,110.5,9.3,1.0,79.0,68.0,71.5,110.5,95.1,15.4,1.0,-6.1,73.3,24.7,0.0,76.39,88.04,73.29,103.83,120.38,-16.55,0.496,79.0,68.0,71.5,110.5,95.1,15.4,1.0,-31.95,72.39,8.73,-9.88,79.5,82.11,73.26,108.21,112.24,-4.03,0.62,79.0,68.0,71.5,110.5,95.1,15.4,1.0,-19.43,72.38,13.11,-1.74,78.2,85.29,72.91,106.99,117.22,-10.23,0.496,79.0,68.0,71.5,110.5,95.1,15.4,1.0,-25.63,72.21,11.89,-6.72,78.65,84.19,72.86,107.71,115.75,-8.04,0.556,79.0,68.0,71.5,110.5,95.1,15.4,1.0,-23.44,72.18,12.61,-5.25,78.68,82.62,72.61,108.16,113.9,-5.74,0.594,79.0,68.0,71.5,110.5,95.1,15.4,1.0,-21.14,72.06,13.06,-3.4,77.72,82.16,72.52,106.98,113.39,-6.41,0.546,79.0,68.0,71.5,110.5,95.1,15.4,1.0,-21.81,72.01,11.88,-2.89,77.68,81.77,72.46,107.02,112.94,-5.92,0.574,79.0,68.0,71.5,110.5,95.1,15.4,1.0,-21.32,71.98,11.92,-2.44,78.05,81.5,72.54,107.41,112.46,-5.05,0.591,79.0,68.0,71.5,110.5,95.1,15.4,1.0,-20.45,72.02,12.31,-1.96,77.78,81.35,72.52,107.06,112.27,-5.2,0.571,79.0,68.0,71.5,110.5,95.1,15.4,1.0,-20.6,72.01,11.96,-1.77,0,0,0,1,0,0,0
EuroLeague,2019-2020,Round 19,2020-01-15,Panathinaikos OPAP Athens,FC Bayern München,98,83,71.5,137.1,116.1,116.1,137.1,14,5,9,0,83,98,0,Panathinaikos OPAP Athens,1.25,87.0,75.0,71.5,121.7,104.9,16.8,1.0,77.0,84.0,71.5,107.7,117.5,-9.8,0.0,26.6,71.5,4.2,2.8,87.0,75.0,71.5,121.7,104.9,16.8,1.0,82.03,83.61,72.89,112.38,114.79,-2.41,0.387,19.21,72.2,6.91,7.48,87.0,75.0,71.5,121.7,104.9,16.8,1.0,76.66,86.26,72.5,105.53,119.11,-13.58,0.278,30.38,72.0,2.59,0.63,87.0,75.0,71.5,121.7,104.9,16.8,1.0,78.57,82.81,72.61,108.02,114.2,-6.17,0.39,22.97,72.05,7.5,3.12,87.0,75.0,71.5,121.7,104.9,16.8,1.0,77.82,84.88,72.46,107.22,117.31,-10.1,0.337,26.9,71.98,4.39,2.32,87.0,75.0,71.5,121.7,104.9,16.8,1.0,78.16,84.14,72.46,107.71,116.27,-8.56,0.392,25.36,71.98,5.43,2.81,87.0,75.0,71.5,121.7,104.9,16.8,1.0,78.22,83.0,72.31,108.03,114.89,-6.86,0.43,23.66,71.9,6.81,3.13,87.0,75.0,71.5,121.7,104.9,16.8,1.0,77.54,82.64,72.26,107.16,114.45,-7.29,0.404,24.09,71.88,7.25,2.26,87.0,75.0,71.5,121.7,104.9,16.8,1.0,77.51,82.32,72.22,107.19,114.07,-6.88,0.432,23.68,71.86,7.63,2.29,87.0,75.0,71.5,121.7,104.9,16.8,1.0,77.8,82.1,72.29,107.48,113.66,-6.19,0.449,22.99,71.9,8.04,2.58,0,0,0,1,0,0,1
EuroLeague,2019-2020,Round 20,2020-01-17,Olympiacos Piraeus,FC Bayern München,89,72,71.5,124.5,100.7,100.7,124.5,14,2,12,0,72,89,0,Olympiacos Piraeus,1.25,82.0,85.0,71.5,114.7,118.9,-4.2,0.0,83.0,98.0,71.5,116.1,137.1,-21.0,0.0,16.8,71.5,-22.4,-2.8,82.0,85.0,71.5,114.7,118.9,-4.2,0.0,80.35,91.83,71.5,112.4,128.46,-16.06,0.0,11.86,71.5,-13.76,-6.5,82.0,85.0,71.5,114.7,118.9,-4.2,0.0,82.45,89.91,72.28,114.01,124.55,-10.54,0.218,6.34,71.89,-9.85,-4.89,82.0,85.0,71.5,114.7,118.9,-4.2,0.0,78.93,90.47,72.14,109.32,125.55,-16.24,0.178,12.04,71.82,-10.85,-9.58,82.0,85.0,71.5,114.7,118.9,-4.2,0.0,79.99,87.68,72.25,110.61,121.54,-10.93,0.265,6.73,71.88,-6.84,-8.29,82.0,85.0,71.5,114.7,118.9,-4.2,0.0,79.32,88.68,72.18,109.79,123.04,-13.25,0.239,9.05,71.84,-8.34,-9.11,82.0,85.0,71.5,114.7,118.9,-4.2,0.0,79.48,87.91,72.2,109.99,121.93,-11.94,0.285,7.74,71.85,-7.23,-8.91,82.0,85.0,71.5,114.7,118.9,-4.2,0.0,79.46,86.89,72.1,110.12,120.65,-10.53,0.319,6.33,71.8,-5.95,-8.78,82.0,85.0,71.5,114.7,118.9,-4.2,0.0,78.89,86.44,72.07,109.37,120.06,-10.68,0.304,6.48,71.79,-5.36,-9.53,82.0,85.0,71.5,114.7,118.9,-4.2,0.0,78.82,86.06,72.05,109.31,119.56,-10.25,0.329,6.05,71.77,-4.86,-9.59,0,1,1,1,0,0,1
BBL,2019-2020,Round 14,2020-01-19,FC Bayern München,MHP RIESEN Ludwigsburg,77,81,71.0,108.5,114.1,114.1,108.5,2,7,-5,1,77,81,0,MHP RIESEN Ludwigsburg,1.0,72.0,89.0,71.5,100.7,124.5,-23.8,0.0,78.0,78.0,72.0,108.0,108.0,0.0,0.5,-23.8,71.75,-7.3,-16.5,76.97,93.07,71.5,107.66,130.2,-22.53,0.0,78.0,78.0,72.0,108.0,108.0,0.0,0.5,-22.53,71.75,-0.34,-22.2,76.98,90.69,71.5,107.67,126.86,-19.19,0.0,78.0,78.0,72.0,108.0,108.0,0.0,0.5,-19.19,71.75,-0.33,-18.86,78.83,89.59,72.01,109.4,124.53,-15.14,0.142,78.0,78.0,72.0,108.0,108.0,0.0,0.5,-15.14,72.01,1.4,-16.53,76.83,90.02,71.95,106.71,125.24,-18.53,0.124,78.0,78.0,72.0,108.0,108.0,0.0,0.5,-18.53,71.97,-1.29,-17.24,77.76,88.05,72.04,107.84,122.37,-14.53,0.191,78.0,78.0,72.0,108.0,108.0,0.0,0.5,-14.53,72.02,-0.16,-14.37,77.42,88.76,72.0,107.43,123.42,-15.99,0.177,78.0,78.0,72.0,108.0,108.0,0.0,0.5,-15.99,72.0,-0.57,-15.42,77.63,88.18,72.03,107.69,122.57,-14.88,0.215,78.0,78.0,72.0,108.0,108.0,0.0,0.5,-14.88,72.01,-0.31,-14.57,77.67,87.39,71.95,107.87,121.57,-13.7,0.242,78.0,78.0,72.0,108.0,108.0,0.0,0.5,-13.7,71.98,-0.13,-13.57,77.3,87.03,71.94,107.37,121.08,-13.71,0.234,78.0,78.0,72.0,108.0,108.0,0.0,0.5,-13.71,71.97,-0.63,-13.08,1,0,-1,0,1,0,0
EuroLeague,2019-2020,Round 21,2020-01-23,FC Bayern München,Maccabi FOX Tel Aviv,80,68,71.5,111.9,95.1,95.1,111.9,4,14,-10,1,80,68,1,Maccabi FOX Tel Aviv,1.25,77.0,81.0,71.0,108.5,114.1,-5.6,0.0,77.0,55.0,71.5,107.7,76.9,30.8,1.0,-36.4,71.25,31.6,-6.4,74.46,85.06,71.25,104.54,119.38,-14.84,0.0,77.0,55.0,71.5,107.7,76.9,30.8,1.0,-45.64,71.38,27.64,-11.68,76.98,88.88,71.33,107.95,124.61,-16.66,0.0,77.0,55.0,71.5,107.7,76.9,30.8,1.0,-47.46,71.41,31.05,-16.91,76.99,87.96,71.36,107.9,123.27,-15.36,0.0,77.0,55.0,71.5,107.7,76.9,30.8,1.0,-46.16,71.43,31.0,-15.57,78.37,87.43,71.76,109.17,121.91,-12.74,0.106,77.0,55.0,71.5,107.7,76.9,30.8,1.0,-43.54,71.63,32.27,-14.21,76.87,87.97,71.73,107.11,122.71,-15.59,0.096,77.0,55.0,71.5,107.7,76.9,30.8,1.0,-46.39,71.62,30.21,-15.01,77.59,86.54,71.82,107.98,120.6,-12.62,0.15,77.0,55.0,71.5,107.7,76.9,30.8,1.0,-43.42,71.66,31.08,-12.9,77.33,87.2,71.8,107.64,121.54,-13.9,0.141,77.0,55.0,71.5,107.7,76.9,30.8,1.0,-44.7,71.65,30.74,-13.84,77.5,86.79,71.83,107.84,120.93,-13.08,0.173,77.0,55.0,71.5,107.7,76.9,30.8,1.0,-43.88,71.66,30.94,-13.23,77.55,86.19,71.77,107.99,120.16,-12.18,0.197,77.0,55.0,71.5,107.7,76.9,30.8,1.0,-42.98,71.64,31.09,-12.46,0,0,0,1,0,0,1
BBL,2019-2020,Round 15,2020-01-26,ALBA Berlin,FC Bayern München,69,75,73.4,94.0,102.2,102.2,94.0,14,3,11,0,75,69,1,ALBA Berlin,1.0,76.0,77.0,71.5,106.3,107.7,-1.4,0.0,80.0,68.0,71.5,111.9,95.1,16.8,1.0,-18.2,71.5,11.2,4.2,76.0,77.0,71.5,106.3,107.7,-1.4,0.0,78.83,73.08,71.3,110.57,102.52,8.06,0.61,-9.46,71.4,3.78,2.87,76.0,77.0,71.5,106.3,107.7,-1.4,0.0,76.87,77.65,71.36,107.74,108.83,-1.09,0.435,-0.31,71.43,-2.53,0.04,76.0,77.0,71.5,106.3,107.7,-1.4,0.0,78.04,81.54,71.39,109.34,114.24,-4.9,0.351,3.5,71.44,-7.94,1.64,76.0,77.0,71.5,106.3,107.7,-1.4,0.0,77.91,81.86,71.4,109.12,114.67,-5.54,0.305,4.14,71.45,-8.37,1.42,76.0,77.0,71.5,106.3,107.7,-1.4,0.0,78.83,81.95,71.68,109.94,114.35,-4.41,0.358,3.01,71.59,-8.05,2.24,76.0,77.0,71.5,106.3,107.7,-1.4,0.0,77.69,82.75,71.67,108.37,115.48,-7.12,0.333,5.72,71.59,-9.18,0.67,76.0,77.0,71.5,106.3,107.7,-1.4,0.0,78.2,81.91,71.74,108.96,114.23,-5.27,0.362,3.87,71.62,-7.93,1.26,76.0,77.0,71.5,106.3,107.7,-1.4,0.0,77.97,82.61,71.73,108.66,115.22,-6.56,0.347,5.16,71.61,-8.92,0.96,76.0,77.0,71.5,106.3,107.7,-1.4,0.0,78.08,82.42,71.75,108.79,114.93,-6.14,0.365,4.74,71.63,-8.63,1.09,0,0,0,0,1,0,0
EuroLeague,2019-2020,Round 22,2020-01-30,AX Armani Exchange Milan,FC Bayern München,79,78,71.5,110.5,109.1,109.1,110.5,14,4,10,0,78,79,0,AX Armani Exchange Milan,1.25,64.0,78.0,71.5,89.5,109.1,-19.6,0.0,75.0,69.0,73.4,102.2,94.0,8.2,1.0,-27.8,72.45,-4.5,-6.9,64.0,78.0,71.5,89.5,109.1,-19.6,0.0,77.52,68.5,72.44,107.09,94.55,12.53,1.0,-32.13,71.97,-5.05,-2.01,64.0,78.0,71.5,89.5,109.1,-19.6,0.0,77.39,71.55,72.09,107.43,99.32,8.11,0.756,-27.71,71.8,-9.82,-1.67,64.0,78.0,71.5,89.5,109.1,-19.6,0.0,76.31,75.05,71.97,106.08,104.38,1.7,0.604,-21.3,71.74,-14.88,-3.02,64.0,78.0,71.5,89.5,109.1,-19.6,0.0,77.26,78.32,71.9,107.5,109.04,-1.53,0.518,-18.07,71.7,-19.54,-1.6,64.0,78.0,71.5,89.5,109.1,-19.6,0.0,77.23,78.89,71.86,107.52,109.89,-2.37,0.466,-17.23,71.68,-20.39,-1.58,64.0,78.0,71.5,89.5,109.1,-19.6,0.0,78.0,79.14,72.06,108.26,109.93,-1.67,0.498,-17.93,71.78,-20.43,-0.84,64.0,78.0,71.5,89.5,109.1,-19.6,0.0,77.14,79.93,72.03,107.1,111.08,-3.98,0.469,-15.62,71.76,-21.58,-2.0,64.0,78.0,71.5,89.5,109.1,-19.6,0.0,77.56,79.36,72.07,107.62,110.23,-2.61,0.488,-16.99,71.78,-20.73,-1.48,64.0,78.0,71.5,89.5,109.1,-19.6,0.0,77.4,80.01,72.05,107.43,111.18,-3.75,0.471,-15.85,71.77,-21.68,-1.67,0,0,0,1,0,0,1
BBL,2019-2020,Round 16,2020-02-02,FC Bayern München,SKYLINERS Frankfurt,82,63,68.9,119.0,91.4,91.4,119.0,3,14,-11,1,82,63,1,SKYLINERS Frankfurt,1.0,78.0,79.0,71.5,109.1,110.5,-1.4,0.0,77.0,81.0,72.4,106.4,111.9,-5.5,0.0,4.1,71.95,-2.8,-4.1,76.83,75.1,72.24,106.41,104.06,2.35,0.39,77.0,81.0,72.4,106.4,111.9,-5.5,0.0,7.85,72.32,-5.49,2.34,77.73,73.08,72.03,107.97,101.51,6.45,0.563,77.0,81.0,72.4,106.4,111.9,-5.5,0.0,11.95,72.22,-3.93,4.89,77.62,74.3,71.87,108.05,103.45,4.6,0.477,77.0,81.0,72.4,106.4,111.9,-5.5,0.0,10.1,72.14,-3.85,2.95,76.85,76.31,71.82,107.04,106.33,0.71,0.412,77.0,81.0,72.4,106.4,111.9,-5.5,0.0,6.21,72.11,-4.86,0.07,77.47,78.51,71.79,107.96,109.46,-1.49,0.37,77.0,81.0,72.4,106.4,111.9,-5.5,0.0,4.01,72.09,-3.94,-3.06,77.44,78.92,71.77,107.94,110.05,-2.11,0.342,77.0,81.0,72.4,106.4,111.9,-5.5,0.0,3.39,72.08,-3.96,-3.65,78.0,79.1,71.92,108.47,110.07,-1.6,0.372,77.0,81.0,72.4,106.4,111.9,-5.5,0.0,3.9,72.16,-3.43,-3.67,77.35,79.71,71.9,107.59,110.94,-3.35,0.356,77.0,81.0,72.4,106.4,111.9,-5.5,0.0,2.15,72.15,-4.31,-4.54,77.67,79.27,71.93,107.97,110.29,-2.32,0.373,77.0,81.0,72.4,106.4,111.9,-5.5,0.0,3.18,72.17,-3.93,-3.89,0,0,0,0,1,0,1
EuroLeague,2019-2020,Round 23,2020-02-04,LDLC ASVEL Villeurbanne,FC Bayern München,75,65,71.5,104.9,90.9,90.9,104.9,14,2,12,0,65,75,0,LDLC ASVEL Villeurbanne,1.25,63.0,104.0,71.5,88.1,145.5,-57.4,0.0,82.0,63.0,68.9,119.0,91.4,27.6,1.0,-85.0,70.2,-3.3,-26.5,63.0,104.0,71.5,88.1,145.5,-57.4,0.0,79.98,71.06,70.21,114.01,101.02,12.99,0.496,-70.39,70.86,-12.92,-31.49,63.0,104.0,71.5,88.1,145.5,-57.4,0.0,78.77,70.56,70.99,111.13,99.31,11.82,0.619,-69.22,71.24,-11.21,-34.37,63.0,104.0,71.5,88.1,145.5,-57.4,0.0,79.01,70.05,71.09,111.28,98.47,12.81,0.695,-70.21,71.29,-10.37,-34.22,63.0,104.0,71.5,88.1,145.5,-57.4,0.0,78.79,71.29,71.08,110.97,100.24,10.73,0.616,-68.13,71.29,-12.14,-34.53,63.0,104.0,71.5,88.1,145.5,-57.4,0.0,78.08,73.13,71.12,109.9,102.77,7.13,0.552,-64.53,71.31,-14.67,-35.6,63.0,104.0,71.5,88.1,145.5,-57.4,0.0,78.47,75.1,71.15,110.39,105.48,4.91,0.508,-62.31,71.33,-17.38,-35.11,63.0,104.0,71.5,88.1,145.5,-57.4,0.0,78.38,75.62,71.17,110.23,106.19,4.04,0.479,-61.44,71.34,-18.09,-35.27,63.0,104.0,71.5,88.1,145.5,-57.4,0.0,78.8,75.89,71.31,110.57,106.34,4.23,0.497,-61.63,71.41,-18.24,-34.93,63.0,104.0,71.5,88.1,145.5,-57.4,0.0,78.24,76.49,71.32,109.79,107.18,2.61,0.48,-60.01,71.41,-19.08,-35.71,0,1,1,1,0,0,1
EuroLeague,2019-2020,Round 24,2020-02-07,FC Bayern München,Valencia Basket,59,66,71.5,82.5,92.3,92.3,82.5,3,14,-11,1,59,66,0,Valencia Basket,1.25,65.0,75.0,71.5,90.9,104.9,-14.0,0.0,82.0,56.0,71.5,114.7,78.3,36.4,1.0,-50.4,71.5,12.6,9.8,71.76,70.23,70.47,102.07,99.53,2.54,0.398,82.0,56.0,71.5,114.7,78.3,36.4,1.0,-33.86,70.98,23.77,15.17,73.55,72.75,70.76,104.09,102.69,1.41,0.283,82.0,56.0,71.5,114.7,78.3,36.4,1.0,-34.99,71.13,25.79,12.01,73.78,72.17,71.17,103.8,101.34,2.46,0.395,82.0,56.0,71.5,114.7,78.3,36.4,1.0,-33.94,71.34,25.5,13.36,74.63,71.6,71.22,104.9,100.49,4.42,0.477,82.0,56.0,71.5,114.7,78.3,36.4,1.0,-31.98,71.36,26.6,14.21,74.82,72.36,71.2,105.19,101.58,3.61,0.439,82.0,56.0,71.5,114.7,78.3,36.4,1.0,-32.79,71.35,26.89,13.12,74.6,73.63,71.22,104.85,103.33,1.52,0.405,82.0,56.0,71.5,114.7,78.3,36.4,1.0,-34.88,71.36,26.55,11.37,75.1,75.08,71.24,105.52,105.34,0.18,0.381,82.0,56.0,71.5,114.7,78.3,36.4,1.0,-36.22,71.37,27.22,9.36,75.19,75.47,71.25,105.61,105.88,-0.27,0.364,82.0,56.0,71.5,114.7,78.3,36.4,1.0,-36.67,71.38,27.31,8.82,75.59,75.68,71.36,106.0,106.01,-0.0,0.382,82.0,56.0,71.5,114.7,78.3,36.4,1.0,-36.4,71.43,27.7,8.69,0,0,0,1,0,0,0
BBL,2019-2020,Round 17,2020-02-12,Basketball Löwen Braunschweig,FC Bayern München,65,75,70.1,92.7,107.0,107.0,92.7,14,5,9,0,75,65,1,Basketball Löwen Braunschweig,1.0,62.0,75.0,69.8,88.8,107.4,-18.6,0.0,59.0,66.0,71.5,82.5,92.3,-9.8,0.0,-8.8,70.65,-3.5,-24.9,62.0,75.0,69.8,88.8,107.4,-18.6,0.0,61.69,70.03,71.5,86.27,97.95,-11.68,0.0,-6.92,70.65,-9.15,-21.13,62.0,75.0,69.8,88.8,107.4,-18.6,0.0,66.33,68.43,70.91,93.74,96.45,-2.71,0.228,-15.89,70.35,-7.65,-13.66,62.0,75.0,69.8,88.8,107.4,-18.6,0.0,68.52,70.42,71.02,96.63,99.1,-2.47,0.185,-16.13,70.41,-10.3,-10.77,62.0,75.0,69.8,88.8,107.4,-18.6,0.0,69.22,70.27,71.27,97.23,98.55,-1.32,0.273,-17.28,70.54,-9.75,-10.17,62.0,75.0,69.8,88.8,107.4,-18.6,0.0,70.28,70.04,71.3,98.67,98.21,0.47,0.345,-19.07,70.55,-9.41,-8.73,62.0,75.0,69.8,88.8,107.4,-18.6,0.0,70.68,70.69,71.28,99.26,99.15,0.11,0.324,-18.71,70.54,-10.35,-8.14,62.0,75.0,69.8,88.8,107.4,-18.6,0.0,70.76,71.75,71.29,99.34,100.61,-1.27,0.305,-17.33,70.55,-11.81,-8.06,62.0,75.0,69.8,88.8,107.4,-18.6,0.0,71.31,72.94,71.3,100.1,102.27,-2.17,0.292,-16.43,70.55,-13.47,-7.3,62.0,75.0,69.8,88.8,107.4,-18.6,0.0,71.51,73.32,71.31,100.36,102.8,-2.43,0.282,-16.17,70.55,-14.0,-7.04,0,0,0,0,1,0,0
EuroLeague,2019-2020,Round 25,2020-02-21,FC Bayern München,Anadolu Efes Istanbul,63,88,71.5,88.1,123.1,123.1,88.1,9,14,-5,1,63,88,0,Anadolu Efes Istanbul,1.25,75.0,65.0,70.1,107.0,92.7,14.3,1.0,104.0,75.0,71.5,145.5,104.9,40.6,1.0,-26.3,70.8,2.1,52.8,67.06,65.5,70.79,94.84,92.5,2.34,0.504,104.0,75.0,71.5,145.5,104.9,40.6,1.0,-38.26,71.15,-10.06,53.0,66.47,68.23,71.0,93.71,96.07,-2.36,0.359,104.0,75.0,71.5,145.5,104.9,40.6,1.0,-42.96,71.25,-11.19,49.43,68.94,67.39,70.66,97.74,95.32,2.42,0.461,104.0,75.0,71.5,145.5,104.9,40.6,1.0,-38.18,71.08,-7.16,50.18,70.21,69.01,70.78,99.32,97.44,1.89,0.397,104.0,75.0,71.5,145.5,104.9,40.6,1.0,-38.71,71.14,-5.58,48.06,70.6,69.01,70.99,99.56,97.16,2.4,0.446,104.0,75.0,71.5,145.5,104.9,40.6,1.0,-38.2,71.25,-5.34,48.34,71.32,68.93,71.03,100.51,97.0,3.51,0.489,104.0,75.0,71.5,145.5,104.9,40.6,1.0,-37.09,71.27,-4.39,48.5,71.59,69.5,71.03,100.88,97.8,3.08,0.466,104.0,75.0,71.5,145.5,104.9,40.6,1.0,-37.52,71.27,-4.02,47.7,71.61,70.4,71.05,100.87,99.03,1.84,0.444,104.0,75.0,71.5,145.5,104.9,40.6,1.0,-38.76,71.28,-4.03,46.47,72.02,71.41,71.07,101.43,100.43,1.0,0.428,104.0,75.0,71.5,145.5,104.9,40.6,1.0,-39.6,71.28,-3.47,45.07,0,0,0,1,0,0,0
EuroLeague,2019-2020,Round 26,2020-02-27,Zenit St Petersburg,FC Bayern München,68,77,71.5,95.1,107.7,107.7,95.1,14,6,8,0,77,68,1,Zenit St Petersburg,1.25,69.0,77.0,71.5,96.5,107.7,-11.2,0.0,63.0,88.0,71.5,88.1,123.1,-35.0,0.0,23.8,71.5,-26.6,-19.6,69.0,77.0,71.5,96.5,107.7,-11.2,0.0,67.47,79.43,70.98,95.14,111.77,-16.63,0.373,5.43,71.24,-15.27,-12.56,69.0,77.0,71.5,96.5,107.7,-11.2,0.0,65.2,75.82,71.12,91.75,106.54,-14.79,0.273,3.59,71.31,-10.04,-15.95,69.0,77.0,71.5,96.5,107.7,-11.2,0.0,65.16,75.67,71.19,91.6,106.25,-14.65,0.224,3.45,71.34,-9.75,-16.1,69.0,77.0,71.5,96.5,107.7,-11.2,0.0,66.94,74.33,70.94,94.49,104.68,-10.18,0.306,-1.02,71.22,-8.18,-13.21,69.0,77.0,71.5,96.5,107.7,-11.2,0.0,68.01,74.79,71.0,95.91,105.24,-9.33,0.276,-1.87,71.25,-8.74,-11.79,69.0,77.0,71.5,96.5,107.7,-11.2,0.0,68.42,74.45,71.14,96.28,104.58,-8.31,0.318,-2.89,71.32,-8.08,-11.42,69.0,77.0,71.5,96.5,107.7,-11.2,0.0,69.07,74.09,71.16,97.15,104.05,-6.9,0.357,-4.3,71.33,-7.55,-10.55,69.0,77.0,71.5,96.5,107.7,-11.2,0.0,69.35,74.33,71.15,97.55,104.4,-6.85,0.344,-4.35,71.33,-7.9,-10.15,69.0,77.0,71.5,96.5,107.7,-11.2,0.0,69.44,74.83,71.17,97.66,105.09,-7.44,0.332,-3.76,71.33,-8.59,-10.04,0,0,0,1,0,0,0
BBL,2019-2020,Round 18,2020-03-01,FC Bayern München,medi bayreuth,91,79,74.2,122.6,106.5,106.5,122.6,3,14,-11,1,91,79,1,medi bayreuth,1.0,77.0,68.0,71.5,107.7,95.1,12.6,1.0,75.0,91.0,73.1,102.6,124.5,-21.9,0.0,34.5,72.3,-16.8,7.5,70.88,76.74,71.5,99.13,107.34,-8.21,0.563,75.0,91.0,73.1,102.6,124.5,-21.9,0.0,13.69,72.3,-25.37,-4.74,71.73,74.32,71.21,100.75,104.32,-3.57,0.653,75.0,91.0,73.1,102.6,124.5,-21.9,0.0,18.33,72.16,-23.75,-1.72,69.58,72.92,71.26,97.67,102.29,-4.62,0.543,75.0,91.0,73.1,102.6,124.5,-21.9,0.0,17.28,72.18,-26.83,0.31,69.03,73.17,71.29,96.85,102.61,-5.75,0.477,75.0,91.0,73.1,102.6,124.5,-21.9,0.0,16.15,72.19,-27.65,-0.01,69.98,72.42,71.11,98.49,101.78,-3.29,0.516,75.0,91.0,73.1,102.6,124.5,-21.9,0.0,18.61,72.11,-26.01,0.82,70.54,72.88,71.14,99.23,102.39,-3.16,0.48,75.0,91.0,73.1,102.6,124.5,-21.9,0.0,18.74,72.12,-25.27,0.21,70.73,72.71,71.24,99.35,102.03,-2.68,0.502,75.0,91.0,73.1,102.6,124.5,-21.9,0.0,19.22,72.17,-25.15,0.57,71.12,72.52,71.25,99.88,101.74,-1.87,0.523,75.0,91.0,73.1,102.6,124.5,-21.9,0.0,20.03,72.17,-24.62,0.86,71.27,72.74,71.24,100.1,102.06,-1.96,0.509,75.0,91.0,73.1,102.6,124.5,-21.9,0.0,19.94,72.17,-24.4,0.54,0,0,0,0,1,0,1
EuroLeague,2019-2020,Round 27,2020-03-04,FC Bayern München,KIROLBET Baskonia Vitoria-Gasteiz,71,80,71.5,99.3,111.9,111.9,99.3,3,14,-11,1,71,80,0,KIROLBET Baskonia Vitoria-Gasteiz,1.25,91.0,79.0,74.2,122.6,106.5,16.1,1.0,93.0,60.0,71.5,130.1,83.9,46.2,1.0,-30.1,72.85,38.7,23.6,83.95,73.46,72.84,115.09,100.76,14.34,1.0,93.0,60.0,71.5,130.1,83.9,46.2,1.0,-31.86,72.17,31.19,29.34,78.05,77.55,72.46,107.5,107.04,0.46,0.719,93.0,60.0,71.5,130.1,83.9,46.2,1.0,-45.74,71.98,23.6,23.06,77.62,75.75,72.12,107.43,104.99,2.44,0.759,93.0,60.0,71.5,130.1,83.9,46.2,1.0,-43.76,71.81,23.53,25.11,75.31,74.55,72.05,104.34,103.42,0.93,0.665,93.0,60.0,71.5,130.1,83.9,46.2,1.0,-45.27,71.77,20.44,26.68,74.37,74.59,72.0,103.12,103.55,-0.44,0.604,93.0,60.0,71.5,130.1,83.9,46.2,1.0,-46.64,71.75,19.22,26.55,74.8,73.93,71.82,104.02,102.86,1.16,0.627,93.0,60.0,71.5,130.1,83.9,46.2,1.0,-45.04,71.66,20.12,27.24,74.98,74.2,71.8,104.3,103.28,1.02,0.593,93.0,60.0,71.5,130.1,83.9,46.2,1.0,-45.18,71.65,20.4,26.82,74.98,74.03,71.86,104.23,102.97,1.26,0.606,93.0,60.0,71.5,130.1,83.9,46.2,1.0,-44.94,71.68,20.33,27.13,75.15,73.83,71.85,104.48,102.71,1.77,0.619,93.0,60.0,71.5,130.1,83.9,46.2,1.0,-44.43,71.67,20.58,27.39,0,0,0,1,0,0,0
EuroLeague,2019-2020,Round 28,2020-03-06,FC Barcelona,FC Bayern München,83,80,71.5,116.1,111.9,111.9,116.1,14,2,12,0,80,83,0,FC Barcelona,1.25,77.0,67.0,71.5,107.7,93.7,14.0,1.0,71.0,80.0,71.5,99.3,111.9,-12.6,0.0,26.6,71.5,-4.2,5.6,77.0,67.0,71.5,107.7,93.7,14.0,1.0,78.88,79.61,72.56,108.48,109.77,-1.29,0.394,15.29,72.03,-2.07,14.78,77.0,67.0,71.5,107.7,93.7,14.0,1.0,78.34,76.29,72.26,108.26,105.58,2.68,0.567,11.32,71.88,2.12,14.56,77.0,67.0,71.5,107.7,93.7,14.0,1.0,75.55,78.42,72.12,104.59,108.76,-4.17,0.464,18.17,71.81,-1.06,10.89,77.0,67.0,71.5,107.7,93.7,14.0,1.0,75.5,77.11,71.92,104.83,107.2,-2.37,0.516,16.37,71.71,0.5,11.13,77.0,67.0,71.5,107.7,93.7,14.0,1.0,74.05,76.14,71.89,102.87,105.89,-3.02,0.471,17.02,71.69,1.81,9.17,77.0,67.0,71.5,107.7,93.7,14.0,1.0,73.45,76.06,71.86,102.08,105.83,-3.75,0.44,17.75,71.68,1.87,8.38,77.0,67.0,71.5,107.7,93.7,14.0,1.0,73.81,75.51,71.74,102.79,105.22,-2.43,0.463,16.43,71.62,2.48,9.09,77.0,67.0,71.5,107.7,93.7,14.0,1.0,73.98,75.65,71.73,103.05,105.44,-2.39,0.444,16.39,71.61,2.26,9.35,77.0,67.0,71.5,107.7,93.7,14.0,1.0,74.01,75.48,71.77,103.02,105.14,-2.12,0.459,16.12,71.64,2.56,9.32,0,1,1,1,0,0,1
BBL,2019-2020,Round 19,2020-03-08,Würzburg Baskets,FC Bayern München,70,81,71.5,97.9,113.3,113.3,97.9,14,2,12,0,81,70,1,Würzburg Baskets,1.0,60.0,71.0,68.5,87.6,103.6,-16.0,0.0,80.0,83.0,71.5,111.9,116.1,-4.2,0.0,-11.8,70.0,-28.5,8.3,60.0,71.0,68.5,87.6,103.6,-16.0,0.0,75.93,81.64,71.5,106.2,114.2,-8.0,0.0,-8.0,70.0,-26.6,2.6,60.0,71.0,68.5,87.6,103.6,-16.0,0.0,79.35,81.04,72.11,109.93,112.45,-2.52,0.227,-13.48,70.31,-24.85,6.33,60.0,71.0,68.5,87.6,103.6,-16.0,0.0,78.91,78.6,72.0,109.51,109.2,0.31,0.372,-16.31,70.25,-21.6,5.91,60.0,71.0,68.5,87.6,103.6,-16.0,0.0,76.89,79.79,71.93,106.79,110.97,-4.18,0.325,-11.82,70.22,-23.37,3.19,60.0,71.0,68.5,87.6,103.6,-16.0,0.0,76.76,78.75,71.81,106.8,109.68,-2.88,0.372,-13.12,70.15,-22.08,3.2,60.0,71.0,68.5,87.6,103.6,-16.0,0.0,75.61,77.93,71.79,105.23,108.56,-3.33,0.348,-12.67,70.14,-20.96,1.63,60.0,71.0,68.5,87.6,103.6,-16.0,0.0,75.08,77.78,71.77,104.51,108.38,-3.86,0.331,-12.14,70.14,-20.78,0.91,60.0,71.0,68.5,87.6,103.6,-16.0,0.0,75.3,77.31,71.68,104.98,107.83,-2.86,0.352,-13.14,70.09,-20.23,1.38,60.0,71.0,68.5,87.6,103.6,-16.0,0.0,75.38,77.36,71.67,105.11,107.92,-2.81,0.341,-13.19,70.09,-20.32,1.51,0,1,1,0,1,0,0
BBL,2019-2020,Tournament Group,2020-06-06,FC Bayern München,ratiopharm ulm,85,95,76.0,111.8,125.0,125.0,111.8,14,14,0,1,85,95,0,ratiopharm ulm,1.0,81.0,70.0,71.5,113.3,97.9,15.4,1.0,69.0,83.0,71.8,96.1,115.6,-19.5,0.0,34.9,71.65,-2.3,-1.8,80.49,76.6,71.5,112.59,107.14,5.45,0.492,69.0,83.0,71.8,96.1,115.6,-19.5,0.0,24.95,71.65,-3.01,-11.04,77.69,77.6,71.5,108.67,108.54,0.12,0.347,69.0,83.0,71.8,96.1,115.6,-19.5,0.0,19.62,71.65,-6.93,-12.44,79.83,77.83,71.93,110.91,108.22,2.69,0.452,69.0,83.0,71.8,96.1,115.6,-19.5,0.0,22.19,71.87,-4.69,-12.12,79.44,76.45,71.87,110.46,106.37,4.09,0.529,69.0,83.0,71.8,96.1,115.6,-19.5,0.0,23.59,71.84,-5.14,-10.27,77.82,77.58,71.84,108.26,108.02,0.24,0.477,69.0,83.0,71.8,96.1,115.6,-19.5,0.0,19.74,71.82,-7.34,-11.92,77.66,76.89,71.74,108.19,107.17,1.02,0.506,69.0,83.0,71.8,96.1,115.6,-19.5,0.0,20.52,71.77,-7.41,-11.07,76.7,76.33,71.73,106.86,106.4,0.46,0.48,69.0,83.0,71.8,96.1,115.6,-19.5,0.0,19.96,71.76,-8.74,-10.3,76.23,76.27,71.72,106.22,106.34,-0.12,0.46,69.0,83.0,71.8,96.1,115.6,-19.5,0.0,19.38,71.76,-9.38,-10.24,76.38,75.93,71.65,106.55,105.96,0.59,0.474,69.0,83.0,71.8,96.1,115.6,-19.5,0.0,20.09,71.72,-9.05,-9.86,0,0,0,0,1,0,0
BBL,2019-2020,Tournament Group,2020-06-08,HAKRO Merlins Crailsheim,FC Bayern München,79,110,77.5,101.9,141.9,141.9,101.9,14,2,12,0,110,79,1,HAKRO Merlins Crailsheim,1.0,75.0,87.0,74.5,100.7,116.8,-16.1,0.0,85.0,95.0,76.0,111.8,125.0,-13.2,0.0,-2.9,75.25,-24.3,-5.0,75.0,87.0,74.5,100.7,116.8,-16.1,0.0,84.28,90.49,75.19,112.07,120.11,-8.04,0.181,-8.06,74.84,-19.41,-4.73,75.0,87.0,74.5,100.7,116.8,-16.1,0.0,83.61,89.31,74.61,112.04,119.48,-7.43,0.152,-8.67,74.55,-18.78,-4.76,75.0,87.0,74.5,100.7,116.8,-16.1,0.0,82.16,88.24,74.25,110.58,118.61,-8.03,0.135,-8.07,74.38,-17.91,-6.22,75.0,87.0,74.5,100.7,116.8,-16.1,0.0,82.77,87.6,74.25,111.42,117.77,-6.35,0.195,-9.75,74.37,-17.07,-5.38,75.0,87.0,74.5,100.7,116.8,-16.1,0.0,82.39,86.31,74.07,111.17,116.28,-5.11,0.248,-10.99,74.28,-15.58,-5.63,75.0,87.0,74.5,100.7,116.8,-16.1,0.0,81.45,86.39,73.94,110.05,116.61,-6.56,0.236,-9.54,74.22,-15.91,-6.75,75.0,87.0,74.5,100.7,116.8,-16.1,0.0,81.27,85.79,73.84,109.96,115.94,-5.97,0.257,-10.13,74.17,-15.24,-6.84,75.0,87.0,74.5,100.7,116.8,-16.1,0.0,80.67,85.26,73.77,109.22,115.3,-6.08,0.25,-10.02,74.14,-14.6,-7.58,75.0,87.0,74.5,100.7,116.8,-16.1,0.0,80.33,85.04,73.72,108.83,115.08,-6.25,0.245,-9.85,74.11,-14.38,-7.97,0,1,1,0,1,0,0
BBL,2019-2020,Tournament Group,2020-06-10,FC Bayern München,EWE Baskets Oldenburg,81,89,74.2,109.2,119.9,119.9,109.2,2,14,-12,1,81,89,0,EWE Baskets Oldenburg,1.0,110.0,79.0,77.5,141.9,101.9,40.0,1.0,83.0,90.0,75.1,110.5,119.8,-9.3,0.0,49.3,76.3,22.1,8.6,98.7,86.23,76.82,128.29,112.34,15.95,0.548,83.0,90.0,75.1,110.5,119.8,-9.3,0.0,25.25,75.96,8.49,-1.84,97.1,84.76,76.34,126.94,111.03,15.9,0.589,83.0,90.0,75.1,110.5,119.8,-9.3,0.0,25.2,75.72,7.14,-0.53,95.64,84.61,75.93,125.65,111.47,14.19,0.539,83.0,90.0,75.1,110.5,119.8,-9.3,0.0,23.49,75.51,5.85,-0.97,94.01,84.31,75.64,123.92,111.49,12.42,0.503,83.0,90.0,75.1,110.5,119.8,-9.3,0.0,21.72,75.37,4.12,-0.99,93.89,84.09,75.58,123.86,111.29,12.57,0.524,83.0,90.0,75.1,110.5,119.8,-9.3,0.0,21.87,75.34,4.06,-0.79,93.21,83.45,75.41,123.22,110.64,12.57,0.543,83.0,90.0,75.1,110.5,119.8,-9.3,0.0,21.87,75.26,3.42,-0.14,92.3,83.58,75.3,122.16,111.02,11.14,0.526,83.0,90.0,75.1,110.5,119.8,-9.3,0.0,20.44,75.2,2.36,-0.52,92.0,83.26,75.2,121.89,110.7,11.2,0.535,83.0,90.0,75.1,110.5,119.8,-9.3,0.0,20.5,75.15,2.09,-0.2,91.44,82.96,75.14,121.22,110.38,10.84,0.525,83.0,90.0,75.1,110.5,119.8,-9.3,0.0,20.14,75.12,1.42,0.12,1,0,-1,0,1,0,0
BBL,2019-2020,Tournament Group,2020-06-12,BG Göttingen,FC Bayern München,55,90,73.0,75.3,123.3,123.3,75.3,14,2,12,0,90,55,1,BG Göttingen,1.0,68.0,82.0,70.2,96.9,116.8,-19.9,0.0,81.0,89.0,74.2,109.2,119.9,-10.7,0.0,-9.2,72.2,-23.0,-7.6,68.0,82.0,70.2,96.9,116.8,-19.9,0.0,94.11,84.48,75.69,123.98,111.76,12.22,0.452,-32.12,72.95,-14.86,7.18,68.0,82.0,70.2,96.9,116.8,-19.9,0.0,91.63,87.34,75.78,120.67,115.36,5.31,0.329,-25.21,72.99,-18.46,3.87,68.0,82.0,70.2,96.9,116.8,-19.9,0.0,91.03,86.36,75.53,120.26,114.37,5.88,0.367,-25.78,72.87,-17.47,3.46,68.0,82.0,70.2,96.9,116.8,-19.9,0.0,90.43,86.17,75.31,119.8,114.47,5.33,0.347,-25.23,72.76,-17.57,3.0,68.0,82.0,70.2,96.9,116.8,-19.9,0.0,89.58,85.91,75.15,118.91,114.36,4.55,0.332,-24.45,72.67,-17.46,2.11,68.0,82.0,70.2,96.9,116.8,-19.9,0.0,89.62,85.72,75.12,119.01,114.14,4.87,0.35,-24.77,72.66,-17.24,2.21,68.0,82.0,70.2,96.9,116.8,-19.9,0.0,89.28,85.24,75.02,118.7,113.62,5.08,0.368,-24.98,72.61,-16.72,1.9,68.0,82.0,70.2,96.9,116.8,-19.9,0.0,88.74,85.29,74.95,118.07,113.82,4.25,0.36,-24.15,72.57,-16.92,1.27,68.0,82.0,70.2,96.9,116.8,-19.9,0.0,88.57,85.05,74.89,117.94,113.56,4.37,0.368,-24.27,72.55,-16.66,1.14,0,1,1,0,1,0,0
BBL,2019-2020,Quarterfinal G1,2020-06-17,MHP RIESEN Ludwigsburg,FC Bayern München,87,83,75.0,116.0,110.7,110.7,116.0,14,5,9,0,83,87,0,MHP RIESEN Ludwigsburg,1.0,81.0,77.0,71.0,114.1,108.5,5.6,1.0,90.0,55.0,73.0,123.3,75.3,48.0,1.0,-42.4,72.0,38.8,14.8,81.0,77.0,71.0,114.1,108.5,5.6,1.0,85.93,70.37,73.54,116.93,95.46,21.47,0.548,-15.87,72.27,18.64,8.43,81.0,77.0,71.0,114.1,108.5,5.6,1.0,92.47,72.71,74.62,123.71,97.21,26.5,0.671,-20.9,72.81,16.89,15.21,81.0,77.0,71.0,114.1,108.5,5.6,1.0,91.1,76.79,74.87,121.53,102.3,19.23,0.548,-13.63,72.94,11.8,13.03,81.0,77.0,71.0,114.1,108.5,5.6,1.0,90.71,76.53,74.74,121.21,102.13,19.09,0.566,-13.49,72.87,11.97,12.71,81.0,77.0,71.0,114.1,108.5,5.6,1.0,90.3,76.78,74.62,120.85,102.66,18.19,0.544,-12.59,72.81,11.44,12.35,81.0,77.0,71.0,114.1,108.5,5.6,1.0,89.71,76.88,74.52,120.19,102.95,17.24,0.527,-11.64,72.76,11.15,11.69,81.0,77.0,71.0,114.1,108.5,5.6,1.0,89.73,76.92,74.51,120.24,103.02,17.22,0.536,-11.62,72.76,11.08,11.74,81.0,77.0,71.0,114.1,108.5,5.6,1.0,89.48,76.74,74.45,119.99,102.86,17.13,0.545,-11.53,72.73,11.24,11.49,81.0,77.0,71.0,114.1,108.5,5.6,1.0,89.09,76.91,74.41,119.52,103.16,16.35,0.537,-10.75,72.71,10.94,11.02,0,0,0,0,1,0,1
BBL,2019-2020,Quarterfinal G2,2020-06-19,FC Bayern München,MHP RIESEN Ludwigsburg,73,73,72.0,101.4,101.4,101.4,101.4,2,2,0,1,73,73,0,MHP RIESEN Ludwigsburg,1.0,83.0,87.0,75.0,110.7,116.0,-5.3,0.0,87.0,83.0,75.0,116.0,110.7,5.3,1.0,-10.6,75.0,0.0,0.0,86.09,72.89,74.12,116.26,98.06,18.2,0.441,86.51,82.51,74.67,115.84,110.52,5.32,1.0,12.88,74.39,5.74,17.79,84.73,77.19,74.14,114.37,103.88,10.49,0.323,86.51,82.51,74.67,115.84,110.52,5.32,1.0,5.17,74.41,3.85,11.96,89.29,77.51,74.75,119.34,103.52,15.81,0.445,86.51,82.51,74.67,115.84,110.52,5.32,1.0,10.49,74.71,8.82,12.32,88.73,79.78,74.91,118.36,106.3,12.06,0.388,86.51,82.51,74.67,115.84,110.52,5.32,1.0,6.73,74.79,7.84,9.54,88.52,79.51,74.81,118.22,106.07,12.15,0.405,86.51,82.51,74.67,115.84,110.52,5.32,1.0,6.82,74.74,7.7,9.77,88.28,79.6,74.72,118.05,106.35,11.69,0.393,86.51,82.51,74.67,115.84,110.52,5.32,1.0,6.37,74.7,7.53,9.49,87.89,79.61,74.65,117.62,106.47,11.15,0.385,86.51,82.51,74.67,115.84,110.52,5.32,1.0,5.83,74.66,7.11,9.37,87.94,79.6,74.64,117.7,106.48,11.22,0.393,86.51,82.51,74.67,115.84,110.52,5.32,1.0,5.9,74.66,7.18,9.37,87.78,79.44,74.6,117.55,106.31,11.24,0.402,86.51,82.51,74.67,115.84,110.52,5.32,1.0,5.92,74.63,7.03,9.53,1,1,0,0,1,0,0
EuroLeague,2020-2021,Round 1,2020-10-02,FC Bayern München,AX Armani Exchange Milan,79,81,71.5,110.5,113.3,113.3,110.5,14,14,0,1,79,81,0,AX Armani Exchange Milan,1.25,73.0,73.0,72.0,101.4,101.4,0.0,0.0,79.0,78.0,71.5,110.5,109.1,1.4,1.0,-1.4,71.75,-7.7,9.1,77.52,79.33,73.36,105.6,108.0,-2.4,0.0,77.13,78.0,71.5,107.88,109.1,-1.22,0.875,-1.17,72.43,-3.5,-0.12,80.8,72.94,73.26,110.25,99.41,10.85,0.263,77.13,78.0,71.5,107.88,109.1,-1.22,0.875,12.07,72.38,1.15,8.47,80.84,75.8,73.43,110.07,103.06,7.01,0.216,77.13,78.0,71.5,107.88,109.1,-1.22,0.875,8.23,72.46,0.97,4.82,84.57,76.21,73.95,114.14,102.91,11.24,0.316,77.13,78.0,71.5,107.88,109.1,-1.22,0.875,12.46,72.73,5.04,4.97,84.61,78.0,74.15,113.92,105.02,8.9,0.286,77.13,78.0,71.5,107.88,109.1,-1.22,0.875,10.12,72.82,4.82,2.86,84.54,77.84,74.09,113.91,104.87,9.03,0.301,77.13,78.0,71.5,107.88,109.1,-1.22,0.875,10.26,72.8,4.81,3.0,84.44,77.95,74.04,113.87,105.11,8.76,0.295,77.13,78.0,71.5,107.88,109.1,-1.22,0.875,9.98,72.77,4.77,2.77,84.22,77.98,74.0,113.62,105.22,8.4,0.29,77.13,78.0,71.5,107.88,109.1,-1.22,0.875,9.62,72.75,4.52,2.66,84.29,77.99,74.0,113.72,105.24,8.48,0.297,77.13,78.0,71.5,107.88,109.1,-1.22,0.875,9.7,72.75,4.62,2.64,0,0,0,1,0,0,0
EuroLeague,2020-2021,Round 2,2020-10-09,ALBA Berlin,FC Bayern München,72,90,71.5,100.7,125.9,125.9,100.7,14,7,7,0,90,72,1,ALBA Berlin,1.25,69.0,75.0,73.4,94.0,102.2,-8.2,0.0,79.0,81.0,71.5,110.5,113.3,-2.8,0.0,-5.4,72.45,-19.3,8.3,71.6,75.74,72.69,98.57,104.25,-5.67,0.0,78.26,80.01,71.56,109.38,111.83,-2.45,0.0,-3.22,72.13,-13.26,5.13,71.6,75.74,72.69,98.57,104.25,-5.67,0.0,78.7,80.66,71.88,109.5,112.22,-2.72,0.0,-2.95,72.29,-13.64,5.25,71.6,75.74,72.69,98.57,104.25,-5.67,0.0,79.47,78.92,71.96,110.44,109.71,0.73,0.068,-6.4,72.32,-11.14,6.19,71.6,75.74,72.69,98.57,104.25,-5.67,0.0,79.55,79.45,72.07,110.37,110.25,0.12,0.064,-5.79,72.38,-11.68,6.13,71.6,75.74,72.69,98.57,104.25,-5.67,0.0,80.82,79.43,72.3,111.69,109.9,1.79,0.104,-7.46,72.5,-11.33,7.45,71.6,75.74,72.69,98.57,104.25,-5.67,0.0,80.96,79.95,72.43,111.7,110.41,1.29,0.1,-6.96,72.56,-11.83,7.45,71.6,75.74,72.69,98.57,104.25,-5.67,0.0,80.96,79.88,72.42,111.71,110.31,1.39,0.107,-7.07,72.56,-11.74,7.46,71.6,75.74,72.69,98.57,104.25,-5.67,0.0,80.96,79.9,72.41,111.71,110.36,1.35,0.106,-7.02,72.55,-11.78,7.46,71.6,75.74,72.69,98.57,104.25,-5.67,0.0,80.89,79.9,72.41,111.63,110.37,1.27,0.105,-6.94,72.55,-11.79,7.39,0,0,0,1,0,0,0
EuroLeague,2020-2021,Round 3,2020-10-14,Maccabi Playtika Tel Aviv,FC Bayern München,82,85,71.5,114.7,118.9,118.9,114.7,7,5,2,0,85,82,1,Maccabi Playtika Tel Aviv,1.25,78.0,78.0,72.0,108.0,108.0,0.0,0.5,90.0,72.0,71.5,125.9,100.7,25.2,1.0,-25.2,71.75,7.3,17.9,78.0,78.0,72.0,108.0,108.0,0.0,0.5,85.23,75.9,71.5,119.22,106.16,13.06,0.566,-13.06,71.75,1.84,11.22,78.0,78.0,72.0,108.0,108.0,0.0,0.5,84.53,75.73,71.53,118.2,105.89,12.31,0.534,-12.31,71.76,2.11,10.2,78.0,78.0,72.0,108.0,108.0,0.0,0.5,84.46,76.25,71.69,117.86,106.35,11.51,0.51,-11.51,71.84,1.65,9.86,78.0,78.0,72.0,108.0,108.0,0.0,0.5,84.65,75.51,71.73,118.05,105.28,12.77,0.527,-12.77,71.87,2.72,10.05,78.0,78.0,72.0,108.0,108.0,0.0,0.5,84.55,75.89,71.8,117.8,105.68,12.12,0.512,-12.12,71.9,2.32,9.8,78.0,78.0,72.0,108.0,108.0,0.0,0.5,85.12,75.95,71.93,118.34,105.6,12.74,0.523,-12.74,71.96,2.4,10.34,78.0,78.0,72.0,108.0,108.0,0.0,0.5,85.11,76.3,72.0,118.22,105.95,12.27,0.513,-12.27,72.0,2.05,10.22,78.0,78.0,72.0,108.0,108.0,0.0,0.5,85.1,76.27,72.0,118.2,105.91,12.29,0.515,-12.29,72.0,2.09,10.2,78.0,78.0,72.0,108.0,108.0,0.0,0.5,85.08,76.3,72.0,118.18,105.96,12.22,0.513,-12.22,72.0,2.04,10.18,0,0,0,1,0,0,0
EuroLeague,2020-2021,Round 4,2020-10-16,Fenerbahce Beko Istanbul,FC Bayern München,71,75,71.5,99.3,104.9,104.9,99.3,14,2,12,0,75,71,1,Fenerbahce Beko Istanbul,1.25,90.0,82.0,71.5,125.9,114.7,11.2,1.0,85.0,82.0,71.5,118.9,114.7,4.2,1.0,7.0,71.5,11.2,4.2,90.0,82.0,71.5,125.9,114.7,11.2,1.0,87.2,77.59,71.5,121.99,108.53,13.46,1.0,-2.26,71.5,17.37,7.29,90.0,82.0,71.5,125.9,114.7,11.2,1.0,85.13,78.45,71.5,119.09,109.73,9.36,0.748,1.84,71.5,16.17,4.39,90.0,82.0,71.5,125.9,114.7,11.2,1.0,84.72,78.26,71.52,118.48,109.45,9.04,0.722,2.16,71.51,16.45,3.78,90.0,82.0,71.5,125.9,114.7,11.2,1.0,84.67,78.5,71.61,118.27,109.63,8.64,0.702,2.56,71.56,16.27,3.57,90.0,82.0,71.5,125.9,114.7,11.2,1.0,84.78,78.01,71.64,118.37,108.9,9.48,0.709,1.72,71.57,17.0,3.67,90.0,82.0,71.5,125.9,114.7,11.2,1.0,84.72,78.19,71.69,118.22,109.09,9.13,0.696,2.07,71.59,16.81,3.52,90.0,82.0,71.5,125.9,114.7,11.2,1.0,85.07,78.21,71.77,118.55,108.99,9.56,0.701,1.64,71.63,16.91,3.85,90.0,82.0,71.5,125.9,114.7,11.2,1.0,85.07,78.4,71.82,118.47,109.17,9.3,0.693,1.9,71.66,16.73,3.77,90.0,82.0,71.5,125.9,114.7,11.2,1.0,85.06,78.38,71.82,118.46,109.14,9.32,0.693,1.88,71.66,16.76,3.76,0,1,1,1,0,0,0
BBL-Pokal,2020-2021,Group 1,2020-10-18,FC Bayern München,medi bayreuth,89,71,73.0,121.9,97.3,97.3,121.9,2,14,-12,1,89,71,1,medi bayreuth,1.05,75.0,71.0,71.5,104.9,99.3,5.6,1.0,79.0,91.0,74.2,106.5,122.6,-16.1,0.0,21.7,72.85,-17.7,7.2,79.52,75.97,71.5,111.23,106.26,4.97,1.0,78.54,91.0,74.07,106.06,122.82,-16.76,0.0,21.73,72.79,-11.59,-0.2,82.27,74.93,71.5,115.08,104.8,10.28,1.0,78.54,91.0,74.07,106.06,122.82,-16.76,0.0,27.04,72.79,-7.73,1.26,81.73,75.94,71.5,114.32,106.22,8.09,0.833,78.54,91.0,74.07,106.06,122.82,-16.76,0.0,24.85,72.79,-8.5,-0.17,81.52,75.88,71.51,114.02,106.11,7.91,0.813,78.54,91.0,74.07,106.06,122.82,-16.76,0.0,24.67,72.79,-8.8,-0.06,81.55,76.08,71.58,113.96,106.3,7.66,0.798,78.54,91.0,74.07,106.06,122.82,-16.76,0.0,24.42,72.83,-8.86,-0.24,81.67,75.78,71.6,114.09,105.85,8.25,0.801,78.54,91.0,74.07,106.06,122.82,-16.76,0.0,25.01,72.84,-8.72,0.21,81.67,75.94,71.63,114.03,106.01,8.02,0.792,78.54,91.0,74.07,106.06,122.82,-16.76,0.0,24.78,72.85,-8.78,0.04,81.94,75.96,71.68,114.3,105.97,8.33,0.794,78.54,91.0,74.07,106.06,122.82,-16.76,0.0,25.09,72.88,-8.51,0.08,81.96,76.11,71.72,114.28,106.12,8.16,0.787,78.54,91.0,74.07,106.06,122.82,-16.76,0.0,24.92,72.9,-8.53,-0.07,1,0,-1,0,0,1,1
EuroLeague,2020-2021,Round 5,2020-10-23,FC Bayern München,Olympiacos Piraeus,74,68,71.5,103.5,95.1,95.1,103.5,5,14,-9,1,74,68,1,Olympiacos Piraeus,1.25,89.0,71.0,73.0,121.9,97.3,24.6,1.0,89.0,72.0,71.5,124.5,100.7,23.8,1.0,0.8,72.25,21.2,27.2,82.06,71.0,72.26,113.48,98.29,15.19,1.0,87.18,75.38,71.5,121.95,105.43,16.53,0.74,-1.34,71.88,8.05,23.66,82.92,74.19,72.04,115.05,103.05,12.0,1.0,87.18,75.38,71.5,121.95,105.43,16.53,0.74,-4.53,71.77,9.62,18.9,84.23,73.78,71.94,117.07,102.61,14.46,1.0,87.18,75.38,71.5,121.95,105.43,16.53,0.74,-2.07,71.72,11.64,19.34,83.58,74.68,71.88,116.25,103.95,12.3,0.875,87.18,75.38,71.5,121.95,105.43,16.53,0.74,-4.22,71.69,10.82,18.01,83.4,74.65,71.88,115.99,103.9,12.09,0.86,87.18,75.38,71.5,121.95,105.43,16.53,0.74,-4.44,71.69,10.57,18.05,83.39,74.83,71.93,115.92,104.07,11.85,0.848,87.18,75.38,71.5,121.95,105.43,16.53,0.74,-4.68,71.71,10.49,17.88,83.47,74.61,71.94,116.0,103.76,12.24,0.85,87.18,75.38,71.5,121.95,105.43,16.53,0.74,-4.28,71.72,10.57,18.2,83.44,74.74,71.96,115.94,103.9,12.04,0.842,87.18,75.38,71.5,121.95,105.43,16.53,0.74,-4.49,71.73,10.51,18.05,83.64,74.77,72.0,116.13,103.89,12.24,0.843,87.18,75.38,71.5,121.95,105.43,16.53,0.74,-4.28,71.75,10.7,18.07,0,0,0,1,0,0,1
BBL-Pokal,2020-2021,Group 2,2020-10-24,HAKRO Merlins Crailsheim,FC Bayern München,63,80,71.5,88.1,111.9,111.9,88.1,14,1,13,0,80,63,1,HAKRO Merlins Crailsheim,1.05,79.0,110.0,77.5,101.9,141.9,-40.0,0.0,74.0,68.0,71.5,103.5,95.1,8.4,1.0,-48.4,74.5,6.8,-38.4,78.77,108.68,77.33,101.83,140.46,-38.63,0.0,79.98,69.2,72.1,110.83,95.98,14.86,1.0,-53.49,74.71,5.85,-29.63,78.77,108.68,77.33,101.83,140.46,-38.63,0.0,78.58,69.7,71.93,109.16,96.91,12.25,1.0,-50.89,74.63,4.92,-31.3,78.77,108.68,77.33,101.83,140.46,-38.63,0.0,79.79,72.02,71.85,111.0,100.26,10.74,1.0,-49.37,74.59,1.57,-29.47,78.77,108.68,77.33,101.83,140.46,-38.63,0.0,81.11,72.02,71.8,112.92,100.32,12.61,1.0,-51.24,74.57,1.51,-27.54,78.77,108.68,77.33,101.83,140.46,-38.63,0.0,80.92,72.83,71.78,112.71,101.49,11.22,0.91,-49.85,74.55,0.34,-27.76,78.77,108.68,77.33,101.83,140.46,-38.63,0.0,80.82,72.83,71.78,112.56,101.49,11.08,0.899,-49.71,74.55,0.35,-27.9,78.77,108.68,77.33,101.83,140.46,-38.63,0.0,80.84,72.97,71.81,112.55,101.63,10.91,0.889,-49.54,74.57,0.2,-27.92,78.77,108.68,77.33,101.83,140.46,-38.63,0.0,80.91,72.83,71.82,112.63,101.42,11.21,0.89,-49.84,74.57,0.41,-27.83,78.77,108.68,77.33,101.83,140.46,-38.63,0.0,80.91,72.93,71.84,112.61,101.54,11.06,0.884,-49.7,74.58,0.29,-27.86,0,1,1,0,0,1,0
EuroLeague,2020-2021,Round 6,2020-10-29,Real Madrid,FC Bayern München,100,82,71.5,139.9,114.7,114.7,139.9,14,5,9,0,82,100,0,Real Madrid,1.25,86.0,95.0,71.5,120.3,132.9,-12.6,0.0,80.0,63.0,71.5,111.9,88.1,23.8,1.0,-36.4,71.5,32.2,-21.0,86.0,95.0,71.5,120.3,132.9,-12.6,0.0,77.0,65.5,71.5,107.71,91.59,16.11,1.0,-28.71,71.5,28.71,-25.19,86.0,95.0,71.5,120.3,132.9,-12.6,0.0,79.99,66.86,71.87,111.23,93.01,18.22,1.0,-30.82,71.69,27.29,-21.67,86.0,95.0,71.5,120.3,132.9,-12.6,0.0,79.01,67.68,71.8,109.99,94.25,15.75,1.0,-28.35,71.65,26.05,-22.91,86.0,95.0,71.5,120.3,132.9,-12.6,0.0,79.84,69.67,71.76,111.23,97.09,14.14,1.0,-26.74,71.63,23.21,-21.67,86.0,95.0,71.5,120.3,132.9,-12.6,0.0,80.85,69.9,71.73,112.68,97.45,15.23,1.0,-27.83,71.62,22.85,-20.22,86.0,95.0,71.5,120.3,132.9,-12.6,0.0,80.72,70.68,71.72,112.53,98.57,13.96,0.93,-26.56,71.61,21.73,-20.37,86.0,95.0,71.5,120.3,132.9,-12.6,0.0,80.64,70.7,71.72,112.42,98.59,13.83,0.92,-26.43,71.61,21.71,-20.48,86.0,95.0,71.5,120.3,132.9,-12.6,0.0,80.66,70.84,71.75,112.41,98.73,13.67,0.913,-26.27,71.62,21.57,-20.49,86.0,95.0,71.5,120.3,132.9,-12.6,0.0,80.72,70.74,71.75,112.48,98.59,13.89,0.914,-26.49,71.63,21.71,-20.42,0,0,0,1,0,0,1
EuroLeague,2020-2021,Round 7,2020-11-06,FC Bayern München,Crvena Zvezda mts Belgrade,74,59,71.5,103.5,82.5,82.5,103.5,8,14,-6,1,74,59,1,Crvena Zvezda mts Belgrade,1.25,82.0,100.0,71.5,114.7,139.9,-25.2,0.0,93.0,63.0,71.5,130.1,88.1,42.0,1.0,-67.2,71.5,26.6,-9.8,81.2,85.26,71.5,113.58,119.26,-5.68,0.398,93.0,63.0,71.5,130.1,88.1,42.0,1.0,-47.68,71.5,25.48,10.84,79.16,80.35,71.5,110.72,112.39,-1.67,0.569,93.0,63.0,71.5,130.1,88.1,42.0,1.0,-43.67,71.5,22.62,17.71,80.72,78.87,71.74,112.49,110.0,2.49,0.638,93.0,63.0,71.5,130.1,88.1,42.0,1.0,-39.51,71.62,24.39,20.1,79.95,77.81,71.71,111.47,108.56,2.91,0.686,93.0,63.0,71.5,130.1,88.1,42.0,1.0,-39.09,71.6,23.37,21.54,80.45,78.23,71.69,112.21,109.17,3.04,0.718,93.0,63.0,71.5,130.1,88.1,42.0,1.0,-38.96,71.59,24.11,20.93,81.15,77.77,71.67,113.21,108.55,4.66,0.738,93.0,63.0,71.5,130.1,88.1,42.0,1.0,-37.34,71.59,25.11,21.55,81.04,77.94,71.66,113.07,108.81,4.26,0.699,93.0,63.0,71.5,130.1,88.1,42.0,1.0,-37.74,71.58,24.97,21.29,80.98,77.91,71.67,112.98,108.75,4.23,0.694,93.0,63.0,71.5,130.1,88.1,42.0,1.0,-37.77,71.58,24.88,21.35,80.99,77.96,71.69,112.97,108.79,4.17,0.69,93.0,63.0,71.5,130.1,88.1,42.0,1.0,-37.83,71.59,24.87,21.31,0,0,0,1,0,0,1
BBL,2020-2021,Round 1,2020-11-08,RASTA Vechta,FC Bayern München,78,90,74.0,105.4,121.6,121.6,105.4,14,2,12,0,90,78,1,RASTA Vechta,1.0,66.0,79.0,70.0,94.3,112.9,-18.6,0.0,74.0,59.0,71.5,103.5,82.5,21.0,1.0,-39.6,70.75,11.8,-9.4,66.0,79.0,70.0,94.3,112.9,-18.6,0.0,77.44,76.62,71.5,108.31,107.17,1.14,0.57,-19.74,70.75,-12.87,-4.59,66.0,79.0,70.0,94.3,112.9,-18.6,0.0,78.01,73.6,71.5,109.11,102.95,6.16,0.665,-24.76,70.75,-8.65,-3.79,66.0,79.0,70.0,94.3,112.9,-18.6,0.0,77.28,72.59,71.5,108.09,101.53,6.57,0.726,-25.17,70.75,-7.23,-4.81,66.0,79.0,70.0,94.3,112.9,-18.6,0.0,78.54,72.42,71.66,109.57,101.07,8.5,0.755,-27.1,70.83,-6.77,-3.33,66.0,79.0,70.0,94.3,112.9,-18.6,0.0,78.2,72.28,71.65,109.13,100.9,8.22,0.779,-26.82,70.82,-6.6,-3.77,66.0,79.0,70.0,94.3,112.9,-18.6,0.0,78.69,72.99,71.63,109.84,101.91,7.93,0.795,-26.53,70.82,-7.61,-3.06,66.0,79.0,70.0,94.3,112.9,-18.6,0.0,79.31,72.94,71.63,110.71,101.84,8.87,0.806,-27.47,70.81,-7.54,-2.19,66.0,79.0,70.0,94.3,112.9,-18.6,0.0,79.3,73.26,71.62,110.7,102.3,8.4,0.774,-27.0,70.81,-8.0,-2.2,66.0,79.0,70.0,94.3,112.9,-18.6,0.0,79.26,73.26,71.62,110.65,102.29,8.35,0.769,-26.95,70.81,-7.99,-2.25,0,1,1,0,1,0,0
EuroLeague,2020-2021,Round 8,2020-11-13,FC Bayern München,Valencia Basket,90,79,71.5,125.9,110.5,110.5,125.9,5,14,-9,1,90,79,1,Valencia Basket,1.25,90.0,78.0,74.0,121.6,105.4,16.2,1.0,66.0,59.0,71.5,92.3,82.5,9.8,1.0,6.4,72.75,39.1,-13.1,81.88,68.35,72.73,112.41,93.77,18.64,1.0,69.11,58.42,71.5,96.65,81.68,14.97,1.0,3.67,72.12,30.73,2.88,81.91,77.11,72.39,113.04,106.54,6.5,0.723,69.11,58.42,71.5,96.65,81.68,14.97,1.0,-8.46,71.95,31.36,-9.89,81.62,74.93,72.25,112.87,103.68,9.18,0.766,69.11,58.42,71.5,96.65,81.68,14.97,1.0,-5.78,71.88,31.18,-7.03,80.6,74.0,72.15,111.61,102.54,9.08,0.797,69.11,58.42,71.5,96.65,81.68,14.97,1.0,-5.89,71.83,29.93,-5.88,81.28,73.76,72.22,112.45,102.11,10.34,0.814,69.11,58.42,71.5,96.65,81.68,14.97,1.0,-4.63,71.86,30.77,-5.46,80.82,73.55,72.17,111.89,101.9,9.99,0.828,69.11,58.42,71.5,96.65,81.68,14.97,1.0,-4.98,71.83,30.21,-5.25,81.06,74.04,72.13,112.3,102.64,9.66,0.838,69.11,58.42,71.5,96.65,81.68,14.97,1.0,-5.31,71.81,30.61,-5.99,81.44,73.95,72.1,112.89,102.55,10.33,0.845,69.11,58.42,71.5,96.65,81.68,14.97,1.0,-4.64,71.8,31.2,-5.9,81.37,74.18,72.08,112.81,102.9,9.91,0.817,69.11,58.42,71.5,96.65,81.68,14.97,1.0,-5.06,71.79,31.13,-6.25,0,0,0,1,0,0,1
BBL,2020-2021,Round 2,2020-11-15,FC Bayern München,SKYLINERS Frankfurt,84,58,69.5,120.9,83.5,83.5,120.9,2,14,-12,1,84,58,1,SKYLINERS Frankfurt,1.0,90.0,79.0,71.5,125.9,110.5,15.4,1.0,63.0,82.0,68.9,91.4,119.0,-27.6,0.0,43.0,70.2,6.9,-19.1,90.0,78.61,72.47,124.24,108.53,15.71,1.0,64.75,81.88,69.34,93.27,118.11,-24.84,0.0,40.55,70.9,6.12,-15.25,85.44,73.02,72.19,118.32,101.11,17.22,1.0,64.75,81.88,69.34,93.27,118.11,-24.84,0.0,42.06,70.76,0.21,-7.83,84.83,77.79,72.07,117.68,107.97,9.71,0.823,64.75,81.88,69.34,93.27,118.11,-24.84,0.0,34.55,70.7,-0.43,-14.7,84.32,76.24,72.01,117.08,105.89,11.19,0.842,64.75,81.88,69.34,93.27,118.11,-24.84,0.0,36.03,70.67,-1.04,-12.61,83.35,75.46,71.96,115.79,104.86,10.93,0.857,64.75,81.88,69.34,93.27,118.11,-24.84,0.0,35.77,70.65,-2.32,-11.59,83.68,75.2,72.02,116.15,104.42,11.73,0.865,64.75,81.88,69.34,93.27,118.11,-24.84,0.0,36.57,70.68,-1.96,-11.15,83.2,74.97,71.99,115.54,104.14,11.4,0.872,64.75,81.88,69.34,93.27,118.11,-24.84,0.0,36.24,70.67,-2.58,-10.87,83.28,75.27,71.97,115.68,104.59,11.09,0.878,64.75,81.88,69.34,93.27,118.11,-24.84,0.0,35.93,70.65,-2.43,-11.32,83.5,75.16,71.96,116.02,104.47,11.55,0.882,64.75,81.88,69.34,93.27,118.11,-24.84,0.0,36.39,70.65,-2.1,-11.19,1,0,-1,0,1,0,1
EuroLeague,2020-2021,Round 9,2020-11-17,Anadolu Efes Istanbul,FC Bayern München,71,74,71.5,99.3,103.5,103.5,99.3,14,2,12,0,74,71,1,Anadolu Efes Istanbul,1.25,88.0,63.0,71.5,123.1,88.1,35.0,1.0,84.0,58.0,69.5,120.9,83.5,37.4,1.0,-2.4,70.5,39.6,32.8,91.11,65.33,71.5,127.45,91.36,36.09,1.0,87.05,68.66,70.52,123.44,97.21,26.23,1.0,9.86,71.01,30.24,32.07,91.11,65.33,71.5,127.45,91.36,36.09,1.0,87.76,70.93,71.36,122.99,99.19,23.8,1.0,12.29,71.43,28.26,31.63,91.11,65.33,71.5,127.45,91.36,36.09,1.0,85.01,68.54,71.39,119.09,95.85,23.24,1.0,12.85,71.44,31.6,27.73,91.11,65.33,71.5,127.45,91.36,36.09,1.0,84.61,72.66,71.4,118.52,101.63,16.89,0.869,19.2,71.45,25.82,27.15,91.11,65.33,71.5,127.45,91.36,36.09,1.0,84.25,71.89,71.41,117.99,100.55,17.44,0.879,18.65,71.46,26.91,26.62,91.11,65.33,71.5,127.45,91.36,36.09,1.0,83.49,71.6,71.42,116.92,100.14,16.77,0.888,19.31,71.46,27.31,25.56,91.11,65.33,71.5,127.45,91.36,36.09,1.0,83.75,71.58,71.49,117.15,100.01,17.14,0.894,18.95,71.5,27.44,25.79,91.11,65.33,71.5,127.45,91.36,36.09,1.0,83.36,71.55,71.49,116.62,99.98,16.63,0.898,19.45,71.5,27.47,25.25,91.11,65.33,71.5,127.45,91.36,36.09,1.0,83.42,71.91,71.49,116.7,100.49,16.2,0.902,19.89,71.5,26.96,25.33,0,1,1,1,0,0,0
EuroLeague,2020-2021,Round 10,2020-11-19,FC Bayern München,CSKA Moscow,81,89,71.5,113.3,124.5,124.5,113.3,2,14,-12,1,81,89,0,CSKA Moscow,1.25,74.0,71.0,71.5,103.5,99.3,4.2,1.0,84.0,77.0,71.5,117.5,107.7,9.8,1.0,-5.6,71.5,-4.2,18.2,77.98,65.83,70.7,110.42,93.02,17.4,1.0,83.12,75.41,71.5,116.27,105.48,10.79,1.0,6.61,71.1,4.94,23.25,81.47,69.66,70.94,114.92,98.1,16.82,1.0,83.12,75.41,71.5,116.27,105.48,10.79,1.0,6.03,71.22,9.44,18.17,82.79,70.95,71.41,115.95,99.23,16.72,1.0,83.12,75.41,71.5,116.27,105.48,10.79,1.0,5.94,71.46,10.47,17.03,81.58,69.31,71.42,114.24,96.93,17.31,1.0,83.12,75.41,71.5,116.27,105.48,10.79,1.0,6.52,71.46,8.76,19.34,81.62,72.19,71.43,114.28,100.97,13.31,0.906,83.12,75.41,71.5,116.27,105.48,10.79,1.0,2.52,71.47,8.8,15.3,81.53,71.65,71.43,114.14,100.22,13.93,0.911,83.12,75.41,71.5,116.27,105.48,10.79,1.0,3.14,71.47,8.66,16.05,81.11,71.45,71.44,113.55,99.93,13.62,0.916,83.12,75.41,71.5,116.27,105.48,10.79,1.0,2.83,71.47,8.07,16.33,81.39,71.44,71.49,113.85,99.84,14.01,0.919,83.12,75.41,71.5,116.27,105.48,10.79,1.0,3.22,71.5,8.37,16.43,81.17,71.42,71.49,113.55,99.82,13.73,0.922,83.12,75.41,71.5,116.27,105.48,10.79,1.0,2.94,71.5,8.07,16.45,1,0,-1,1,0,0,0
BBL,2020-2021,Round 3,2020-11-22,Telekom Baskets Bonn,FC Bayern München,71,89,73.2,97.0,121.6,121.6,97.0,14,3,11,0,89,71,1,Telekom Baskets Bonn,1.0,77.0,70.0,72.0,106.9,97.2,9.7,1.0,81.0,89.0,71.5,113.3,124.5,-11.2,0.0,20.9,71.75,-17.6,16.1,78.78,75.08,72.76,108.2,102.99,5.2,0.746,77.84,80.86,71.5,108.87,113.11,-4.24,0.452,9.44,72.13,-4.91,5.88,78.78,75.08,72.76,108.2,102.99,5.2,0.746,79.25,75.61,71.04,111.63,106.31,5.33,0.578,-0.12,71.9,1.89,8.64,78.78,75.08,72.76,108.2,102.99,5.2,0.746,81.31,76.26,71.13,114.37,107.11,7.26,0.659,-2.05,71.95,1.09,11.38,78.78,75.08,72.76,108.2,102.99,5.2,0.746,82.25,76.45,71.44,115.15,106.93,8.22,0.696,-3.02,72.1,1.27,12.16,78.78,75.08,72.76,108.2,102.99,5.2,0.746,81.42,74.7,71.44,113.98,104.48,9.5,0.726,-4.29,72.1,3.71,10.99,78.78,75.08,72.76,108.2,102.99,5.2,0.746,81.46,76.48,71.45,114.03,106.97,7.07,0.675,-1.86,72.11,1.23,11.04,78.78,75.08,72.76,108.2,102.99,5.2,0.746,81.4,75.88,71.45,113.94,106.13,7.81,0.69,-2.6,72.11,2.07,10.95,78.78,75.08,72.76,108.2,102.99,5.2,0.746,81.08,75.54,71.45,113.49,105.66,7.83,0.703,-2.63,72.11,2.53,10.5,78.78,75.08,72.76,108.2,102.99,5.2,0.746,81.3,75.42,71.49,113.72,105.43,8.29,0.711,-3.09,72.13,2.76,10.73,0,0,0,0,1,0,0
EuroLeague,2020-2021,Round 11,2020-11-27,Panathinaikos OPAP Athens,FC Bayern München,83,76,71.5,116.1,106.3,106.3,116.1,14,5,9,0,76,83,0,Panathinaikos OPAP Athens,1.25,98.0,83.0,71.5,137.1,116.1,21.0,1.0,89.0,71.0,73.2,121.6,97.0,24.6,1.0,-3.6,72.35,40.1,5.5,94.98,80.8,71.5,132.87,113.03,19.85,1.0,84.97,80.07,72.34,117.42,110.86,6.56,0.496,13.29,71.92,22.02,4.39,94.98,80.8,71.5,132.87,113.03,19.85,1.0,81.75,77.41,72.1,113.33,107.46,5.87,0.644,13.98,71.8,25.41,0.3,94.98,80.8,71.5,132.87,113.03,19.85,1.0,82.11,74.26,71.67,114.56,103.57,10.99,0.702,8.86,71.59,29.3,1.53,94.98,80.8,71.5,132.87,113.03,19.85,1.0,83.24,74.94,71.65,116.19,104.57,11.62,0.745,8.23,71.57,28.31,3.16,94.98,80.8,71.5,132.87,113.03,19.85,1.0,83.8,75.19,71.84,116.63,104.64,12.0,0.766,7.85,71.67,28.24,3.61,94.98,80.8,71.5,132.87,113.03,19.85,1.0,83.03,73.92,71.82,115.6,102.89,12.71,0.784,7.14,71.66,29.98,2.57,94.98,80.8,71.5,132.87,113.03,19.85,1.0,82.97,75.38,71.8,115.55,104.97,10.58,0.74,9.27,71.65,27.91,2.52,94.98,80.8,71.5,132.87,113.03,19.85,1.0,82.87,74.93,71.79,115.42,104.36,11.06,0.75,8.79,71.64,28.51,2.39,94.98,80.8,71.5,132.87,113.03,19.85,1.0,82.56,74.7,71.78,115.01,104.04,10.96,0.758,8.88,71.64,28.83,1.98,0,0,0,1,0,0,1
EuroLeague,2020-2021,Round 12,2020-12-04,FC Bayern München,Khimki Moscow Region,80,77,71.5,111.9,107.7,107.7,111.9,7,14,-7,1,80,77,1,Khimki Moscow Region,1.25,76.0,83.0,71.5,106.3,116.1,-9.8,0.0,87.0,74.0,71.5,121.7,103.5,18.2,1.0,-28.0,71.5,2.8,5.6,81.03,78.36,72.16,112.22,108.71,3.51,0.387,87.0,74.0,71.5,121.7,103.5,18.2,1.0,-14.69,71.83,8.72,12.99,81.02,81.36,71.97,112.52,113.17,-0.64,0.278,87.0,74.0,71.5,121.7,103.5,18.2,1.0,-18.84,71.74,9.02,8.53,79.7,79.4,71.88,110.82,110.55,0.27,0.414,87.0,74.0,71.5,121.7,103.5,18.2,1.0,-17.93,71.69,7.32,11.15,80.17,77.03,71.62,111.94,107.55,4.38,0.479,87.0,74.0,71.5,121.7,103.5,18.2,1.0,-13.82,71.56,8.44,14.15,81.18,77.24,71.61,113.37,107.85,5.51,0.532,87.0,74.0,71.5,121.7,103.5,18.2,1.0,-12.69,71.55,9.87,13.85,81.72,77.28,71.75,113.87,107.71,6.16,0.561,87.0,74.0,71.5,121.7,103.5,18.2,1.0,-12.04,71.63,10.37,13.99,81.26,76.2,71.74,113.26,106.22,7.04,0.587,87.0,74.0,71.5,121.7,103.5,18.2,1.0,-11.16,71.62,9.76,15.48,81.29,77.22,71.73,113.32,107.65,5.67,0.562,87.0,74.0,71.5,121.7,103.5,18.2,1.0,-12.53,71.61,9.82,14.05,81.26,76.83,71.72,113.28,107.12,6.16,0.574,87.0,74.0,71.5,121.7,103.5,18.2,1.0,-12.04,71.61,9.78,14.58,0,0,0,1,0,0,1
BBL,2020-2021,Round 4,2020-12-06,FC Bayern München,BG Göttingen,90,72,72.8,123.6,98.9,98.9,123.6,2,14,-12,1,90,72,1,BG Göttingen,1.0,80.0,77.0,71.5,111.9,107.7,4.2,1.0,55.0,90.0,73.0,75.3,123.3,-48.0,0.0,52.2,72.25,-11.4,-32.4,78.27,79.6,71.5,109.47,111.34,-1.87,0.566,55.64,89.61,72.86,76.36,122.98,-46.63,0.0,44.76,72.18,-13.51,-34.98,80.57,77.75,71.87,112.08,108.26,3.82,0.66,55.64,89.61,72.86,76.36,122.98,-46.63,0.0,50.44,72.36,-10.91,-31.91,80.65,79.77,71.8,112.3,111.17,1.13,0.541,55.64,89.61,72.86,76.36,122.98,-46.63,0.0,47.75,72.33,-10.69,-34.81,79.79,78.64,71.76,111.16,109.64,1.52,0.6,55.64,89.61,72.86,76.36,122.98,-46.63,0.0,48.15,72.31,-11.82,-33.29,80.12,77.02,71.58,111.93,107.6,4.33,0.632,55.64,89.61,72.86,76.36,122.98,-46.63,0.0,50.96,72.22,-11.06,-31.24,80.86,77.17,71.58,112.97,107.81,5.16,0.659,55.64,89.61,72.86,76.36,122.98,-46.63,0.0,51.78,72.22,-10.01,-31.46,81.27,77.21,71.69,113.36,107.7,5.65,0.675,55.64,89.61,72.86,76.36,122.98,-46.63,0.0,52.28,72.27,-9.62,-31.35,80.95,76.4,71.68,112.92,106.59,6.33,0.689,55.64,89.61,72.86,76.36,122.98,-46.63,0.0,52.96,72.27,-10.06,-30.23,80.98,77.16,71.67,112.98,107.66,5.31,0.667,55.64,89.61,72.86,76.36,122.98,-46.63,0.0,51.94,72.27,-10.0,-31.31,1,0,-1,0,1,0,1
EuroLeague,2020-2021,Round 13,2020-12-11,FC Bayern München,LDLC ASVEL Villeurbanne,76,62,71.5,106.3,86.7,86.7,106.3,5,14,-9,1,76,62,1,LDLC ASVEL Villeurbanne,1.25,90.0,72.0,72.8,123.6,98.9,24.7,1.0,75.0,65.0,71.5,104.9,90.9,14.0,1.0,10.7,72.15,32.7,6.0,84.92,74.54,72.14,117.66,103.37,14.29,1.0,73.32,70.47,71.5,102.54,98.56,3.98,0.86,10.31,71.82,19.1,-0.82,82.43,76.91,71.96,114.48,106.93,7.55,0.72,73.32,70.47,71.5,102.54,98.56,3.98,0.86,3.57,71.73,15.92,-4.39,83.41,76.02,72.15,115.55,105.44,10.11,0.762,73.32,70.47,71.5,102.54,98.56,3.98,0.86,6.13,71.82,16.99,-2.9,83.09,77.74,72.06,115.25,107.96,7.29,0.661,73.32,70.47,71.5,102.54,98.56,3.98,0.86,3.31,71.78,16.69,-5.42,82.2,77.07,72.01,114.1,107.11,6.99,0.695,73.32,70.47,71.5,102.54,98.56,3.98,0.86,3.01,71.75,15.53,-4.57,82.31,75.91,71.85,114.51,105.67,8.84,0.713,73.32,70.47,71.5,102.54,98.56,3.98,0.86,4.86,71.68,15.95,-3.13,82.76,76.09,71.83,115.18,105.96,9.23,0.73,73.32,70.47,71.5,102.54,98.56,3.98,0.86,5.25,71.67,16.62,-3.41,83.02,76.16,71.91,115.42,105.94,9.48,0.74,73.32,70.47,71.5,102.54,98.56,3.98,0.86,5.5,71.71,16.85,-3.39,82.7,75.55,71.9,114.99,105.1,9.89,0.749,73.32,70.47,71.5,102.54,98.56,3.98,0.86,5.91,71.7,16.43,-2.56,0,0,0,1,0,0,1
BBL,2020-2021,Round 5,2020-12-13,MHP RIESEN Ludwigsburg,FC Bayern München,77,74,71.4,107.8,103.6,103.6,107.8,14,2,12,0,74,77,0,MHP RIESEN Ludwigsburg,1.0,73.0,73.0,72.0,101.4,101.4,0.0,0.0,76.0,62.0,71.5,106.3,86.7,19.6,1.0,-19.6,71.75,14.7,4.9,79.33,77.52,73.36,108.0,105.6,2.4,0.452,81.42,65.87,72.0,112.99,91.42,21.57,1.0,-19.18,72.68,16.58,7.39,79.39,77.5,73.26,108.24,105.72,2.52,0.473,81.01,69.04,71.86,112.68,96.06,16.62,1.0,-14.1,72.56,12.18,6.96,79.39,77.5,73.26,108.24,105.72,2.52,0.473,80.11,71.54,71.8,111.54,99.65,11.89,0.821,-9.37,72.53,8.59,5.82,79.39,77.5,73.26,108.24,105.72,2.52,0.473,81.02,71.49,71.94,112.56,99.38,13.18,0.839,-10.66,72.6,8.86,6.84,79.39,77.5,73.26,108.24,105.72,2.52,0.473,81.01,73.12,71.9,112.63,101.73,10.9,0.761,-8.38,72.58,6.51,6.91,79.39,77.5,73.26,108.24,105.72,2.52,0.473,80.51,72.97,71.87,111.98,101.56,10.42,0.778,-7.9,72.57,6.68,6.26,79.39,77.5,73.26,108.24,105.72,2.52,0.473,80.67,72.3,71.76,112.38,100.74,11.64,0.788,-9.12,72.51,7.5,6.66,79.39,77.5,73.26,108.24,105.72,2.52,0.473,81.08,72.59,71.75,112.98,101.18,11.8,0.797,-9.28,72.51,7.06,7.26,79.39,77.5,73.26,108.24,105.72,2.52,0.473,81.33,72.74,71.81,113.21,101.29,11.92,0.803,-9.4,72.54,6.95,7.5,0,1,1,0,1,0,1
EuroLeague,2020-2021,Round 14,2020-12-16,Zenit St Petersburg,FC Bayern München,79,75,71.5,110.5,104.9,104.9,110.5,14,3,11,0,75,79,0,Zenit St Petersburg,1.25,68.0,77.0,71.5,95.1,107.7,-12.6,0.0,74.0,77.0,71.4,103.6,107.8,-4.2,0.0,-8.4,71.45,-12.7,-4.1,68.21,77.0,71.5,95.4,107.7,-12.3,0.0,75.02,69.39,71.45,104.97,97.09,7.88,0.508,-20.18,71.48,-1.69,-2.73,68.21,77.0,71.5,95.4,107.7,-12.3,0.0,78.65,70.02,71.78,109.49,97.53,11.96,0.627,-24.26,71.64,-2.13,1.79,68.21,77.0,71.5,95.4,107.7,-12.3,0.0,78.92,71.42,71.72,109.97,99.56,10.41,0.702,-22.71,71.61,-4.16,2.27,68.21,77.0,71.5,95.4,107.7,-12.3,0.0,78.53,72.95,71.69,109.48,101.76,7.73,0.609,-20.03,71.6,-6.36,1.78,68.21,77.0,71.5,95.4,107.7,-12.3,0.0,79.34,72.8,71.81,110.42,101.39,9.03,0.639,-21.33,71.65,-5.99,2.72,68.21,77.0,71.5,95.4,107.7,-12.3,0.0,79.46,73.98,71.79,110.63,103.07,7.56,0.592,-19.86,71.64,-7.67,2.93,68.21,77.0,71.5,95.4,107.7,-12.3,0.0,79.15,73.81,71.77,110.23,102.86,7.37,0.615,-19.67,71.64,-7.46,2.53,68.21,77.0,71.5,95.4,107.7,-12.3,0.0,79.33,73.24,71.69,110.61,102.16,8.45,0.629,-20.75,71.59,-6.76,2.91,68.21,77.0,71.5,95.4,107.7,-12.3,0.0,79.71,73.45,71.68,111.16,102.46,8.7,0.643,-21.0,71.59,-7.06,3.46,0,0,0,1,0,0,1
EuroLeague,2020-2021,Round 15,2020-12-18,FC Bayern München,TD Systems Baskonia Vitoria-Gasteiz,77,66,71.5,107.7,92.3,92.3,107.7,2,7,-5,1,77,66,1,TD Systems Baskonia Vitoria-Gasteiz,1.25,75.0,79.0,71.5,104.9,110.5,-5.6,0.0,78.0,78.0,72.0,108.0,108.0,0.0,0.5,-5.6,71.75,-3.1,-2.5,74.61,78.21,71.46,104.39,109.44,-5.05,0.0,78.0,78.0,72.0,108.0,108.0,0.0,0.5,-5.05,71.73,-3.61,-1.44,75.01,73.53,71.47,104.94,102.87,2.07,0.289,78.0,78.0,72.0,108.0,108.0,0.0,0.5,2.07,71.74,-3.06,5.13,77.32,73.29,71.68,107.82,102.26,5.56,0.398,78.0,78.0,72.0,108.0,108.0,0.0,0.5,5.56,71.84,-0.18,5.74,77.69,73.8,71.65,108.38,103.0,5.37,0.481,78.0,78.0,72.0,108.0,108.0,0.0,0.5,5.37,71.83,0.38,5.0,77.53,74.68,71.64,108.18,104.25,3.93,0.435,78.0,78.0,72.0,108.0,108.0,0.0,0.5,3.93,71.82,0.18,3.75,78.18,74.47,71.73,108.94,103.84,5.1,0.467,78.0,78.0,72.0,108.0,108.0,0.0,0.5,5.1,71.86,0.94,4.16,78.33,75.26,71.71,109.17,104.96,4.22,0.442,78.0,78.0,72.0,108.0,108.0,0.0,0.5,4.22,71.86,1.17,3.04,78.14,75.07,71.7,108.93,104.72,4.21,0.466,78.0,78.0,72.0,108.0,108.0,0.0,0.5,4.21,71.85,0.93,3.28,78.3,74.6,71.64,109.26,104.13,5.13,0.48,78.0,78.0,72.0,108.0,108.0,0.0,0.5,5.13,71.82,1.26,3.87,1,0,-1,1,0,0,1
BBL,2020-2021,Round 6,2020-12-20,FC Bayern München,Bamberg Baskets,84,70,72.0,116.7,97.2,97.2,116.7,2,14,-12,1,84,70,1,Bamberg Baskets,1.0,77.0,66.0,71.5,107.7,92.3,15.4,1.0,76.0,82.0,72.5,104.8,113.1,-8.3,0.0,23.7,72.0,-5.4,12.5,76.1,71.88,71.5,106.43,100.53,5.91,0.548,76.0,82.0,72.5,104.8,113.1,-8.3,0.0,14.21,72.0,-6.67,4.27,75.62,73.04,71.48,105.79,102.18,3.61,0.424,76.0,82.0,72.5,104.8,113.1,-8.3,0.0,11.91,71.99,-7.31,2.62,75.69,70.95,71.48,105.89,99.24,6.65,0.533,76.0,82.0,72.5,104.8,113.1,-8.3,0.0,14.95,71.99,-7.21,5.56,77.22,71.06,71.62,107.78,99.21,8.58,0.583,76.0,82.0,72.5,104.8,113.1,-8.3,0.0,16.88,72.06,-5.32,5.59,77.5,71.65,71.61,108.19,100.05,8.14,0.624,76.0,82.0,72.5,104.8,113.1,-8.3,0.0,16.44,72.06,-4.91,4.75,77.39,72.45,71.6,108.06,101.18,6.87,0.58,76.0,82.0,72.5,104.8,113.1,-8.3,0.0,15.17,72.05,-5.04,3.62,77.89,72.39,71.67,108.63,101.0,7.63,0.598,76.0,82.0,72.5,104.8,113.1,-8.3,0.0,15.93,72.09,-4.47,3.8,78.02,73.08,71.66,108.83,101.98,6.85,0.573,76.0,82.0,72.5,104.8,113.1,-8.3,0.0,15.15,72.08,-4.27,2.82,77.88,73.01,71.66,108.65,101.89,6.76,0.587,76.0,82.0,72.5,104.8,113.1,-8.3,0.0,15.06,72.08,-4.45,2.91,1,0,-1,0,1,0,1
EuroLeague,2020-2021,Round 16,2020-12-23,Zalgiris Kaunas,FC Bayern München,74,73,71.5,103.5,102.1,102.1,103.5,14,3,11,0,73,74,0,Zalgiris Kaunas,1.25,98.0,73.0,71.5,137.1,102.1,35.0,1.0,84.0,70.0,72.0,116.7,97.2,19.5,1.0,15.5,71.75,39.9,14.6,98.0,73.0,71.5,137.1,102.1,35.0,1.0,80.45,67.97,71.75,112.13,94.71,17.42,1.0,17.58,71.62,42.39,10.03,98.0,73.0,71.5,137.1,102.1,35.0,1.0,78.84,71.23,71.67,110.0,99.37,10.62,0.705,24.38,71.59,37.73,7.9,98.0,73.0,71.5,137.1,102.1,35.0,1.0,78.06,72.15,71.63,108.97,100.73,8.24,0.591,26.76,71.56,36.37,6.87,98.0,73.0,71.5,137.1,102.1,35.0,1.0,77.77,70.71,71.61,108.59,98.73,9.86,0.65,25.14,71.56,38.37,6.49,98.0,73.0,71.5,137.1,102.1,35.0,1.0,78.77,70.82,71.71,109.82,98.75,11.08,0.678,23.92,71.6,38.35,7.72,98.0,73.0,71.5,137.1,102.1,35.0,1.0,78.87,71.3,71.69,109.99,99.45,10.54,0.704,24.46,71.6,37.65,7.89,98.0,73.0,71.5,137.1,102.1,35.0,1.0,78.71,71.96,71.68,109.78,100.39,9.39,0.664,25.61,71.59,36.71,7.68,98.0,73.0,71.5,137.1,102.1,35.0,1.0,79.06,71.93,71.73,110.19,100.27,9.91,0.675,25.09,71.62,36.83,8.09,98.0,73.0,71.5,137.1,102.1,35.0,1.0,79.13,72.51,71.73,110.29,101.09,9.2,0.653,25.8,71.61,36.01,8.19,0,0,0,1,0,0,1
BBL,2020-2021,Round 7,2020-12-27,Würzburg Baskets,FC Bayern München,72,80,70.8,101.7,113.0,113.0,101.7,14,4,10,0,80,72,1,Würzburg Baskets,1.0,70.0,81.0,71.5,97.9,113.3,-15.4,0.0,73.0,74.0,71.5,102.1,103.5,-1.4,0.0,-14.0,71.5,-5.6,-11.2,68.86,79.86,71.16,96.73,112.2,-15.47,0.0,77.33,72.42,71.7,107.85,101.02,6.83,0.394,-22.3,71.43,-4.29,-4.34,68.86,79.86,71.16,96.73,112.2,-15.47,0.0,77.24,70.57,71.64,107.81,98.5,9.31,0.569,-24.78,71.4,-1.77,-4.39,68.86,79.86,71.16,96.73,112.2,-15.47,0.0,76.81,72.19,71.61,107.25,100.81,6.44,0.46,-21.91,71.39,-4.08,-4.95,68.86,79.86,71.16,96.73,112.2,-15.47,0.0,76.49,72.73,71.59,106.84,101.59,5.26,0.408,-20.72,71.37,-4.86,-5.35,68.86,79.86,71.16,96.73,112.2,-15.47,0.0,76.44,71.62,71.58,106.79,100.06,6.73,0.469,-22.2,71.37,-3.33,-5.41,68.86,79.86,71.16,96.73,112.2,-15.47,0.0,77.27,71.65,71.65,107.81,99.98,7.83,0.502,-23.29,71.41,-3.26,-4.38,68.86,79.86,71.16,96.73,112.2,-15.47,0.0,77.43,71.96,71.65,108.05,100.44,7.61,0.531,-23.08,71.4,-3.71,-4.14,68.86,79.86,71.16,96.73,112.2,-15.47,0.0,77.37,72.44,71.64,107.98,101.12,6.86,0.508,-22.33,71.4,-4.39,-4.22,68.86,79.86,71.16,96.73,112.2,-15.47,0.0,77.68,72.4,71.68,108.34,101.01,7.33,0.521,-22.8,71.42,-4.28,-3.86,0,0,0,0,1,0,0
EuroLeague,2020-2021,Round 17,2020-12-30,FC Bayern München,FC Barcelona,90,77,71.5,125.9,107.7,107.7,125.9,3,14,-11,1,90,77,1,FC Barcelona,1.25,80.0,72.0,70.8,113.0,101.7,11.3,1.0,83.0,80.0,71.5,116.1,111.9,4.2,1.0,7.1,71.15,1.1,14.4,76.5,73.0,71.15,107.55,102.6,4.95,0.5,81.73,77.25,71.5,114.33,108.06,6.27,1.0,-1.32,71.33,-0.51,11.73,78.34,72.26,71.36,109.79,101.28,8.52,0.623,81.73,77.25,71.5,114.33,108.06,6.27,1.0,2.25,71.43,1.74,13.05,78.07,71.0,71.39,109.37,99.46,9.91,0.699,81.73,77.25,71.5,114.33,108.06,6.27,1.0,3.64,71.44,1.32,14.86,77.63,72.14,71.4,108.73,101.04,7.69,0.599,81.73,77.25,71.5,114.33,108.06,6.27,1.0,1.42,71.45,0.68,13.29,77.32,72.55,71.4,108.3,101.61,6.68,0.548,81.73,77.25,71.5,114.33,108.06,6.27,1.0,0.41,71.45,0.24,12.71,77.22,71.7,71.41,108.14,100.41,7.72,0.585,81.73,77.25,71.5,114.33,108.06,6.27,1.0,1.45,71.46,0.08,13.91,77.83,71.72,71.48,108.88,100.34,8.54,0.605,81.73,77.25,71.5,114.33,108.06,6.27,1.0,2.27,71.49,0.83,13.99,77.94,71.97,71.48,109.03,100.69,8.34,0.623,81.73,77.25,71.5,114.33,108.06,6.27,1.0,2.07,71.49,0.97,13.64,77.87,72.36,71.48,108.93,101.23,7.7,0.602,81.73,77.25,71.5,114.33,108.06,6.27,1.0,1.43,71.49,0.88,13.1,0,0,0,1,0,0,1
BBL,2020-2021,Round 8,2021-01-03,FC Bayern München,ALBA Berlin,72,85,74.1,97.2,114.7,114.7,97.2,4,14,-10,1,72,85,0,ALBA Berlin,1.0,90.0,77.0,71.5,125.9,107.7,18.2,1.0,72.0,90.0,71.5,100.7,125.9,-25.2,0.0,43.4,71.5,0.0,-7.0,86.06,75.03,71.22,120.82,105.34,15.48,1.0,71.96,89.79,71.53,100.6,125.56,-24.96,0.0,40.44,71.38,-4.75,-4.73,82.37,74.74,71.3,115.53,104.82,10.71,0.717,71.99,89.68,71.53,100.65,125.41,-24.76,0.0,35.47,71.41,-9.89,-4.16,82.62,74.0,71.41,115.71,103.63,12.07,0.761,71.99,89.68,71.53,100.65,125.41,-24.76,0.0,36.84,71.47,-9.71,-2.98,81.85,72.9,71.42,114.6,102.07,12.53,0.794,71.99,89.68,71.53,100.65,125.41,-24.76,0.0,37.29,71.47,-10.81,-1.42,81.15,73.52,71.43,113.61,102.93,10.68,0.713,71.99,89.68,71.53,100.65,125.41,-24.76,0.0,35.44,71.48,-11.8,-2.28,80.7,73.74,71.43,112.99,103.23,9.75,0.669,71.99,89.68,71.53,100.65,125.41,-24.76,0.0,34.51,71.48,-12.43,-2.58,80.42,73.03,71.43,112.58,102.24,10.35,0.689,71.99,89.68,71.53,100.65,125.41,-24.76,0.0,35.11,71.48,-12.83,-1.58,80.77,72.99,71.48,112.99,102.11,10.87,0.7,71.99,89.68,71.53,100.65,125.41,-24.76,0.0,35.64,71.51,-12.43,-1.46,80.74,73.14,71.48,112.95,102.32,10.63,0.711,71.99,89.68,71.53,100.65,125.41,-24.76,0.0,35.39,71.51,-12.47,-1.67,0,0,0,0,1,0,0
EuroLeague,2020-2021,Round 18,2021-01-08,Olympiacos Piraeus,FC Bayern München,84,82,71.5,117.5,114.7,114.7,117.5,14,5,9,0,82,84,0,Olympiacos Piraeus,1.25,68.0,74.0,71.5,95.1,103.5,-8.4,0.0,72.0,85.0,74.1,97.2,114.7,-17.5,0.0,9.1,72.8,-19.6,-6.3,68.26,73.97,71.5,95.47,103.46,-7.99,0.013,81.0,81.0,72.8,111.55,111.2,0.36,0.5,-8.35,72.15,-15.73,8.09,68.32,74.02,71.5,95.55,103.53,-7.98,0.013,80.76,78.79,72.31,111.91,108.87,3.04,0.623,-11.02,71.9,-13.31,8.38,68.32,74.02,71.5,95.55,103.53,-7.98,0.013,79.23,77.85,72.15,109.98,107.81,2.17,0.5,-10.14,71.82,-12.26,6.44,68.32,74.02,71.5,95.55,103.53,-7.98,0.013,79.77,76.96,72.13,110.74,106.6,4.13,0.557,-12.11,71.82,-11.05,7.21,68.32,74.02,71.5,95.55,103.53,-7.98,0.013,79.48,75.81,72.07,110.42,105.11,5.32,0.603,-13.29,71.78,-9.55,6.89,68.32,74.02,71.5,95.55,103.53,-7.98,0.013,79.12,76.06,72.02,109.98,105.53,4.45,0.555,-12.42,71.76,-9.98,6.45,68.32,74.02,71.5,95.55,103.53,-7.98,0.013,78.87,76.11,71.99,109.67,105.65,4.02,0.528,-12.0,71.75,-10.09,6.13,68.32,74.02,71.5,95.55,103.53,-7.98,0.013,78.73,75.43,71.97,109.5,104.73,4.77,0.551,-12.75,71.73,-9.18,5.97,68.32,74.02,71.5,95.55,103.53,-7.98,0.013,79.07,75.32,71.99,109.92,104.56,5.36,0.564,-13.34,71.75,-9.0,6.39,0,0,0,1,0,0,1
BBL,2020-2021,Round 9,2021-01-10,ratiopharm ulm,FC Bayern München,77,81,72.6,106.1,111.6,111.6,106.1,14,2,12,0,81,77,1,ratiopharm ulm,1.0,95.0,85.0,76.0,125.0,111.8,13.2,1.0,82.0,84.0,71.5,114.7,117.5,-2.8,0.0,16.0,73.75,7.5,2.9,93.97,84.92,75.83,123.86,111.95,11.91,0.961,78.13,84.39,72.51,107.93,116.42,-8.49,0.0,20.4,74.17,7.44,-4.02,93.97,84.92,75.83,123.86,111.95,11.91,0.961,81.44,82.33,72.23,112.94,113.98,-1.04,0.279,12.95,74.03,9.88,1.0,93.97,84.92,75.83,123.86,111.95,11.91,0.961,81.22,80.74,72.01,112.95,112.1,0.86,0.39,11.05,73.92,11.76,1.0,93.97,84.92,75.83,123.86,111.95,11.91,0.961,80.13,79.84,71.94,111.51,110.95,0.55,0.338,11.36,73.89,12.91,-0.44,93.97,84.92,75.83,123.86,111.95,11.91,0.961,80.44,79.06,71.94,111.92,109.86,2.06,0.391,9.85,73.89,14.0,-0.03,93.97,84.92,75.83,123.86,111.95,11.91,0.961,80.17,78.07,71.91,111.6,108.52,3.08,0.437,8.83,73.87,15.34,-0.35,93.97,84.92,75.83,123.86,111.95,11.91,0.961,79.87,78.12,71.89,111.21,108.64,2.57,0.411,9.34,73.86,15.22,-0.74,93.97,84.92,75.83,123.86,111.95,11.91,0.961,79.65,78.08,71.87,110.93,108.61,2.32,0.396,9.59,73.85,15.25,-1.02,93.97,84.92,75.83,123.86,111.95,11.91,0.961,79.52,77.49,71.85,110.76,107.81,2.95,0.418,8.96,73.84,16.05,-1.19,0,1,1,0,1,0,0
EuroLeague,2020-2021,Round 19,2021-01-13,FC Bayern München,Zenit St Petersburg,82,80,71.5,114.7,111.9,111.9,114.7,3,14,-11,1,82,80,1,Zenit St Petersburg,1.25,81.0,77.0,72.6,111.6,106.1,5.5,1.0,79.0,75.0,71.5,110.5,104.9,5.6,1.0,-0.1,72.05,6.7,4.4,81.51,80.55,72.04,113.17,111.89,1.29,0.492,78.89,75.02,71.5,110.34,104.93,5.41,0.99,-4.12,71.77,8.24,-1.55,79.2,81.63,72.54,109.3,112.57,-3.27,0.373,78.86,75.03,71.5,110.3,104.94,5.36,0.987,-8.64,72.02,4.36,-2.27,81.31,80.73,72.34,112.54,111.62,0.92,0.495,78.86,75.03,71.5,110.3,104.94,5.36,0.987,-4.44,71.92,7.6,-1.32,81.16,79.74,72.16,112.59,110.5,2.09,0.552,78.86,75.03,71.5,110.3,104.94,5.36,0.987,-3.27,71.83,7.66,-0.2,80.34,79.16,72.1,111.53,109.79,1.74,0.496,78.86,75.03,71.5,110.3,104.94,5.36,0.987,-3.63,71.8,6.59,0.51,80.56,78.6,72.09,111.85,109.01,2.84,0.527,78.86,75.03,71.5,110.3,104.94,5.36,0.987,-2.53,71.8,6.91,1.29,80.35,77.84,72.06,111.6,108.01,3.59,0.556,78.86,75.03,71.5,110.3,104.94,5.36,0.987,-1.78,71.78,6.66,2.29,80.1,77.9,72.03,111.29,108.13,3.16,0.53,78.86,75.03,71.5,110.3,104.94,5.36,0.987,-2.21,71.76,6.35,2.17,79.92,77.87,72.01,111.06,108.12,2.94,0.514,78.86,75.03,71.5,110.3,104.94,5.36,0.987,-2.43,71.76,6.12,2.18,0,0,0,1,0,0,1
EuroLeague,2020-2021,Round 20,2021-01-15,FC Bayern München,Real Madrid,76,81,71.5,106.3,113.3,113.3,106.3,2,14,-12,1,76,81,0,Real Madrid,1.25,82.0,80.0,71.5,114.7,111.9,2.8,1.0,100.0,82.0,71.5,139.9,114.7,25.2,1.0,-22.4,71.5,0.0,28.0,81.61,78.82,71.93,113.48,109.61,3.86,1.0,99.95,82.05,71.5,139.83,114.76,25.07,0.996,-21.2,71.72,-1.29,30.22,81.72,80.32,71.81,113.83,111.89,1.94,0.711,99.95,82.05,71.5,139.83,114.76,25.07,0.996,-23.13,71.65,-0.93,27.94,80.22,81.04,72.16,111.27,112.33,-1.06,0.602,99.95,82.05,71.5,139.83,114.76,25.07,0.996,-26.12,71.83,-3.5,27.5,81.53,80.5,72.07,113.22,111.71,1.52,0.655,99.95,82.05,71.5,139.83,114.76,25.07,0.996,-23.55,71.79,-1.54,28.12,81.41,79.82,71.97,113.21,110.91,2.3,0.682,99.95,82.05,71.5,139.83,114.76,25.07,0.996,-22.77,71.74,-1.56,28.92,80.78,79.39,71.94,112.38,110.36,2.02,0.632,99.95,82.05,71.5,139.83,114.76,25.07,0.996,-23.04,71.72,-2.38,29.47,80.93,78.96,71.94,112.58,109.75,2.83,0.649,99.95,82.05,71.5,139.83,114.76,25.07,0.996,-22.24,71.72,-2.18,30.08,80.75,78.37,71.92,112.36,108.97,3.4,0.665,99.95,82.05,71.5,139.83,114.76,25.07,0.996,-21.67,71.71,-2.4,30.87,80.55,78.39,71.9,112.09,109.02,3.07,0.641,99.95,82.05,71.5,139.83,114.76,25.07,0.996,-21.99,71.7,-2.67,30.81,1,0,-1,1,0,0,0
BBL,2020-2021,Round 10,2021-01-17,FC Bayern München,Hamburg Towers,85,71,73.5,115.6,96.6,96.6,115.6,2,14,-12,1,85,71,1,Hamburg Towers,1.0,76.0,81.0,71.5,106.3,113.3,-7.0,0.0,55.0,111.0,76.2,72.2,145.7,-73.5,0.0,66.5,73.85,-39.4,-41.1,78.71,80.55,71.5,110.1,112.67,-2.57,0.452,55.0,111.0,76.2,72.2,145.7,-73.5,0.0,70.93,73.85,-35.6,-40.47,79.23,79.74,71.75,110.44,111.18,-0.74,0.576,55.0,111.0,76.2,72.2,145.7,-73.5,0.0,72.76,73.97,-35.26,-38.98,79.76,80.55,71.7,111.25,112.38,-1.13,0.467,55.0,111.0,76.2,72.2,145.7,-73.5,0.0,72.37,73.95,-34.45,-40.18,78.93,81.03,71.96,109.75,112.62,-2.88,0.417,55.0,111.0,76.2,72.2,145.7,-73.5,0.0,70.62,74.08,-35.95,-40.42,80.0,80.64,71.91,111.31,112.15,-0.84,0.473,55.0,111.0,76.2,72.2,145.7,-73.5,0.0,72.66,74.06,-34.39,-39.95,80.0,80.13,71.85,111.41,111.53,-0.12,0.505,55.0,111.0,76.2,72.2,145.7,-73.5,0.0,73.38,74.02,-34.29,-39.33,79.61,79.78,71.83,110.89,111.08,-0.2,0.476,55.0,111.0,76.2,72.2,145.7,-73.5,0.0,73.3,74.01,-34.81,-38.88,79.76,79.44,71.84,111.09,110.6,0.49,0.495,55.0,111.0,76.2,72.2,145.7,-73.5,0.0,73.99,74.02,-34.61,-38.4,79.66,78.97,71.82,110.97,109.96,1.01,0.512,55.0,111.0,76.2,72.2,145.7,-73.5,0.0,74.51,74.01,-34.73,-37.76,1,0,-1,0,1,0,1
EuroLeague,2020-2021,Round 21,2021-01-21,AX Armani Exchange Milan,FC Bayern München,75,51,71.5,104.9,71.3,71.3,104.9,14,4,10,0,51,75,0,AX Armani Exchange Milan,1.25,81.0,79.0,71.5,113.3,110.5,2.8,1.0,85.0,71.0,73.5,115.6,96.6,19.0,1.0,-16.2,72.5,16.7,5.1,80.96,78.98,71.5,113.24,110.47,2.77,1.0,80.43,76.08,72.48,110.88,105.08,5.8,0.492,-3.03,71.99,8.16,0.41,80.91,78.98,71.5,113.17,110.47,2.7,0.997,80.89,77.23,72.19,112.01,107.09,4.92,0.642,-2.21,71.85,6.08,1.54,80.91,78.98,71.5,113.17,110.47,2.7,0.997,80.91,77.2,72.26,111.94,106.93,5.01,0.7,-2.3,71.88,6.24,1.47,80.91,78.98,71.5,113.17,110.47,2.7,0.997,81.07,78.17,72.15,112.33,108.44,3.9,0.6,-1.19,71.83,4.74,1.87,80.91,78.98,71.5,113.17,110.47,2.7,0.997,80.32,78.73,72.31,111.09,108.95,2.13,0.551,0.57,71.91,4.22,0.62,80.91,78.98,71.5,113.17,110.47,2.7,0.997,81.06,78.6,72.25,112.22,108.86,3.36,0.585,-0.65,71.88,4.31,1.75,80.91,78.98,71.5,113.17,110.47,2.7,0.997,81.01,78.29,72.18,112.25,108.52,3.73,0.605,-1.03,71.84,4.65,1.79,80.91,78.98,71.5,113.17,110.47,2.7,0.997,80.65,78.09,72.15,111.79,108.29,3.5,0.577,-0.8,71.83,4.88,1.33,80.91,78.98,71.5,113.17,110.47,2.7,0.997,80.74,77.86,72.15,111.93,107.98,3.96,0.589,-1.25,71.82,5.19,1.47,0,0,0,1,0,0,1
BBL,2020-2021,Round 11,2021-01-24,EWE Baskets Oldenburg,FC Bayern München,100,95,78.0,128.2,121.8,121.8,128.2,14,3,11,0,95,100,0,EWE Baskets Oldenburg,1.0,89.0,81.0,74.2,119.9,109.2,10.7,1.0,51.0,75.0,71.5,71.3,104.9,-33.6,0.0,44.3,72.85,15.0,-37.9,88.55,81.67,74.27,119.2,109.99,9.21,0.925,64.27,73.44,72.28,88.59,101.66,-13.07,0.39,22.27,73.27,17.54,-21.4,88.55,81.67,74.27,119.2,109.99,9.21,0.925,67.64,75.61,72.06,93.68,105.0,-11.32,0.278,20.53,73.16,14.2,-16.32,88.55,81.67,74.27,119.2,109.99,9.21,0.925,70.39,76.45,71.95,97.7,106.32,-8.62,0.416,17.83,73.11,12.88,-12.29,88.55,81.67,74.27,119.2,109.99,9.21,0.925,71.56,76.51,72.02,99.24,106.3,-7.06,0.481,16.27,73.14,12.9,-10.75,88.55,81.67,74.27,119.2,109.99,9.21,0.925,72.63,77.28,71.97,100.82,107.44,-6.62,0.432,15.83,73.12,11.75,-9.17,88.55,81.67,74.27,119.2,109.99,9.21,0.925,72.59,77.75,72.1,100.6,107.88,-7.28,0.406,16.49,73.18,11.31,-9.39,88.55,81.67,74.27,119.2,109.99,9.21,0.925,73.59,77.7,72.06,102.05,107.87,-5.82,0.44,15.03,73.17,11.32,-7.94,88.55,81.67,74.27,119.2,109.99,9.21,0.925,73.82,77.5,72.02,102.44,107.65,-5.21,0.46,14.42,73.14,11.55,-7.55,88.55,81.67,74.27,119.2,109.99,9.21,0.925,73.79,77.38,72.0,102.43,107.51,-5.08,0.444,14.28,73.13,11.69,-7.56,0,0,0,0,1,0,1
EuroLeague,2020-2021,Round 22,2021-01-26,Khimki Moscow Region,FC Bayern München,93,95,71.5,130.1,132.9,132.9,130.1,14,2,12,0,95,93,1,Khimki Moscow Region,1.25,77.0,80.0,71.5,107.7,111.9,-4.2,0.0,95.0,100.0,78.0,121.8,128.2,-6.4,0.0,2.2,74.75,-20.5,9.9,77.02,79.99,71.5,107.73,111.88,-4.16,0.002,72.83,87.4,74.72,96.35,116.46,-20.11,0.0,15.95,73.11,-8.73,-15.53,77.02,79.99,71.5,107.73,111.88,-4.16,0.002,75.8,83.4,74.43,101.05,111.61,-10.57,0.244,6.41,72.96,-3.89,-10.84,77.02,79.99,71.5,107.73,111.88,-4.16,0.002,75.84,82.92,73.84,102.1,111.95,-9.85,0.195,5.69,72.67,-4.23,-9.78,77.02,79.99,71.5,107.73,111.88,-4.16,0.002,76.71,82.5,73.51,103.9,111.95,-8.05,0.309,3.89,72.5,-4.22,-7.99,77.02,79.99,71.5,107.73,111.88,-4.16,0.002,77.08,82.04,73.43,104.55,111.45,-6.9,0.368,2.75,72.46,-3.72,-7.34,77.02,79.99,71.5,107.73,111.88,-4.16,0.002,77.47,82.19,73.27,105.36,111.94,-6.57,0.338,2.42,72.39,-4.21,-6.52,77.02,79.99,71.5,107.73,111.88,-4.16,0.002,77.21,82.33,73.31,104.97,112.07,-7.1,0.322,2.94,72.41,-4.34,-6.92,77.02,79.99,71.5,107.73,111.88,-4.16,0.002,77.8,82.08,73.23,105.93,111.87,-5.94,0.353,1.78,72.37,-4.14,-5.95,77.02,79.99,71.5,107.73,111.88,-4.16,0.002,77.86,81.79,73.16,106.14,111.57,-5.44,0.372,1.28,72.33,-3.85,-5.75,0,1,1,1,0,0,0
EuroLeague,2020-2021,Round 23,2021-01-29,CSKA Moscow,FC Bayern München,66,69,71.5,92.3,96.5,96.5,92.3,14,3,11,0,69,66,1,CSKA Moscow,1.25,89.0,81.0,71.5,124.5,113.3,11.2,1.0,95.0,93.0,71.5,132.9,130.1,2.8,1.0,8.4,71.5,-5.6,19.6,88.96,80.97,71.5,124.45,113.26,11.19,1.0,95.0,95.78,74.08,128.49,129.34,-0.86,0.602,12.05,72.79,-4.9,15.23,88.95,80.95,71.5,124.42,113.23,11.2,1.0,82.34,89.8,73.34,112.04,122.31,-10.28,0.429,21.47,72.42,2.11,-1.19,88.95,80.95,71.5,124.42,113.23,11.2,1.0,82.76,86.88,73.37,112.59,118.31,-5.72,0.518,16.92,72.43,6.11,-0.64,88.95,80.95,71.5,124.42,113.23,11.2,1.0,81.82,86.07,73.11,111.72,117.62,-5.9,0.446,17.09,72.3,6.8,-1.51,88.95,80.95,71.5,124.42,113.23,11.2,1.0,81.84,85.45,72.94,112.03,117.03,-5.01,0.503,16.2,72.22,7.39,-1.2,88.95,80.95,71.5,124.42,113.23,11.2,1.0,81.79,84.92,72.92,112.0,116.35,-4.35,0.534,15.55,72.21,8.07,-1.23,88.95,80.95,71.5,124.42,113.23,11.2,1.0,81.8,84.86,72.84,112.16,116.42,-4.26,0.502,15.46,72.17,8.0,-1.06,88.95,80.95,71.5,124.42,113.23,11.2,1.0,81.44,84.87,72.88,111.61,116.36,-4.75,0.483,15.94,72.19,8.07,-1.61,88.95,80.95,71.5,124.42,113.23,11.2,1.0,81.74,84.59,72.83,112.12,116.05,-3.93,0.502,15.13,72.17,8.37,-1.11,0,0,0,1,0,0,0
BBL,2020-2021,Round 12,2021-01-31,FC Bayern München,NINERS Chemnitz,77,76,71.2,108.1,106.7,106.7,108.1,2,7,-5,1,77,76,1,NINERS Chemnitz,1.0,69.0,66.0,71.5,96.5,92.3,4.2,1.0,78.0,78.0,72.0,108.0,108.0,0.0,0.5,4.2,71.75,-11.5,15.7,80.66,78.1,71.5,112.82,109.25,3.57,1.0,78.0,78.0,72.0,108.0,108.0,0.0,0.5,3.57,71.75,4.82,-1.25,83.93,83.1,72.98,114.87,113.57,1.3,0.772,78.0,78.0,72.0,108.0,108.0,0.0,0.5,1.3,72.49,6.87,-5.57,77.73,81.58,72.7,106.67,111.94,-5.27,0.626,78.0,78.0,72.0,108.0,108.0,0.0,0.5,-5.27,72.35,-1.33,-3.94,78.51,80.44,72.79,107.63,110.29,-2.66,0.667,78.0,78.0,72.0,108.0,108.0,0.0,0.5,-2.66,72.4,-0.37,-2.29,78.26,80.5,72.66,107.5,110.59,-3.09,0.6,78.0,78.0,72.0,108.0,108.0,0.0,0.5,-3.09,72.33,-0.5,-2.59,78.55,80.46,72.57,108.04,110.69,-2.65,0.63,78.0,78.0,72.0,108.0,108.0,0.0,0.5,-2.65,72.29,0.04,-2.69,78.66,80.29,72.57,108.21,110.47,-2.26,0.648,78.0,78.0,72.0,108.0,108.0,0.0,0.5,-2.26,72.29,0.21,-2.47,78.82,80.47,72.52,108.51,110.8,-2.29,0.618,78.0,78.0,72.0,108.0,108.0,0.0,0.5,-2.29,72.26,0.51,-2.8,78.62,80.6,72.57,108.19,110.91,-2.72,0.6,78.0,78.0,72.0,108.0,108.0,0.0,0.5,-2.72,72.28,0.19,-2.91,1,0,-1,0,1,0,1
EuroLeague,2020-2021,Round 24,2021-02-05,FC Bayern München,ALBA Berlin,101,95,71.5,141.3,132.9,132.9,141.3,5,14,-9,1,101,95,1,ALBA Berlin,1.25,77.0,76.0,71.2,108.1,106.7,1.4,1.0,85.0,72.0,74.1,114.7,97.2,17.5,1.0,-16.1,72.65,10.9,8.0,72.94,70.92,71.35,102.21,99.39,2.82,1.0,82.06,76.07,73.51,111.53,103.69,7.84,0.774,-5.02,72.43,-1.48,12.14,79.38,77.37,71.4,111.17,108.36,2.82,1.0,82.02,76.07,73.51,111.47,103.69,7.79,0.771,-4.97,72.45,7.48,3.12,81.91,81.03,72.46,112.89,111.56,1.33,0.838,82.0,76.07,73.51,111.47,103.7,7.77,0.77,-6.44,72.99,9.19,-0.1,77.55,80.18,72.33,107.03,110.62,-3.6,0.72,82.0,76.07,73.51,111.47,103.7,7.77,0.77,-11.37,72.92,3.33,0.84,78.17,79.42,72.42,107.74,109.46,-1.73,0.743,82.0,76.07,73.51,111.47,103.7,7.77,0.77,-9.49,72.97,4.04,2.0,77.99,79.54,72.35,107.62,109.77,-2.14,0.685,82.0,76.07,73.51,111.47,103.7,7.77,0.77,-9.91,72.93,3.93,1.7,78.24,79.57,72.3,108.06,109.9,-1.84,0.704,82.0,76.07,73.51,111.47,103.7,7.77,0.77,-9.61,72.9,4.36,1.57,78.34,79.47,72.31,108.19,109.75,-1.56,0.715,82.0,76.07,73.51,111.47,103.7,7.77,0.77,-9.33,72.91,4.49,1.71,78.48,79.64,72.28,108.44,110.04,-1.61,0.688,82.0,76.07,73.51,111.47,103.7,7.77,0.77,-9.38,72.89,4.74,1.42,0,0,0,1,0,0,1
BBL,2020-2021,Round 13,2021-02-07,Basketball Löwen Braunschweig,FC Bayern München,79,94,73.8,107.0,127.4,127.4,107.0,14,2,12,0,94,79,1,Basketball Löwen Braunschweig,1.0,65.0,75.0,70.1,92.7,107.0,-14.3,0.0,101.0,95.0,71.5,141.3,132.9,8.4,1.0,-22.7,70.8,-40.2,34.3,64.61,75.0,70.06,92.19,107.05,-14.87,0.0,91.72,87.65,71.38,128.46,122.77,5.69,1.0,-20.56,70.72,-30.58,21.4,64.61,75.0,70.06,92.19,107.05,-14.87,0.0,85.24,81.48,71.42,119.35,114.08,5.27,1.0,-20.13,70.74,-21.89,12.29,64.61,75.0,70.06,92.19,107.05,-14.87,0.0,87.08,83.64,71.43,121.9,117.09,4.8,1.0,-19.67,70.75,-24.91,14.84,64.61,75.0,70.06,92.19,107.05,-14.87,0.0,87.95,85.45,72.16,121.88,118.32,3.57,0.89,-18.43,71.11,-26.13,14.83,64.61,75.0,70.06,92.19,107.05,-14.87,0.0,84.22,84.4,72.09,116.78,116.97,-0.18,0.8,-14.68,71.08,-24.78,9.73,64.61,75.0,70.06,92.19,107.05,-14.87,0.0,84.27,83.58,72.18,116.71,115.73,0.98,0.812,-15.85,71.12,-23.54,9.66,64.61,75.0,70.06,92.19,107.05,-14.87,0.0,83.78,83.43,72.14,116.1,115.59,0.51,0.764,-15.38,71.1,-23.4,9.05,64.61,75.0,70.06,92.19,107.05,-14.87,0.0,83.7,83.27,72.11,116.03,115.42,0.62,0.775,-15.48,71.08,-23.23,8.98,64.61,75.0,70.06,92.19,107.05,-14.87,0.0,83.62,83.09,72.12,115.9,115.14,0.76,0.782,-15.63,71.09,-22.96,8.85,0,1,1,0,1,0,0
BBL,2020-2021,Round 14,2021-02-14,FC Bayern München,medi bayreuth,83,62,70.5,117.7,87.9,87.9,117.7,7,14,-7,1,83,62,1,medi bayreuth,1.0,94.0,79.0,73.8,127.4,107.0,20.4,1.0,71.0,89.0,73.0,97.3,121.9,-24.6,0.0,45.0,73.4,5.5,-9.7,97.55,87.12,72.63,134.46,120.15,14.31,1.0,71.2,89.05,73.03,97.53,121.92,-24.39,0.0,38.7,72.83,12.54,-22.62,92.57,84.42,72.28,128.06,116.89,11.18,1.0,71.21,89.06,73.03,97.54,121.93,-24.38,0.0,35.56,72.66,6.14,-19.34,87.85,80.74,72.13,121.75,111.97,9.78,1.0,71.21,89.06,73.03,97.54,121.93,-24.38,0.0,34.16,72.58,-0.18,-14.42,88.85,82.45,72.04,123.31,114.5,8.8,1.0,71.21,89.06,73.03,97.54,121.93,-24.38,0.0,33.19,72.53,1.38,-16.96,89.37,83.94,72.54,123.18,115.66,7.52,0.916,71.21,89.06,73.03,97.54,121.93,-24.38,0.0,31.9,72.79,1.25,-18.12,86.34,83.23,72.46,119.08,114.81,4.27,0.843,71.21,89.06,73.03,97.54,121.93,-24.38,0.0,28.65,72.75,-2.85,-17.27,86.27,82.64,72.51,118.91,113.93,4.98,0.851,71.21,89.06,73.03,97.54,121.93,-24.38,0.0,29.36,72.77,-3.01,-16.39,85.79,82.56,72.46,118.32,113.9,4.41,0.81,71.21,89.06,73.03,97.54,121.93,-24.38,0.0,28.8,72.75,-3.61,-16.36,85.65,82.47,72.43,118.18,113.83,4.35,0.818,71.21,89.06,73.03,97.54,121.93,-24.38,0.0,28.73,72.73,-3.75,-16.28,0,0,0,0,1,0,1
EuroLeague,2020-2021,Round 25,2021-02-19,LDLC ASVEL Villeurbanne,FC Bayern München,87,79,71.5,121.7,110.5,110.5,121.7,14,5,9,0,79,87,0,LDLC ASVEL Villeurbanne,1.25,62.0,76.0,71.5,86.7,106.3,-19.6,0.0,83.0,62.0,70.5,117.7,87.9,29.8,1.0,-49.4,71.0,-1.2,11.4,62.1,75.91,71.5,86.84,106.18,-19.33,0.008,87.77,69.37,71.93,121.91,96.18,25.72,1.0,-45.06,71.72,-9.34,15.73,62.1,75.95,71.5,86.85,106.23,-19.38,0.008,91.86,77.29,71.8,127.9,107.52,20.37,1.0,-39.76,71.65,-20.68,21.67,62.1,75.95,71.5,86.85,106.23,-19.38,0.008,89.43,77.08,71.7,124.67,107.39,17.28,1.0,-36.66,71.6,-20.54,18.44,62.1,75.95,71.5,86.85,106.23,-19.38,0.008,86.49,75.48,71.67,120.61,105.22,15.4,1.0,-34.78,71.59,-18.37,14.38,62.1,75.95,71.5,86.85,106.23,-19.38,0.008,87.38,77.32,71.65,121.9,107.82,14.08,1.0,-33.46,71.58,-20.98,15.67,62.1,75.95,71.5,86.85,106.23,-19.38,0.008,87.88,78.78,72.06,121.89,109.14,12.75,0.935,-32.14,71.78,-22.29,15.66,62.1,75.95,71.5,86.85,106.23,-19.38,0.008,85.6,78.55,72.03,118.78,108.88,9.9,0.878,-29.28,71.76,-22.03,12.55,62.1,75.95,71.5,86.85,106.23,-19.38,0.008,85.58,78.26,72.08,118.66,108.41,10.24,0.882,-29.62,71.79,-21.57,12.43,62.1,75.95,71.5,86.85,106.23,-19.38,0.008,85.22,78.37,72.06,118.19,108.6,9.59,0.849,-28.98,71.78,-21.75,11.96,0,0,0,1,0,0,1
EuroLeague,2020-2021,Round 26,2021-02-25,FC Bayern München,Maccabi Playtika Tel Aviv,72,70,71.5,100.7,97.9,97.9,100.7,6,14,-8,1,72,70,1,Maccabi Playtika Tel Aviv,1.25,79.0,87.0,71.5,110.5,121.7,-11.2,0.0,82.0,85.0,71.5,114.7,118.9,-4.2,0.0,-7.0,71.5,-8.4,-7.0,80.55,77.33,71.11,113.29,108.63,4.66,0.387,82.0,85.0,71.5,114.7,118.9,-4.2,0.0,8.86,71.31,-5.61,6.07,83.62,77.71,71.73,116.51,108.25,8.26,0.527,82.0,85.0,71.5,114.7,118.9,-4.2,0.0,12.46,71.61,-2.39,6.45,86.93,81.01,71.68,121.23,112.95,8.28,0.617,82.0,85.0,71.5,114.7,118.9,-4.2,0.0,12.48,71.59,2.33,1.75,85.87,80.47,71.63,119.82,112.28,7.54,0.658,82.0,85.0,71.5,114.7,118.9,-4.2,0.0,11.74,71.57,0.92,2.42,84.19,79.03,71.62,117.5,110.29,7.21,0.692,82.0,85.0,71.5,114.7,118.9,-4.2,0.0,11.41,71.56,-1.4,4.41,85.0,80.07,71.61,118.65,111.77,6.88,0.715,82.0,85.0,71.5,114.7,118.9,-4.2,0.0,11.08,71.55,-0.25,2.93,85.47,81.01,71.91,118.8,112.55,6.25,0.682,82.0,85.0,71.5,114.7,118.9,-4.2,0.0,10.45,71.71,-0.1,2.15,83.89,80.74,71.89,116.63,112.2,4.43,0.65,82.0,85.0,71.5,114.7,118.9,-4.2,0.0,8.63,71.7,-2.27,2.5,83.92,80.46,71.94,116.6,111.76,4.85,0.66,82.0,85.0,71.5,114.7,118.9,-4.2,0.0,9.05,71.72,-2.3,2.94,0,0,0,1,0,0,1
BBL,2020-2021,Round 15,2021-02-28,SYNTAINICS MBC,FC Bayern München,84,96,75.2,111.7,127.7,127.7,111.7,14,3,11,0,96,84,1,SYNTAINICS MBC,1.0,64.0,89.0,73.2,87.4,121.6,-34.2,0.0,72.0,70.0,71.5,100.7,97.9,2.8,1.0,-37.0,72.35,-10.5,-20.9,64.0,89.0,73.2,87.4,121.6,-34.2,0.0,75.06,77.43,71.5,104.98,108.31,-3.32,0.563,-30.88,72.35,-20.91,-16.62,64.0,89.0,73.2,87.4,121.6,-34.2,0.0,76.78,74.1,71.28,107.73,103.89,3.84,0.657,-38.04,72.24,-16.49,-13.87,64.0,89.0,73.2,87.4,121.6,-34.2,0.0,79.22,74.79,71.64,110.53,104.33,6.19,0.706,-40.39,72.42,-16.93,-11.07,64.0,89.0,73.2,87.4,121.6,-34.2,0.0,82.0,77.37,71.62,114.45,107.98,6.47,0.744,-40.67,72.41,-20.58,-7.15,64.0,89.0,73.2,87.4,121.6,-34.2,0.0,81.63,77.27,71.59,113.98,107.89,6.09,0.763,-40.29,72.4,-20.49,-7.62,64.0,89.0,73.2,87.4,121.6,-34.2,0.0,80.73,76.47,71.58,112.73,106.77,5.96,0.78,-40.16,72.39,-19.37,-8.87,64.0,89.0,73.2,87.4,121.6,-34.2,0.0,81.51,77.37,71.58,113.84,108.05,5.79,0.792,-39.99,72.39,-20.65,-7.76,64.0,89.0,73.2,87.4,121.6,-34.2,0.0,81.98,78.16,71.8,114.12,108.76,5.36,0.764,-39.56,72.5,-21.36,-7.48,64.0,89.0,73.2,87.4,121.6,-34.2,0.0,80.92,78.05,71.79,112.65,108.62,4.03,0.738,-38.23,72.5,-21.22,-8.95,0,0,0,0,1,0,0
EuroLeague,2020-2021,Round 27,2021-03-02,Crvena Zvezda mts Belgrade,FC Bayern München,76,78,71.5,106.3,109.1,109.1,106.3,14,2,12,0,78,76,1,Crvena Zvezda mts Belgrade,1.25,59.0,74.0,71.5,82.5,103.5,-21.0,0.0,96.0,84.0,75.2,127.7,111.7,16.0,1.0,-37.0,73.35,-29.2,24.2,59.28,73.91,71.5,82.89,103.37,-20.48,0.008,83.91,76.95,73.34,114.09,104.75,9.35,1.0,-29.83,72.42,-21.86,10.72,59.28,73.91,71.5,82.89,103.37,-20.48,0.008,82.53,79.77,72.82,113.08,109.52,3.57,0.719,-24.05,72.16,-26.63,9.71,59.28,73.91,71.5,82.89,103.37,-20.48,0.008,82.6,77.09,72.47,113.78,106.26,7.52,0.761,-28.01,71.98,-23.37,10.41,59.28,73.91,71.5,82.89,103.37,-20.48,0.008,83.78,77.29,72.61,115.19,106.33,8.85,0.786,-29.34,72.05,-23.44,11.81,59.28,73.91,71.5,82.89,103.37,-20.48,0.008,85.44,79.0,72.5,117.7,108.89,8.81,0.806,-29.29,72.0,-26.0,14.33,59.28,73.91,71.5,82.89,103.37,-20.48,0.008,84.95,78.83,72.43,117.15,108.77,8.39,0.818,-28.87,71.96,-25.88,13.78,59.28,73.91,71.5,82.89,103.37,-20.48,0.008,84.06,78.11,72.37,116.0,107.85,8.15,0.828,-28.64,71.94,-24.96,12.63,59.28,73.91,71.5,82.89,103.37,-20.48,0.008,84.54,78.76,72.34,116.73,108.81,7.92,0.835,-28.4,71.92,-25.93,13.36,59.28,73.91,71.5,82.89,103.37,-20.48,0.008,84.83,79.35,72.49,116.88,109.35,7.52,0.812,-28.01,72.0,-26.46,13.5,0,1,1,1,0,0,0
EuroLeague,2020-2021,Round 28,2021-03-04,FC Bayern München,Panathinaikos OPAP Athens,76,71,71.5,106.3,99.3,99.3,106.3,2,14,-12,1,76,71,1,Panathinaikos OPAP Athens,1.25,78.0,76.0,71.5,109.1,106.3,2.8,1.0,83.0,76.0,71.5,116.1,106.3,9.8,1.0,-7.0,71.5,2.8,9.8,85.16,79.18,72.97,116.49,108.45,8.05,1.0,83.11,76.05,71.5,116.25,106.37,9.88,1.0,-1.83,72.24,10.12,7.81,81.37,76.54,72.55,111.95,105.41,6.54,1.0,83.12,76.05,71.5,116.27,106.37,9.9,1.0,-3.36,72.02,5.58,10.85,80.94,78.45,72.36,111.69,108.39,3.3,0.817,83.12,76.05,71.5,116.27,106.37,9.9,1.0,-6.6,71.93,5.32,7.88,81.15,76.75,72.16,112.31,106.27,6.04,0.836,83.12,76.05,71.5,116.27,106.37,9.9,1.0,-3.86,71.83,5.94,10.0,82.09,76.92,72.28,113.41,106.32,7.09,0.848,83.12,76.05,71.5,116.27,106.37,9.9,1.0,-2.81,71.89,7.05,9.94,83.42,78.19,72.23,115.37,108.19,7.18,0.859,83.12,76.05,71.5,116.27,106.37,9.9,1.0,-2.72,71.86,9.01,8.08,83.15,78.09,72.19,115.06,108.13,6.94,0.865,83.12,76.05,71.5,116.27,106.37,9.9,1.0,-2.96,71.84,8.7,8.14,82.56,77.59,72.16,114.29,107.46,6.82,0.871,83.12,76.05,71.5,116.27,106.37,9.9,1.0,-3.08,71.83,7.92,8.8,82.97,78.09,72.14,114.9,108.21,6.69,0.875,83.12,76.05,71.5,116.27,106.37,9.9,1.0,-3.21,71.82,8.53,8.06,1,0,-1,1,0,0,1
BBL,2020-2021,Round 16,2021-03-07,FC Bayern München,HAKRO Merlins Crailsheim,103,85,76.8,134.1,110.7,110.7,134.1,3,14,-11,1,103,85,1,HAKRO Merlins Crailsheim,1.0,76.0,71.0,71.5,106.3,99.3,7.0,1.0,63.0,80.0,71.5,88.1,111.9,-23.8,0.0,30.8,71.5,-5.6,-11.2,76.9,73.26,71.5,107.57,102.46,5.1,1.0,64.48,82.78,72.06,89.38,114.68,-25.3,0.0,30.4,71.78,-7.11,-13.09,81.29,75.73,72.35,112.19,104.59,7.61,1.0,64.54,82.8,72.07,89.44,114.69,-25.25,0.0,32.86,72.21,-2.5,-15.14,79.53,74.64,72.19,110.02,103.32,6.7,1.0,64.54,82.8,72.07,89.44,114.69,-25.25,0.0,31.95,72.13,-4.68,-13.88,79.46,76.23,72.1,110.08,105.68,4.4,0.872,64.54,82.8,72.07,89.44,114.69,-25.25,0.0,29.65,72.09,-4.61,-16.23,79.73,75.16,71.98,110.65,104.35,6.3,0.881,64.54,82.8,72.07,89.44,114.69,-25.25,0.0,31.55,72.03,-4.04,-14.9,80.5,75.37,72.08,111.56,104.49,7.07,0.888,64.54,82.8,72.07,89.44,114.69,-25.25,0.0,32.32,72.07,-3.14,-15.05,81.59,76.41,72.05,113.13,105.99,7.14,0.894,64.54,82.8,72.07,89.44,114.69,-25.25,0.0,32.39,72.06,-1.56,-16.55,81.44,76.4,72.02,112.97,106.02,6.95,0.897,64.54,82.8,72.07,89.44,114.69,-25.25,0.0,32.2,72.05,-1.73,-16.57,81.04,76.06,72.0,112.44,105.57,6.86,0.901,64.54,82.8,72.07,89.44,114.69,-25.25,0.0,32.11,72.04,-2.26,-16.13,0,0,0,0,1,0,1
EuroLeague,2020-2021,Round 29,2021-03-12,TD Systems Baskonia Vitoria-Gasteiz,FC Bayern München,78,71,71.5,109.1,99.3,99.3,109.1,14,5,9,0,71,78,0,TD Systems Baskonia Vitoria-Gasteiz,1.25,66.0,77.0,71.5,92.3,107.7,-15.4,0.0,103.0,85.0,76.8,134.1,110.7,23.4,1.0,-38.8,74.15,-18.4,26.4,66.0,77.0,71.5,92.3,107.7,-15.4,0.0,89.39,77.95,74.13,120.09,104.96,15.14,1.0,-30.54,72.81,-12.66,12.39,66.0,77.0,71.5,92.3,107.7,-15.4,0.0,86.05,77.37,73.36,116.86,105.35,11.51,1.0,-26.91,72.43,-13.05,9.16,66.0,77.0,71.5,92.3,107.7,-15.4,0.0,87.66,78.45,73.66,118.62,106.38,12.24,1.0,-27.64,72.58,-14.08,10.92,66.0,77.0,71.5,92.3,107.7,-15.4,0.0,85.45,77.25,73.35,116.09,105.18,10.91,1.0,-26.31,72.43,-12.88,8.39,66.0,77.0,71.5,92.3,107.7,-15.4,0.0,84.81,78.22,73.17,115.53,106.82,8.72,0.901,-24.12,72.33,-14.52,7.83,66.0,77.0,71.5,92.3,107.7,-15.4,0.0,84.7,77.27,73.01,115.66,105.7,9.96,0.907,-25.36,72.26,-13.4,7.96,66.0,77.0,71.5,92.3,107.7,-15.4,0.0,85.1,77.34,73.04,116.17,105.76,10.41,0.911,-25.81,72.27,-13.46,8.47,66.0,77.0,71.5,92.3,107.7,-15.4,0.0,85.78,78.09,72.98,117.23,106.91,10.32,0.915,-25.72,72.24,-14.61,9.53,66.0,77.0,71.5,92.3,107.7,-15.4,0.0,85.55,78.04,72.93,117.0,106.91,10.09,0.917,-25.49,72.22,-14.61,9.3,0,0,0,1,0,0,1
BBL,2020-2021,Round 17,2021-03-14,JobStairs GIESSEN 46ers,FC Bayern München,95,94,76.5,124.2,122.9,122.9,124.2,14,2,12,0,94,95,0,JobStairs GIESSEN 46ers,1.0,76.0,82.0,74.0,102.7,110.8,-8.1,0.0,71.0,78.0,71.5,99.3,109.1,-9.8,0.0,1.7,72.75,-6.4,-11.5,76.0,82.0,74.0,102.7,110.8,-8.1,0.0,83.38,80.71,73.55,112.76,109.72,3.04,0.387,-11.14,73.78,-7.02,1.96,76.0,82.0,74.0,102.7,110.8,-8.1,0.0,81.3,77.97,72.97,110.94,106.78,4.16,0.56,-12.26,73.49,-4.08,0.14,76.0,82.0,74.0,102.7,110.8,-8.1,0.0,80.67,77.6,72.69,110.59,106.69,3.9,0.643,-12.0,73.35,-3.99,-0.21,76.0,82.0,74.0,102.7,110.8,-8.1,0.0,82.37,78.31,72.97,112.49,107.24,5.24,0.682,-13.34,73.49,-4.54,1.69,76.0,82.0,74.0,102.7,110.8,-8.1,0.0,81.32,77.47,72.82,111.29,106.3,5.0,0.715,-13.1,73.41,-3.6,0.49,76.0,82.0,74.0,102.7,110.8,-8.1,0.0,81.15,78.16,72.73,111.24,107.42,3.82,0.663,-11.92,73.36,-4.72,0.44,76.0,82.0,74.0,102.7,110.8,-8.1,0.0,81.24,77.45,72.63,111.52,106.56,4.96,0.677,-13.06,73.31,-3.86,0.72,76.0,82.0,74.0,102.7,110.8,-8.1,0.0,81.65,77.5,72.67,112.04,106.58,5.46,0.688,-13.56,73.33,-3.88,1.24,76.0,82.0,74.0,102.7,110.8,-8.1,0.0,82.28,78.07,72.63,112.99,107.43,5.56,0.698,-13.66,73.31,-4.73,2.19,0,1,1,0,1,0,1
EuroLeague,2020-2021,Round 30,2021-03-19,FC Bayern München,Anadolu Efes Istanbul,80,79,71.5,111.9,110.5,110.5,111.9,5,14,-9,1,80,79,1,Anadolu Efes Istanbul,1.25,94.0,95.0,76.5,122.9,124.2,-1.3,0.0,71.0,74.0,71.5,99.3,103.5,-4.2,0.0,2.9,74.0,19.4,-24.9,82.32,86.37,73.96,110.92,116.53,-5.62,0.0,71.25,73.84,71.5,99.65,103.28,-3.63,0.015,-1.99,72.73,7.64,-16.89,87.34,86.04,74.65,116.54,115.12,1.42,0.243,71.36,73.84,71.5,99.81,103.28,-3.47,0.018,4.9,73.08,13.26,-15.31,85.1,83.06,74.03,114.52,111.99,2.53,0.392,71.36,73.84,71.5,99.81,103.28,-3.47,0.018,6.0,72.76,11.24,-12.18,84.1,82.07,73.67,113.76,111.19,2.56,0.478,71.36,73.84,71.5,99.81,103.28,-3.47,0.018,6.04,72.59,10.48,-11.39,85.11,82.24,73.8,114.94,111.24,3.7,0.522,71.36,73.84,71.5,99.81,103.28,-3.47,0.018,7.17,72.65,11.66,-11.43,84.07,81.27,73.62,113.81,110.18,3.63,0.56,71.36,73.84,71.5,99.81,103.28,-3.47,0.018,7.1,72.56,10.53,-10.37,83.78,81.6,73.5,113.62,110.85,2.77,0.527,71.36,73.84,71.5,99.81,103.28,-3.47,0.018,6.24,72.5,10.34,-11.04,83.75,80.91,73.39,113.76,110.04,3.72,0.544,71.36,73.84,71.5,99.81,103.28,-3.47,0.018,7.2,72.45,10.48,-10.23,84.02,80.86,73.4,114.12,109.96,4.16,0.556,71.36,73.84,71.5,99.81,103.28,-3.47,0.018,7.64,72.45,10.84,-10.15,0,0,0,1,0,0,1
BBL,2020-2021,Round 18,2021-03-21,FC Bayern München,RASTA Vechta,89,74,72.1,123.4,102.6,102.6,123.4,2,14,-12,1,89,74,1,RASTA Vechta,1.0,80.0,79.0,71.5,111.9,110.5,1.4,1.0,78.0,90.0,74.0,105.4,121.6,-16.2,0.0,17.6,72.75,-9.7,-5.1,85.42,85.19,73.43,116.16,115.8,0.36,0.613,77.92,89.93,73.97,105.33,121.54,-16.22,0.0,16.57,73.7,-5.39,-10.47,81.31,83.14,72.88,111.35,113.89,-2.54,0.438,77.92,89.93,73.97,105.33,121.54,-16.22,0.0,13.68,73.43,-10.19,-8.56,84.61,83.42,73.48,114.82,113.4,1.41,0.524,77.92,89.93,73.97,105.33,121.54,-16.22,0.0,17.63,73.73,-6.72,-8.08,83.46,81.76,73.21,113.68,111.51,2.16,0.588,77.92,89.93,73.97,105.33,121.54,-16.22,0.0,18.38,73.59,-7.87,-6.19,82.91,81.18,73.04,113.22,110.99,2.23,0.629,77.92,89.93,73.97,105.33,121.54,-16.22,0.0,18.44,73.51,-8.32,-5.67,83.72,81.36,73.18,114.11,111.04,3.08,0.652,77.92,89.93,73.97,105.33,121.54,-16.22,0.0,19.29,73.57,-7.43,-5.71,83.03,80.69,73.08,113.32,110.26,3.06,0.672,77.92,89.93,73.97,105.33,121.54,-16.22,0.0,19.28,73.53,-8.22,-4.94,82.85,80.96,73.01,113.2,110.76,2.44,0.643,77.92,89.93,73.97,105.33,121.54,-16.22,0.0,18.65,73.49,-8.34,-5.44,82.86,80.45,72.94,113.32,110.15,3.17,0.652,77.92,89.93,73.97,105.33,121.54,-16.22,0.0,19.39,73.46,-8.22,-4.82,1,0,-1,0,1,0,1
EuroLeague,2020-2021,Round 31,2021-03-25,Valencia Basket,FC Bayern München,83,76,71.5,116.1,106.3,106.3,116.1,14,4,10,0,76,83,0,Valencia Basket,1.25,79.0,90.0,71.5,110.5,125.9,-15.4,0.0,89.0,74.0,72.1,123.4,102.6,20.8,1.0,-36.2,71.8,7.9,-2.5,78.84,89.61,71.5,110.27,125.35,-15.08,0.013,84.43,76.54,71.8,117.56,106.61,10.95,1.0,-26.03,71.65,3.66,-7.79,78.85,89.51,71.5,110.28,125.21,-14.93,0.016,86.75,81.02,72.94,118.86,110.88,7.98,0.757,-22.91,72.22,-0.59,-6.35,78.85,89.51,71.5,110.28,125.21,-14.93,0.016,83.6,80.41,72.65,114.94,110.52,4.42,0.606,-19.35,72.07,-0.24,-10.27,78.85,89.51,71.5,110.28,125.21,-14.93,0.016,85.77,80.93,73.11,117.09,110.54,6.55,0.65,-21.48,72.31,-0.26,-8.12,78.85,89.51,71.5,110.28,125.21,-14.93,0.016,84.78,79.91,72.95,115.99,109.39,6.6,0.686,-21.52,72.22,0.89,-9.22,78.85,89.51,71.5,110.28,125.21,-14.93,0.016,84.25,79.61,72.84,115.45,109.15,6.3,0.71,-21.23,72.17,1.13,-9.76,78.85,89.51,71.5,110.28,125.21,-14.93,0.016,84.82,79.82,72.95,116.05,109.28,6.77,0.724,-21.7,72.23,1.01,-9.16,78.85,89.51,71.5,110.28,125.21,-14.93,0.016,84.22,79.36,72.88,115.33,108.74,6.59,0.737,-21.51,72.19,1.55,-9.89,78.85,89.51,71.5,110.28,125.21,-14.93,0.016,84.03,79.63,72.83,115.15,109.2,5.96,0.711,-20.88,72.17,1.09,-10.06,0,0,0,1,0,0,1
BBL,2020-2021,Round 19,2021-03-28,SKYLINERS Frankfurt,FC Bayern München,52,75,68.2,76.2,110.0,110.0,76.2,14,3,11,0,75,52,1,SKYLINERS Frankfurt,1.0,58.0,84.0,69.5,83.5,120.9,-37.4,0.0,76.0,83.0,71.5,106.3,116.1,-9.8,0.0,-27.6,70.5,-32.6,-14.6,58.06,83.98,69.49,83.59,120.88,-37.29,0.0,81.08,79.49,71.73,112.98,110.83,2.15,0.39,-39.43,70.61,-27.24,-7.9,58.09,83.97,69.5,83.63,120.86,-37.24,0.0,80.77,79.35,71.67,112.67,110.74,1.93,0.565,-39.17,70.58,-27.11,-8.2,58.09,83.97,69.5,83.63,120.86,-37.24,0.0,82.8,81.75,72.41,114.24,112.8,1.44,0.479,-38.67,70.95,-29.17,-6.63,58.09,83.97,69.5,83.63,120.86,-37.24,0.0,81.19,81.24,72.28,112.2,112.29,-0.1,0.413,-37.14,70.89,-28.67,-8.67,58.09,83.97,69.5,83.63,120.86,-37.24,0.0,82.91,81.53,72.64,113.93,112.17,1.77,0.46,-39.0,71.07,-28.54,-6.93,58.09,83.97,69.5,83.63,120.86,-37.24,0.0,82.4,80.75,72.56,113.36,111.21,2.16,0.5,-39.39,71.03,-27.58,-7.5,58.09,83.97,69.5,83.63,120.86,-37.24,0.0,82.14,80.47,72.5,113.12,110.92,2.19,0.529,-39.43,71.0,-27.3,-7.75,58.09,83.97,69.5,83.63,120.86,-37.24,0.0,82.65,80.6,72.6,113.65,110.95,2.7,0.546,-39.94,71.05,-27.33,-7.21,58.09,83.97,69.5,83.63,120.86,-37.24,0.0,82.27,80.22,72.56,113.19,110.48,2.7,0.563,-39.94,71.03,-26.86,-7.68,0,0,0,0,1,0,0
EuroLeague,2020-2021,Round 32,2021-03-30,FC Bayern München,Fenerbahce Beko Istanbul,68,77,71.5,95.1,107.7,107.7,95.1,2,14,-12,1,68,77,0,Fenerbahce Beko Istanbul,1.25,75.0,52.0,68.2,110.0,76.2,33.8,1.0,71.0,75.0,71.5,99.3,104.9,-5.6,0.0,39.4,69.85,5.1,23.1,75.5,67.62,69.86,108.14,96.31,11.83,0.496,71.09,75.03,71.5,99.43,104.95,-5.52,0.005,17.35,70.68,3.19,3.13,78.8,69.18,70.41,111.86,97.84,14.02,0.619,71.09,75.03,71.5,99.43,104.95,-5.52,0.005,19.54,70.95,6.91,1.59,79.04,71.15,70.63,111.87,100.39,11.48,0.696,71.09,75.03,71.5,99.43,104.95,-5.52,0.005,17.0,71.06,6.92,-0.95,80.72,73.84,71.29,113.11,103.07,10.04,0.617,71.09,75.03,71.5,99.43,104.95,-5.52,0.005,15.56,71.39,8.16,-3.63,79.71,74.27,71.31,111.67,103.69,7.98,0.553,71.09,75.03,71.5,99.43,104.95,-5.52,0.005,13.5,71.41,6.73,-4.26,81.14,74.93,71.65,113.05,104.12,8.93,0.581,71.09,75.03,71.5,99.43,104.95,-5.52,0.005,14.45,71.57,8.11,-4.69,80.84,74.7,71.64,112.66,103.84,8.82,0.605,71.09,75.03,71.5,99.43,104.95,-5.52,0.005,14.33,71.57,7.71,-4.41,80.71,74.76,71.63,112.49,103.95,8.54,0.624,71.09,75.03,71.5,99.43,104.95,-5.52,0.005,14.05,71.57,7.54,-4.52,81.16,75.03,71.74,112.94,104.18,8.76,0.635,71.09,75.03,71.5,99.43,104.95,-5.52,0.005,14.28,71.62,7.99,-4.75,1,0,-1,1,0,0,0
EuroLeague,2020-2021,Round 33,2021-04-01,FC Bayern München,Zalgiris Kaunas,71,70,71.5,99.3,97.9,97.9,99.3,2,14,-12,1,71,70,1,Zalgiris Kaunas,1.25,68.0,77.0,71.5,95.1,107.7,-12.6,0.0,74.0,73.0,71.5,103.5,102.1,1.4,1.0,-14.0,71.5,-7.0,-4.2,70.78,67.06,70.19,101.02,95.18,5.85,0.398,74.09,73.0,71.5,103.62,102.1,1.52,1.0,4.32,70.84,-1.08,8.45,72.28,71.65,70.57,102.54,101.2,1.35,0.283,74.09,73.0,71.5,103.62,102.1,1.52,1.0,-0.18,71.03,0.44,2.43,74.88,72.01,70.8,105.79,101.41,4.37,0.395,74.09,73.0,71.5,103.62,102.1,1.52,1.0,2.85,71.15,3.69,2.21,75.59,72.98,70.9,106.63,102.67,3.96,0.478,74.09,73.0,71.5,103.62,102.1,1.52,1.0,2.44,71.2,4.53,0.95,77.07,74.74,71.35,107.94,104.4,3.54,0.44,74.09,73.0,71.5,103.62,102.1,1.52,1.0,2.01,71.42,5.84,-0.77,76.6,74.99,71.36,107.28,104.76,2.52,0.406,74.09,73.0,71.5,103.62,102.1,1.52,1.0,1.0,71.43,5.18,-1.13,77.82,75.45,71.61,108.51,105.03,3.48,0.434,74.09,73.0,71.5,103.62,102.1,1.52,1.0,1.96,71.56,6.41,-1.4,77.74,75.25,71.61,108.41,104.77,3.64,0.459,74.09,73.0,71.5,103.62,102.1,1.52,1.0,2.11,71.55,6.31,-1.15,77.75,75.28,71.6,108.44,104.83,3.61,0.478,74.09,73.0,71.5,103.62,102.1,1.52,1.0,2.08,71.55,6.34,-1.2,1,0,-1,1,0,0,1
BBL,2020-2021,Round 20,2021-04-04,FC Bayern München,Telekom Baskets Bonn,78,69,71.0,109.9,97.2,97.2,109.9,3,14,-11,1,78,69,1,Telekom Baskets Bonn,1.0,71.0,70.0,71.5,99.3,97.9,1.4,1.0,71.0,89.0,73.2,97.0,121.6,-24.6,0.0,26.0,72.35,-22.3,-0.9,69.64,73.16,71.5,97.4,102.33,-4.93,0.548,71.03,88.9,73.19,97.05,121.48,-24.43,0.005,19.5,72.35,-24.07,-5.28,70.87,68.3,70.74,100.3,96.33,3.97,0.652,71.05,88.91,73.2,97.08,121.47,-24.4,0.005,28.37,71.97,-21.18,0.75,71.84,71.08,70.89,101.43,100.07,1.36,0.528,71.05,88.91,73.2,97.08,121.47,-24.4,0.005,25.76,72.04,-20.04,-2.99,73.7,71.4,71.02,103.81,100.34,3.46,0.579,71.05,88.91,73.2,97.08,121.47,-24.4,0.005,27.86,72.11,-17.67,-3.27,74.33,72.16,71.07,104.62,101.36,3.26,0.622,71.05,88.91,73.2,97.08,121.47,-24.4,0.005,27.65,72.13,-16.86,-4.28,75.5,73.52,71.39,105.71,102.72,2.99,0.585,71.05,88.91,73.2,97.08,121.47,-24.4,0.005,27.38,72.29,-15.77,-5.64,75.24,73.78,71.39,105.34,103.09,2.25,0.551,71.05,88.91,73.2,97.08,121.47,-24.4,0.005,26.64,72.3,-16.14,-6.01,76.22,74.17,71.58,106.35,103.36,2.99,0.567,71.05,88.91,73.2,97.08,121.47,-24.4,0.005,27.39,72.39,-15.13,-6.28,76.21,74.06,71.58,106.35,103.22,3.13,0.582,71.05,88.91,73.2,97.08,121.47,-24.4,0.005,27.53,72.39,-15.13,-6.14,0,0,0,0,1,0,1
EuroLeague,2020-2021,Round 34,2021-04-09,FC Barcelona,FC Bayern München,72,82,71.5,100.7,114.7,114.7,100.7,14,5,9,0,82,72,1,FC Barcelona,1.25,77.0,90.0,71.5,107.7,125.9,-18.2,0.0,78.0,69.0,71.0,109.9,97.2,12.7,1.0,-30.9,71.25,10.5,-16.0,77.06,89.91,71.5,107.78,125.77,-17.99,0.009,74.47,69.5,71.25,104.56,97.55,7.01,1.0,-24.99,71.38,10.23,-21.21,77.06,89.85,71.5,107.78,125.69,-17.91,0.012,72.57,71.7,71.32,101.78,100.53,1.25,0.706,-19.16,71.41,7.25,-23.9,77.06,89.85,71.5,107.78,125.69,-17.91,0.012,72.97,68.51,70.82,103.12,96.58,6.53,0.754,-24.44,71.16,11.2,-22.57,77.06,89.85,71.5,107.78,125.69,-17.91,0.012,73.4,70.56,70.91,103.57,99.35,4.22,0.647,-22.13,71.21,8.43,-22.12,77.06,89.85,71.5,107.78,125.69,-17.91,0.012,74.69,70.84,71.01,105.21,99.62,5.6,0.677,-23.5,71.26,8.16,-20.47,77.06,89.85,71.5,107.78,125.69,-17.91,0.012,75.11,71.49,71.05,105.74,100.47,5.27,0.702,-23.17,71.28,7.3,-19.94,77.06,89.85,71.5,107.78,125.69,-17.91,0.012,76.01,72.6,71.31,106.56,101.6,4.96,0.669,-22.86,71.4,6.18,-19.13,77.06,89.85,71.5,107.78,125.69,-17.91,0.012,75.77,72.85,71.32,106.22,101.95,4.27,0.638,-22.17,71.41,5.83,-19.47,77.06,89.85,71.5,107.78,125.69,-17.91,0.012,76.55,73.2,71.48,107.01,102.2,4.81,0.648,-22.72,71.49,5.58,-18.67,0,0,0,1,0,0,0
BBL,2020-2021,Round 21,2021-04-11,BG Göttingen,FC Bayern München,91,102,77.4,117.6,131.8,131.8,117.6,14,2,12,0,102,91,1,BG Göttingen,1.0,72.0,90.0,72.8,98.9,123.6,-24.7,0.0,82.0,72.0,71.5,114.7,100.7,14.0,1.0,-38.7,72.15,-1.8,-8.9,71.04,90.0,72.81,97.57,123.58,-26.01,0.0,80.45,70.84,71.31,112.84,99.35,13.5,1.0,-39.51,72.06,-1.78,-10.74,71.03,89.98,72.8,97.57,123.56,-26.0,0.0,77.79,70.6,71.36,109.02,98.94,10.08,1.0,-36.08,72.08,-1.37,-14.54,71.03,89.98,72.8,97.57,123.56,-26.0,0.0,75.94,71.81,71.39,106.39,100.59,5.8,0.811,-31.8,72.1,-3.02,-17.17,71.03,89.98,72.8,97.57,123.56,-26.0,0.0,75.83,69.62,71.03,106.79,97.89,8.9,0.832,-34.9,71.92,-0.32,-16.77,71.03,89.98,72.8,97.57,123.56,-26.0,0.0,75.85,70.97,71.08,106.74,99.73,7.01,0.748,-33.01,71.94,-2.16,-16.82,71.03,89.98,72.8,97.57,123.56,-26.0,0.0,76.65,71.15,71.14,107.76,99.91,7.85,0.763,-33.85,71.97,-2.34,-15.81,71.03,89.98,72.8,97.57,123.56,-26.0,0.0,76.85,71.62,71.16,108.0,100.53,7.47,0.777,-33.47,71.98,-2.96,-15.56,71.03,89.98,72.8,97.57,123.56,-26.0,0.0,77.46,72.46,71.36,108.54,101.38,7.16,0.749,-33.15,72.08,-3.81,-15.03,71.03,89.98,72.8,97.57,123.56,-26.0,0.0,77.23,72.65,71.36,108.21,101.66,6.55,0.723,-32.55,72.08,-4.09,-15.36,0,1,1,0,1,0,0
BBL-Pokal,2020-2021,Semifinal,2021-04-14,FC Bayern München,ratiopharm ulm,104,102,78.5,132.5,129.9,129.9,132.5,3,14,-11,1,104,102,1,ratiopharm ulm,1.05,102.0,91.0,77.4,131.8,117.6,14.2,1.0,77.0,81.0,72.6,106.1,111.6,-5.5,0.0,19.7,75.0,20.2,-11.5,91.85,81.35,74.4,123.12,109.02,14.1,1.0,77.56,81.13,72.71,106.69,111.61,-4.91,0.031,19.01,73.56,11.51,-2.33,88.49,78.36,73.58,119.91,106.15,13.76,1.0,77.55,81.13,72.71,106.68,111.61,-4.93,0.031,18.69,73.14,8.3,0.52,85.03,76.71,73.17,115.84,104.52,11.32,1.0,77.55,81.13,72.71,106.68,111.61,-4.93,0.031,16.25,72.94,4.23,2.16,82.64,76.75,72.93,112.93,104.97,7.96,0.86,77.55,81.13,72.71,106.68,111.61,-4.93,0.031,12.9,72.82,1.32,1.71,82.0,74.65,72.53,112.68,102.53,10.15,0.872,77.55,81.13,72.71,106.68,111.61,-4.93,0.031,15.08,72.62,1.07,4.15,81.52,75.31,72.45,112.18,103.61,8.57,0.803,77.55,81.13,72.71,106.68,111.61,-4.93,0.031,13.5,72.58,0.57,3.07,81.88,75.25,72.43,112.72,103.56,9.16,0.812,77.55,81.13,72.71,106.68,111.61,-4.93,0.031,14.09,72.57,1.11,3.12,81.79,75.43,72.39,112.68,103.89,8.79,0.821,77.55,81.13,72.71,106.68,111.61,-4.93,0.031,13.73,72.55,1.07,2.79,82.15,76.0,72.51,112.98,104.48,8.5,0.797,77.55,81.13,72.71,106.68,111.61,-4.93,0.031,13.43,72.61,1.36,2.2,0,0,0,0,0,1,1
BBL-Pokal,2020-2021,Final,2021-04-15,FC Bayern München,ALBA Berlin,85,79,74.0,114.9,106.8,106.8,114.9,1,14,-13,1,85,79,1,ALBA Berlin,1.05,104.0,102.0,78.5,132.5,129.9,2.6,1.0,95.0,101.0,71.5,132.9,141.3,-8.4,0.0,11.0,75.0,-8.8,3.0,103.13,97.2,78.02,132.19,124.53,7.66,1.0,92.07,92.5,72.26,127.57,128.38,-0.81,0.293,8.47,75.14,3.82,3.03,96.57,89.38,76.0,126.77,117.14,9.63,1.0,90.49,92.3,72.2,125.45,128.18,-2.74,0.27,12.36,74.1,-1.41,8.31,93.53,86.05,75.18,124.01,113.88,10.13,1.0,90.46,92.28,72.2,125.41,128.15,-2.74,0.27,12.87,73.69,-4.15,11.54,90.32,83.76,74.65,120.48,111.6,8.89,1.0,90.45,92.27,72.2,125.4,128.14,-2.74,0.269,11.63,73.43,-7.65,13.8,87.97,83.05,74.32,117.81,111.19,6.62,0.895,90.45,92.27,72.2,125.4,128.14,-2.74,0.269,9.37,73.26,-10.33,14.21,87.13,81.03,73.93,117.31,108.92,8.39,0.902,90.45,92.27,72.2,125.4,128.14,-2.74,0.269,11.13,73.06,-10.83,16.48,86.44,81.15,73.78,116.62,109.36,7.26,0.846,90.45,92.27,72.2,125.4,128.14,-2.74,0.269,10.0,72.99,-11.51,16.04,86.54,80.88,73.71,116.88,109.1,7.78,0.852,90.45,92.27,72.2,125.4,128.14,-2.74,0.269,10.52,72.96,-11.26,16.29,86.29,80.81,73.63,116.69,109.16,7.54,0.857,90.45,92.27,72.2,125.4,128.14,-2.74,0.269,10.28,72.92,-11.44,16.24,1,0,-1,0,0,1,1
BBL,2020-2021,Round 22,2021-04-18,FC Bayern München,MHP RIESEN Ludwigsburg,93,70,73.0,127.4,95.9,95.9,127.4,3,14,-11,1,93,70,1,MHP RIESEN Ludwigsburg,1.0,85.0,79.0,74.0,114.9,106.8,8.1,1.0,77.0,74.0,71.4,107.8,103.6,4.2,1.0,3.9,72.7,11.3,1.0,93.66,89.48,76.05,122.92,117.33,5.59,1.0,76.77,73.94,71.43,107.44,103.48,3.96,0.944,1.63,73.74,19.45,-9.89,95.83,89.88,76.4,125.24,117.4,7.84,1.0,77.23,74.35,71.59,107.82,103.8,4.02,0.946,3.81,74.0,21.44,-9.58,92.9,86.09,75.36,123.0,113.86,9.14,1.0,77.24,74.36,71.59,107.84,103.82,4.03,0.946,5.11,73.48,19.19,-6.02,91.15,84.07,74.85,121.46,111.9,9.56,1.0,77.24,74.36,71.59,107.84,103.82,4.03,0.946,5.53,73.22,17.64,-4.05,88.99,82.57,74.49,119.09,110.4,8.69,1.0,77.24,74.36,71.59,107.84,103.82,4.03,0.946,4.66,73.04,15.27,-2.55,87.29,82.12,74.25,117.14,110.18,6.96,0.919,77.24,74.36,71.59,107.84,103.82,4.03,0.946,2.93,72.92,13.33,-2.34,86.67,80.59,73.94,116.78,108.45,8.33,0.923,77.24,74.36,71.59,107.84,103.82,4.03,0.946,4.3,72.77,12.97,-0.61,86.14,80.71,73.82,116.27,108.83,7.44,0.878,77.24,74.36,71.59,107.84,103.82,4.03,0.946,3.41,72.71,12.45,-0.99,86.23,80.5,73.77,116.48,108.64,7.84,0.881,77.24,74.36,71.59,107.84,103.82,4.03,0.946,3.82,72.68,12.67,-0.8,0,0,0,0,1,0,1
EuroLeague,2020-2021,Round 35,2021-04-20,AX Armani Exchange Milan,FC Bayern München,79,78,71.5,110.5,109.1,109.1,110.5,14,2,12,0,78,79,0,AX Armani Exchange Milan,1.25,75.0,51.0,71.5,104.9,71.3,33.6,1.0,93.0,70.0,73.0,127.4,95.9,31.5,1.0,2.1,72.25,9.0,56.1,75.83,54.88,71.5,106.06,76.73,29.33,1.0,89.32,74.14,73.46,121.64,100.92,20.73,1.0,8.61,72.48,5.15,44.91,75.84,54.95,71.5,106.08,76.83,29.25,1.0,93.4,81.89,74.86,124.67,108.98,15.68,1.0,13.57,73.18,-2.91,47.84,75.84,54.96,71.5,106.07,76.84,29.23,1.0,94.93,83.51,75.31,125.93,110.51,15.42,1.0,13.81,73.41,-4.44,49.09,75.84,54.96,71.5,106.07,76.84,29.23,1.0,92.93,81.73,74.72,124.19,108.99,15.2,1.0,14.03,73.11,-2.92,47.36,75.84,54.96,71.5,106.07,76.84,29.23,1.0,91.6,80.6,74.39,122.93,107.95,14.98,1.0,14.25,72.95,-1.88,46.09,75.84,54.96,71.5,106.07,76.84,29.23,1.0,89.9,79.72,74.15,120.97,107.12,13.86,1.0,15.38,72.83,-1.05,44.13,75.84,54.96,71.5,106.07,76.84,29.23,1.0,88.5,79.55,73.98,119.32,107.15,12.17,0.936,17.07,72.74,-1.08,42.48,75.84,54.96,71.5,106.07,76.84,29.23,1.0,87.95,78.43,73.75,118.94,105.9,13.04,0.939,16.19,72.62,0.17,42.1,75.84,54.96,71.5,106.07,76.84,29.23,1.0,87.48,78.61,73.66,118.44,106.3,12.14,0.902,17.09,72.58,-0.23,41.6,0,1,1,1,0,0,1
EuroLeague,2020-2021,Round 36,2021-04-22,AX Armani Exchange Milan,FC Bayern München,80,69,71.5,111.9,96.5,96.5,111.9,2,2,0,0,69,80,0,AX Armani Exchange Milan,1.25,79.0,78.0,71.5,110.5,109.1,1.4,1.0,78.0,79.0,71.5,109.1,110.5,-1.4,0.0,2.8,71.5,0.0,0.0,78.27,73.06,71.5,109.48,102.19,7.29,1.0,83.96,75.42,72.1,116.38,104.7,11.68,0.398,-4.39,71.8,4.78,14.18,78.35,73.23,71.5,109.59,102.43,7.16,1.0,84.23,76.33,72.58,116.0,105.23,10.77,0.55,-3.61,72.04,4.36,13.57,78.35,73.24,71.5,109.59,102.43,7.15,1.0,87.69,80.82,73.61,118.89,109.55,9.34,0.629,-2.19,72.56,0.04,16.46,78.35,73.24,71.5,109.58,102.43,7.15,1.0,89.39,82.03,74.07,120.43,110.51,9.92,0.673,-2.77,72.78,-0.92,18.0,78.35,73.24,71.5,109.58,102.43,7.15,1.0,88.58,80.94,73.79,119.8,109.43,10.37,0.709,-3.22,72.64,0.15,17.37,78.35,73.24,71.5,109.58,102.43,7.15,1.0,87.9,80.16,73.61,119.16,108.64,10.52,0.728,-3.37,72.55,0.94,16.73,78.35,73.24,71.5,109.58,102.43,7.15,1.0,86.86,79.54,73.48,117.94,107.98,9.96,0.745,-2.81,72.49,1.6,15.51,78.35,73.24,71.5,109.58,102.43,7.15,1.0,85.95,79.42,73.38,116.83,107.97,8.87,0.709,-1.71,72.44,1.62,14.4,78.35,73.24,71.5,109.58,102.43,7.15,1.0,85.61,78.57,73.22,116.62,106.98,9.64,0.718,-2.49,72.36,2.6,14.19,1,1,0,1,0,0,1
BBL,2020-2021,Round 23,2021-04-25,Bamberg Baskets,FC Bayern München,92,93,75.8,121.4,122.7,122.7,121.4,14,3,11,0,93,92,1,Bamberg Baskets,1.0,70.0,84.0,72.0,97.2,116.7,-19.5,0.0,69.0,80.0,71.5,96.5,111.9,-15.4,0.0,-4.1,71.75,-14.7,-20.2,70.02,83.99,72.0,97.23,116.69,-19.46,0.0,73.07,79.55,71.5,102.2,111.27,-9.07,0.0,-10.39,71.75,-14.04,-14.49,70.02,83.99,72.0,97.23,116.69,-19.46,0.0,77.65,77.35,71.84,107.99,107.74,0.25,0.23,-19.71,71.92,-10.51,-8.7,70.02,83.99,72.0,97.23,116.69,-19.46,0.0,78.85,77.62,72.2,109.12,107.58,1.54,0.356,-20.99,72.1,-10.35,-7.57,70.02,83.99,72.0,97.23,116.69,-19.46,0.0,81.89,80.57,72.96,111.94,110.28,1.66,0.434,-21.12,72.48,-13.05,-4.75,70.02,83.99,72.0,97.23,116.69,-19.46,0.0,83.61,81.46,73.34,113.64,110.9,2.74,0.482,-22.19,72.67,-13.67,-3.05,70.02,83.99,72.0,97.23,116.69,-19.46,0.0,83.48,80.69,73.19,113.72,110.08,3.65,0.524,-23.1,72.6,-12.85,-2.96,70.02,83.99,72.0,97.23,116.69,-19.46,0.0,83.21,80.12,73.08,113.54,109.45,4.09,0.547,-23.54,72.54,-12.22,-3.15,70.02,83.99,72.0,97.23,116.69,-19.46,0.0,82.64,79.65,73.01,112.87,108.91,3.96,0.568,-23.42,72.51,-11.68,-3.82,70.02,83.99,72.0,97.23,116.69,-19.46,0.0,82.09,79.55,72.95,112.2,108.86,3.34,0.547,-22.8,72.48,-11.63,-4.48,0,0,0,0,1,0,0
EuroLeague,2020-2021,Round 37,2021-04-28,FC Bayern München,AX Armani Exchange Milan,85,79,71.5,118.9,110.5,110.5,118.9,3,6,-3,1,85,79,1,AX Armani Exchange Milan,1.25,93.0,92.0,75.8,122.7,121.4,1.3,1.0,80.0,69.0,71.5,111.9,96.5,15.4,1.0,-14.1,73.65,26.2,-9.5,80.91,85.95,73.63,109.5,116.61,-7.12,0.496,79.55,73.07,71.5,111.27,102.2,9.07,1.0,-16.19,72.57,7.3,-5.35,80.05,83.91,73.01,109.38,114.82,-5.44,0.35,79.13,71.04,71.5,110.68,99.36,11.32,1.0,-16.76,72.25,10.02,-4.14,82.15,81.65,73.01,112.31,111.75,0.56,0.456,79.16,71.16,71.5,110.72,99.52,11.2,1.0,-10.64,72.25,12.78,-1.03,82.5,81.33,73.13,112.62,111.15,1.48,0.522,79.16,71.16,71.5,110.72,99.52,11.2,1.0,-9.72,72.31,13.1,-0.43,84.49,83.24,73.62,114.46,112.88,1.58,0.566,79.16,71.16,71.5,110.72,99.52,11.2,1.0,-9.62,72.56,14.93,-2.16,85.66,83.76,73.88,115.62,113.19,2.42,0.595,79.16,71.16,71.5,110.72,99.52,11.2,1.0,-8.77,72.69,16.09,-2.47,85.42,83.0,73.72,115.56,112.39,3.17,0.621,79.16,71.16,71.5,110.72,99.52,11.2,1.0,-8.03,72.61,16.03,-1.67,85.13,82.46,73.62,115.34,111.8,3.54,0.636,79.16,71.16,71.5,110.72,99.52,11.2,1.0,-7.66,72.56,15.81,-1.08,84.59,81.98,73.54,114.72,111.27,3.46,0.65,79.16,71.16,71.5,110.72,99.52,11.2,1.0,-7.74,72.52,15.2,-0.55,0,0,0,1,0,0,1
EuroLeague,2020-2021,Round 38,2021-04-30,FC Bayern München,AX Armani Exchange Milan,85,82,71.5,118.9,114.7,114.7,118.9,2,2,0,1,85,82,1,AX Armani Exchange Milan,1.25,85.0,79.0,71.5,118.9,110.5,8.4,1.0,79.0,85.0,71.5,110.5,118.9,-8.4,0.0,16.8,71.5,0.0,0.0,88.15,84.12,73.19,120.4,114.79,5.6,1.0,79.44,78.0,71.5,111.11,109.11,2.01,0.437,3.6,72.35,11.29,-3.68,82.68,82.94,72.71,113.57,113.97,-0.4,0.714,79.32,78.0,71.5,110.95,109.1,1.84,0.586,-2.24,72.1,4.46,-3.02,81.79,82.19,72.48,112.72,113.31,-0.59,0.578,79.08,76.49,71.5,110.61,106.99,3.62,0.61,-4.21,71.99,5.73,-2.69,83.04,80.83,72.54,114.36,111.36,3.0,0.625,79.1,76.51,71.5,110.64,107.02,3.61,0.613,-0.62,72.02,7.34,-0.72,83.21,80.67,72.66,114.4,110.96,3.44,0.658,79.1,76.51,71.5,110.64,107.02,3.61,0.613,-0.17,72.08,7.38,-0.33,84.62,82.12,73.06,115.63,112.25,3.38,0.681,79.1,76.51,71.5,110.63,107.02,3.61,0.613,-0.23,72.28,8.61,-1.61,85.49,82.56,73.28,116.44,112.52,3.93,0.697,79.1,76.51,71.5,110.63,107.02,3.61,0.613,0.31,72.39,9.42,-1.88,85.32,82.05,73.19,116.36,111.94,4.42,0.712,79.1,76.51,71.5,110.63,107.02,3.61,0.613,0.81,72.35,9.34,-1.3,85.1,81.65,73.13,116.16,111.5,4.67,0.72,79.1,76.51,71.5,110.63,107.02,3.61,0.613,1.05,72.31,9.14,-0.86,1,1,0,1,0,0,1
BBL,2020-2021,Round 24,2021-05-02,FC Bayern München,Würzburg Baskets,87,80,71.9,121.0,111.3,111.3,121.0,2,14,-12,1,87,80,1,Würzburg Baskets,1.0,85.0,82.0,71.5,118.9,114.7,4.2,1.0,72.0,80.0,70.8,101.7,113.0,-11.3,0.0,15.5,71.15,5.9,-13.0,85.0,80.64,71.5,118.9,112.8,6.1,1.0,71.98,80.01,70.81,101.66,113.0,-11.34,0.0,17.44,71.15,5.9,-11.14,86.82,83.22,72.48,119.76,114.75,5.01,1.0,71.96,80.0,70.8,101.64,112.99,-11.35,0.0,16.36,71.64,6.77,-13.11,83.48,82.62,72.29,115.4,114.22,1.18,0.813,71.96,80.0,70.8,101.64,112.99,-11.35,0.0,12.53,71.55,2.41,-12.58,82.74,82.13,72.19,114.56,113.72,0.84,0.704,71.96,80.0,70.8,101.64,112.99,-11.35,0.0,12.19,71.5,1.57,-12.08,83.58,81.15,72.25,115.6,112.27,3.33,0.728,71.96,80.0,70.8,101.64,112.99,-11.35,0.0,14.67,71.53,2.61,-10.63,83.67,81.01,72.37,115.56,111.92,3.64,0.745,71.96,80.0,70.8,101.64,112.99,-11.35,0.0,14.98,71.59,2.56,-10.28,84.71,82.09,72.68,116.43,112.84,3.58,0.759,71.96,80.0,70.8,101.64,112.99,-11.35,0.0,14.93,71.74,3.44,-11.2,85.38,82.43,72.86,117.02,113.03,3.99,0.768,71.96,80.0,70.8,101.64,112.99,-11.35,0.0,15.34,71.83,4.03,-11.38,85.25,82.03,72.81,116.93,112.56,4.37,0.777,71.96,80.0,70.8,101.64,112.99,-11.35,0.0,15.72,71.81,3.94,-10.92,1,0,-1,0,1,0,1
EuroLeague,2020-2021,Round 39,2021-05-04,AX Armani Exchange Milan,FC Bayern München,92,89,71.5,128.7,124.5,124.5,128.7,4,2,2,0,89,92,0,AX Armani Exchange Milan,1.25,82.0,85.0,71.5,114.7,118.9,-4.2,0.0,87.0,80.0,71.9,121.0,111.3,9.7,1.0,-13.9,71.7,3.4,2.1,80.64,85.0,71.5,112.8,118.9,-6.1,0.0,85.98,81.02,71.7,119.93,113.03,6.91,1.0,-13.01,71.6,-0.22,1.03,80.48,80.84,71.5,112.57,113.08,-0.51,0.26,85.69,80.42,71.64,119.63,112.28,7.35,1.0,-7.86,71.57,0.29,6.55,80.22,80.34,71.5,112.2,112.38,-0.17,0.391,86.87,82.28,72.31,120.12,113.75,6.37,1.0,-6.55,71.9,-1.55,7.75,80.02,79.23,71.5,111.92,110.82,1.11,0.414,84.36,81.96,72.2,116.8,113.49,3.31,0.859,-2.21,71.85,-1.56,5.99,80.02,79.22,71.5,111.93,110.81,1.12,0.417,83.7,81.66,72.12,116.0,113.18,2.82,0.77,-1.71,71.81,-1.25,5.19,80.02,79.22,71.5,111.93,110.81,1.12,0.417,84.29,80.91,72.18,116.73,112.07,4.66,0.785,-3.54,71.84,-0.14,5.92,80.02,79.22,71.5,111.93,110.81,1.12,0.417,84.33,80.81,72.27,116.64,111.8,4.84,0.796,-3.72,71.89,0.14,5.83,80.02,79.22,71.5,111.93,110.81,1.12,0.417,85.15,81.69,72.53,117.3,112.55,4.75,0.805,-3.63,72.02,-0.62,6.49,80.02,79.22,71.5,111.93,110.81,1.12,0.417,85.68,81.98,72.68,117.75,112.71,5.04,0.811,-3.93,72.09,-0.78,6.94,0,1,1,1,0,0,1
BBL,2020-2021,Round 25,2021-05-09,ALBA Berlin,FC Bayern München,85,72,74.5,114.1,96.6,96.6,114.1,14,5,9,0,72,85,0,ALBA Berlin,1.0,79.0,85.0,74.0,106.8,114.9,-8.1,0.0,89.0,92.0,71.5,124.5,128.7,-4.2,0.0,-3.9,72.75,-21.9,9.6,83.23,89.23,73.34,113.7,121.88,-8.18,0.0,88.2,87.23,71.66,123.11,121.78,1.33,0.398,-9.51,72.5,-8.08,1.23,83.41,87.53,73.41,113.8,119.44,-5.64,0.099,87.27,85.71,71.61,121.88,119.72,2.16,0.573,-7.8,72.51,-5.92,2.44,83.09,87.6,73.36,113.43,119.62,-6.19,0.096,86.83,84.41,71.59,121.31,117.94,3.37,0.655,-9.56,72.48,-4.51,1.68,83.08,87.59,73.36,113.42,119.62,-6.19,0.096,87.52,85.26,72.06,121.46,118.33,3.14,0.694,-9.33,72.71,-4.9,1.85,83.08,87.59,73.36,113.42,119.61,-6.19,0.096,85.63,84.72,72.0,118.92,117.67,1.25,0.623,-7.44,72.68,-4.25,-0.69,83.08,87.59,73.36,113.42,119.61,-6.19,0.096,85.04,84.28,71.96,118.16,117.12,1.04,0.575,-7.23,72.66,-3.69,-1.46,83.08,87.59,73.36,113.42,119.61,-6.19,0.096,85.43,83.58,72.02,118.61,116.08,2.53,0.596,-8.72,72.69,-2.66,-1.01,83.08,87.59,73.36,113.42,119.61,-6.19,0.096,85.41,83.4,72.09,118.46,115.71,2.75,0.612,-8.94,72.73,-2.29,-1.15,83.08,87.59,73.36,113.42,119.61,-6.19,0.096,86.01,84.0,72.3,118.91,116.17,2.74,0.624,-8.93,72.83,-2.75,-0.7,0,0,0,0,1,0,1
BBL,2020-2021,Playoffs QF G1,2021-05-19,HAKRO Merlins Crailsheim,FC Bayern München,66,86,72.0,91.7,119.4,119.4,91.7,14,10,4,0,86,66,1,HAKRO Merlins Crailsheim,1.0,85.0,103.0,76.8,110.7,134.1,-23.4,0.0,72.0,85.0,74.5,96.6,114.1,-17.5,0.0,-5.9,75.65,-3.4,-37.5,82.65,100.54,76.23,108.29,131.73,-23.44,0.0,80.44,88.47,73.01,110.45,121.35,-10.9,0.0,-12.54,74.62,-13.06,-21.28,82.61,100.65,76.25,108.22,131.84,-23.62,0.0,82.06,86.38,72.74,113.05,118.87,-5.82,0.247,-17.81,74.49,-10.65,-18.79,82.61,100.64,76.25,108.21,131.83,-23.62,0.0,82.65,85.49,72.49,114.24,118.02,-3.78,0.4,-19.83,74.37,-9.81,-17.59,82.61,100.64,76.25,108.21,131.83,-23.62,0.0,82.99,84.56,72.34,114.91,116.94,-2.04,0.486,-21.58,74.3,-8.73,-16.92,82.61,100.64,76.25,108.21,131.83,-23.62,0.0,83.84,85.2,72.64,115.57,117.32,-1.75,0.529,-21.86,74.44,-9.11,-16.26,82.61,100.64,76.25,108.21,131.83,-23.62,0.0,82.66,84.78,72.55,114.05,116.89,-2.84,0.487,-20.78,74.4,-8.68,-17.78,82.61,100.64,76.25,108.21,131.83,-23.62,0.0,82.37,84.43,72.48,113.75,116.5,-2.75,0.457,-20.86,74.37,-8.29,-18.08,82.61,100.64,76.25,108.21,131.83,-23.62,0.0,82.79,83.86,72.5,114.28,115.69,-1.41,0.478,-22.2,74.38,-7.48,-17.55,82.61,100.64,76.25,108.21,131.83,-23.62,0.0,82.86,83.71,72.55,114.3,115.41,-1.11,0.495,-22.51,74.4,-7.19,-17.53,0,0,0,0,1,0,0
BBL,2020-2021,Playoffs QF G2,2021-05-21,FC Bayern München,HAKRO Merlins Crailsheim,83,79,73.1,113.5,108.1,108.1,113.5,2,2,0,1,83,79,1,HAKRO Merlins Crailsheim,1.0,86.0,66.0,72.0,119.4,91.7,27.7,1.0,66.0,86.0,72.0,91.7,119.4,-27.7,0.0,55.4,72.0,0.0,0.0,80.08,74.03,73.06,109.77,101.16,8.6,0.577,70.21,89.76,73.06,95.91,122.65,-26.75,0.0,35.35,73.06,-12.89,-5.26,82.71,79.31,72.6,114.1,109.26,4.84,0.408,70.02,89.51,73.02,95.71,122.38,-26.67,0.0,31.51,72.81,-8.28,-13.55,83.4,79.42,72.49,115.22,109.59,5.63,0.504,70.04,89.57,73.03,95.72,122.43,-26.71,0.0,32.34,72.76,-7.21,-13.87,83.63,79.79,72.34,115.75,110.32,5.42,0.575,70.05,89.57,73.03,95.72,122.43,-26.71,0.0,32.13,72.69,-6.68,-14.6,83.78,79.71,72.25,116.08,110.34,5.74,0.62,70.05,89.57,73.03,95.72,122.43,-26.71,0.0,32.44,72.64,-6.35,-14.62,84.37,80.5,72.48,116.51,111.06,5.45,0.645,70.05,89.57,73.03,95.72,122.43,-26.71,0.0,32.16,72.76,-5.92,-15.33,83.43,80.47,72.42,115.28,111.11,4.17,0.605,70.05,89.57,73.03,95.72,122.43,-26.71,0.0,30.88,72.73,-7.15,-15.38,83.17,80.4,72.38,114.98,111.08,3.9,0.576,70.05,89.57,73.03,95.72,122.43,-26.71,0.0,30.61,72.71,-7.45,-15.36,83.47,80.08,72.4,115.36,110.61,4.75,0.589,70.05,89.57,73.03,95.72,122.43,-26.71,0.0,31.46,72.72,-7.06,-14.89,1,1,0,0,1,0,1
BBL,2020-2021,Playoffs QF G3,2021-05-23,HAKRO Merlins Crailsheim,FC Bayern München,72,82,72.5,99.3,113.1,113.1,99.3,2,2,0,0,82,72,1,HAKRO Merlins Crailsheim,1.0,79.0,83.0,73.1,108.1,113.5,-5.4,0.0,83.0,79.0,73.1,113.5,108.1,5.4,1.0,-10.8,73.1,0.0,0.0,73.12,84.36,72.6,100.69,116.17,-15.48,0.0,84.36,73.12,72.6,116.17,100.69,15.48,1.0,-30.96,72.6,0.0,0.0,74.48,86.48,73.08,101.83,118.21,-16.38,0.0,81.29,76.08,73.07,111.3,104.02,7.28,0.751,-23.67,73.08,-2.19,-6.91,74.32,86.39,73.06,101.64,118.12,-16.48,0.0,82.8,79.21,72.76,113.9,108.88,5.02,0.604,-21.51,72.91,-7.23,-4.22,74.33,86.42,73.07,101.64,118.16,-16.51,0.0,83.29,79.3,72.67,114.72,109.15,5.56,0.649,-22.08,72.87,-7.51,-3.44,74.33,86.42,73.07,101.64,118.16,-16.51,0.0,83.47,79.59,72.54,115.16,109.74,5.42,0.686,-21.93,72.8,-8.1,-3.0,74.33,86.42,73.07,101.64,118.16,-16.51,0.0,83.59,79.54,72.46,115.46,109.8,5.66,0.712,-22.17,72.76,-8.16,-2.7,74.33,86.42,73.07,101.64,118.16,-16.51,0.0,84.06,80.16,72.62,115.82,110.38,5.44,0.726,-21.95,72.84,-8.74,-2.34,74.33,86.42,73.07,101.64,118.16,-16.51,0.0,83.33,80.15,72.57,114.89,110.45,4.44,0.691,-20.95,72.82,-8.81,-3.26,74.33,86.42,73.07,101.64,118.16,-16.51,0.0,83.13,80.11,72.53,114.67,110.45,4.22,0.665,-20.73,72.8,-8.81,-3.49,1,1,0,0,1,0,0
BBL,2020-2021,Playoffs SF G1,2021-05-28,MHP RIESEN Ludwigsburg,FC Bayern München,101,98,77.0,131.2,127.3,127.3,131.2,14,5,9,0,98,101,0,MHP RIESEN Ludwigsburg,1.0,70.0,93.0,73.0,95.9,127.4,-31.5,0.0,82.0,72.0,72.5,113.1,99.3,13.8,1.0,-45.3,72.75,-3.4,-14.3,70.8,90.84,72.82,97.25,124.69,-27.44,0.114,82.45,75.16,72.77,113.28,103.28,10.0,1.0,-37.44,72.79,-6.02,-11.41,70.81,90.72,72.81,97.28,124.53,-27.25,0.113,83.42,72.68,72.56,114.94,100.13,14.81,1.0,-42.06,72.69,-2.85,-9.59,70.9,90.67,72.82,97.39,124.46,-27.07,0.118,81.52,74.72,72.88,111.9,102.45,9.45,0.834,-36.53,72.85,-5.06,-12.56,70.91,90.67,72.82,97.39,124.45,-27.06,0.118,82.57,77.15,72.69,113.67,106.14,7.54,0.717,-34.59,72.76,-8.74,-10.78,70.91,90.67,72.82,97.39,124.45,-27.06,0.118,82.95,77.39,72.62,114.29,106.57,7.72,0.741,-34.78,72.72,-9.18,-10.16,70.91,90.67,72.82,97.39,124.45,-27.06,0.118,83.11,77.76,72.53,114.66,107.23,7.44,0.762,-34.49,72.68,-9.83,-9.79,70.91,90.67,72.82,97.39,124.45,-27.06,0.118,83.23,77.84,72.47,114.93,107.43,7.5,0.777,-34.55,72.65,-10.04,-9.52,70.91,90.67,72.82,97.39,124.45,-27.06,0.118,83.61,78.39,72.6,115.23,107.97,7.26,0.785,-34.31,72.71,-10.58,-9.22,70.91,90.67,72.82,97.39,124.45,-27.06,0.118,83.06,78.45,72.56,114.52,108.12,6.4,0.756,-33.45,72.69,-10.73,-9.93,0,0,0,0,1,0,1
BBL,2020-2021,Playoffs SF G2,2021-05-30,FC Bayern München,MHP RIESEN Ludwigsburg,82,72,72.4,113.3,99.4,99.4,113.3,2,2,0,1,82,72,1,MHP RIESEN Ludwigsburg,1.0,98.0,101.0,77.0,127.3,131.2,-3.9,0.0,101.0,98.0,77.0,131.2,127.3,3.9,1.0,-7.8,77.0,0.0,0.0,90.95,88.21,75.02,121.04,117.14,3.9,0.441,91.14,96.41,75.73,119.97,127.33,-7.36,0.682,11.26,75.37,-6.29,2.84,88.83,85.76,74.5,119.03,114.73,4.3,0.59,90.58,95.53,75.56,119.49,126.4,-6.91,0.694,11.21,75.03,-7.37,4.77,88.32,82.19,74.05,119.1,110.57,8.52,0.664,90.54,95.48,75.55,119.45,126.34,-6.89,0.693,15.41,74.8,-7.25,8.88,86.42,82.52,74.11,116.47,110.98,5.49,0.587,90.54,95.45,75.55,119.44,126.31,-6.87,0.693,12.36,74.83,-9.84,8.46,86.68,83.5,73.84,117.3,112.81,4.49,0.526,90.53,95.45,75.55,119.44,126.31,-6.87,0.693,11.36,74.69,-9.01,6.63,86.7,83.28,73.71,117.54,112.71,4.82,0.556,90.53,95.45,75.55,119.44,126.31,-6.87,0.693,11.69,74.63,-8.77,6.73,86.6,83.2,73.58,117.62,112.84,4.78,0.584,90.53,95.45,75.55,119.44,126.31,-6.87,0.693,11.65,74.56,-8.69,6.61,86.52,82.99,73.48,117.68,112.72,4.96,0.604,90.53,95.45,75.55,119.44,126.31,-6.87,0.693,11.82,74.51,-8.63,6.72,86.72,83.27,73.55,117.84,112.99,4.85,0.616,90.53,95.45,75.55,119.44,126.31,-6.87,0.693,11.71,74.55,-8.47,6.46,1,1,0,0,1,0,1
BBL,2020-2021,Playoffs SF G3,2021-06-01,MHP RIESEN Ludwigsburg,FC Bayern München,78,81,71.8,108.6,112.8,112.8,108.6,2,2,0,0,81,78,1,MHP RIESEN Ludwigsburg,1.0,72.0,82.0,72.4,99.4,113.3,-13.9,0.0,82.0,72.0,72.4,113.3,99.4,13.9,1.0,-27.8,72.4,0.0,0.0,85.11,89.23,74.48,113.77,119.63,-5.85,0.452,89.23,85.11,74.48,119.63,113.77,5.85,0.548,-11.71,74.48,0.0,0.0,82.48,89.89,74.22,110.66,120.98,-10.32,0.373,87.33,81.66,73.96,117.91,109.97,7.94,0.667,-18.26,74.09,0.69,-3.07,82.36,89.54,74.16,110.6,120.6,-10.0,0.387,86.56,81.19,73.81,117.13,109.64,7.49,0.726,-17.49,73.98,0.96,-3.47,82.35,89.52,74.16,110.59,120.58,-9.99,0.387,86.49,79.24,73.57,117.42,107.34,10.08,0.761,-20.07,73.87,3.25,-3.16,82.35,89.51,74.16,110.59,120.57,-9.97,0.387,85.25,79.74,73.65,115.63,107.92,7.72,0.696,-17.69,73.91,2.67,-4.93,82.35,89.51,74.16,110.59,120.56,-9.97,0.387,85.54,80.69,73.49,116.32,109.54,6.79,0.642,-16.76,73.82,1.06,-4.24,82.35,89.51,74.16,110.59,120.56,-9.97,0.387,85.61,80.66,73.41,116.55,109.62,6.93,0.659,-16.9,73.78,0.97,-4.01,82.35,89.51,74.16,110.59,120.56,-9.97,0.387,85.58,80.72,73.32,116.67,109.87,6.8,0.676,-16.77,73.74,0.73,-3.9,82.35,89.51,74.16,110.59,120.56,-9.97,0.387,85.56,80.66,73.25,116.75,109.89,6.86,0.688,-16.83,73.7,0.7,-3.81,1,1,0,0,1,0,0
BBL,2020-2021,Playoffs SF G4,2021-06-03,FC Bayern München,MHP RIESEN Ludwigsburg,86,77,73.0,117.8,105.5,105.5,117.8,2,2,0,1,86,77,1,MHP RIESEN Ludwigsburg,1.0,81.0,78.0,71.8,112.8,108.6,4.2,1.0,78.0,81.0,71.8,108.6,112.8,-4.2,0.0,8.4,71.8,0.0,0.0,81.45,75.29,72.07,113.03,104.44,8.58,1.0,75.29,81.45,72.07,104.44,113.03,-8.58,0.0,17.17,72.07,0.0,0.0,85.95,82.27,73.41,116.9,111.71,5.19,0.728,82.27,85.95,73.41,111.71,116.9,-5.19,0.272,10.39,73.41,0.0,0.0,85.25,80.46,73.25,116.23,109.52,6.71,0.776,80.89,86.74,73.36,109.93,118.08,-8.15,0.241,14.86,73.31,-1.85,0.41,84.96,80.27,73.23,115.88,109.34,6.55,0.805,80.84,86.56,73.34,109.9,117.88,-7.98,0.252,14.52,73.28,-1.99,0.56,85.06,78.92,73.11,116.22,107.67,8.55,0.823,80.83,86.55,73.33,109.89,117.86,-7.97,0.252,16.52,73.22,-1.64,2.23,84.22,79.31,73.2,114.95,108.08,6.86,0.77,80.83,86.54,73.34,109.9,117.86,-7.96,0.252,14.82,73.27,-2.91,1.81,84.5,80.08,73.1,115.52,109.32,6.2,0.724,80.83,86.54,73.34,109.9,117.86,-7.96,0.252,14.16,73.22,-2.34,0.57,84.6,80.07,73.06,115.73,109.4,6.33,0.734,80.83,86.54,73.34,109.9,117.86,-7.96,0.252,14.29,73.2,-2.13,0.5,84.61,80.15,73.0,115.85,109.6,6.25,0.744,80.83,86.54,73.34,109.9,117.86,-7.96,0.252,14.21,73.17,-2.01,0.3,1,1,0,0,1,0,1
BBL,2020-2021,Playoffs Finals G1,2021-06-07,ALBA Berlin,FC Bayern München,89,86,74.6,119.3,115.3,115.3,119.3,14,4,10,0,86,89,0,ALBA Berlin,1.0,85.0,72.0,74.5,114.1,96.6,17.5,1.0,86.0,77.0,73.0,117.8,105.5,12.3,1.0,5.2,73.75,8.6,21.2,82.7,76.99,74.31,111.3,103.62,7.68,0.616,83.74,77.45,72.46,115.54,106.9,8.64,1.0,-0.96,73.38,4.4,11.92,84.19,79.9,73.97,113.92,108.19,5.73,0.542,83.27,75.97,72.44,114.93,104.86,10.07,1.0,-4.34,73.2,9.05,6.74,84.23,79.52,73.97,113.95,107.66,6.29,0.563,85.96,80.55,73.28,117.2,109.68,7.51,0.817,-1.22,73.63,4.27,9.53,84.06,79.67,73.94,113.77,107.92,5.86,0.556,85.46,79.47,73.18,116.68,108.37,8.3,0.84,-2.45,73.56,5.4,8.76,84.06,79.66,73.94,113.77,107.91,5.85,0.556,85.23,79.43,73.17,116.38,108.35,8.03,0.855,-2.18,73.56,5.42,8.47,84.05,79.66,73.94,113.77,107.91,5.85,0.556,85.29,78.46,73.09,116.6,107.15,9.45,0.866,-3.6,73.51,6.62,8.68,84.05,79.66,73.94,113.77,107.91,5.85,0.556,84.62,78.79,73.16,115.59,107.5,8.1,0.822,-2.25,73.55,6.27,7.68,84.05,79.66,73.94,113.77,107.91,5.85,0.556,84.83,79.41,73.08,116.01,108.49,7.52,0.783,-1.67,73.51,5.27,8.1,84.05,79.66,73.94,113.77,107.91,5.85,0.556,84.89,79.43,73.04,116.16,108.58,7.59,0.79,-1.73,73.49,5.19,8.25,0,0,0,0,1,0,1
BBL,2020-2021,Playoffs Finals G2,2021-06-09,FC Bayern München,ALBA Berlin,76,66,71.0,107.0,93.0,93.0,107.0,2,2,0,1,76,66,1,ALBA Berlin,1.0,86.0,89.0,74.6,115.3,119.3,-4.0,0.0,89.0,86.0,74.6,119.3,115.3,4.0,1.0,-8.0,74.6,0.0,0.0,86.0,83.66,73.89,116.41,113.16,3.25,0.445,87.58,81.03,74.56,117.45,108.66,8.79,1.0,-5.54,74.23,7.75,4.29,84.66,82.14,73.33,115.44,111.94,3.5,0.594,86.03,81.75,74.46,115.53,109.79,5.73,0.819,-2.23,73.9,5.65,3.59,84.18,80.31,73.16,115.05,109.67,5.39,0.667,86.58,82.93,74.28,116.59,111.72,4.87,0.769,0.52,73.72,3.34,6.92,85.97,83.0,73.66,116.65,112.47,4.18,0.58,86.54,82.66,74.28,116.54,111.36,5.18,0.775,-1.0,73.97,5.29,4.07,85.6,81.97,73.55,116.32,111.24,5.07,0.62,86.43,82.71,74.26,116.43,111.46,4.96,0.769,0.11,73.9,4.85,5.18,85.42,81.76,73.52,116.12,111.02,5.1,0.647,86.43,82.71,74.26,116.42,111.46,4.96,0.769,0.13,73.89,4.65,5.41,85.45,80.89,73.44,116.3,109.95,6.35,0.666,86.43,82.71,74.26,116.42,111.46,4.96,0.769,1.39,73.85,4.84,6.48,84.93,81.05,73.48,115.53,110.11,5.42,0.64,86.43,82.71,74.26,116.42,111.46,4.96,0.769,0.46,73.87,4.07,6.32,85.08,81.45,73.4,115.86,110.8,5.06,0.617,86.43,82.71,74.26,116.42,111.46,4.96,0.769,0.1,73.83,4.4,5.63,1,1,0,0,1,0,1
BBL,2020-2021,Playoffs Finals G3,2021-06-11,ALBA Berlin,FC Bayern München,69,81,72.8,94.8,111.3,111.3,94.8,2,2,0,0,81,69,1,ALBA Berlin,1.0,66.0,76.0,71.0,93.0,107.0,-14.0,0.0,76.0,66.0,71.0,107.0,93.0,14.0,1.0,-28.0,71.0,0.0,0.0,76.4,80.52,72.63,104.89,110.75,-5.86,0.452,80.52,76.4,72.63,110.75,104.89,5.86,0.548,-11.73,72.63,0.0,0.0,78.11,78.82,73.0,106.72,107.93,-1.21,0.561,81.98,76.56,72.73,112.62,105.05,7.57,0.668,-8.78,72.86,1.67,4.69,78.21,79.5,73.11,106.73,108.7,-1.97,0.499,81.8,76.82,72.56,112.66,105.69,6.97,0.728,-8.94,72.84,1.04,3.95,78.85,80.32,73.05,107.73,109.95,-2.22,0.48,81.83,76.19,72.54,112.74,104.88,7.86,0.763,-10.08,72.79,2.85,2.79,78.94,80.2,73.07,107.84,109.75,-1.91,0.488,83.38,78.58,72.97,114.14,107.41,6.73,0.689,-8.64,73.02,0.43,4.39,78.91,80.24,73.06,107.81,109.82,-2.01,0.486,83.29,78.12,72.94,114.07,106.84,7.23,0.711,-9.24,73.0,0.97,4.25,78.91,80.24,73.06,107.8,109.82,-2.01,0.486,83.27,78.17,72.94,114.04,106.91,7.13,0.727,-9.14,73.0,0.9,4.22,78.91,80.24,73.06,107.8,109.82,-2.01,0.486,83.39,77.64,72.9,114.27,106.25,8.02,0.739,-10.04,72.98,1.56,4.45,78.91,80.24,73.06,107.8,109.82,-2.01,0.486,83.04,77.86,72.95,113.73,106.49,7.24,0.716,-9.25,73.01,1.32,3.91,1,1,0,0,1,0,0
BBL,2020-2021,Playoffs Finals G4,2021-06-13,FC Bayern München,ALBA Berlin,79,86,74.2,106.5,115.9,115.9,106.5,2,2,0,1,79,86,0,ALBA Berlin,1.0,81.0,69.0,72.8,111.3,94.8,16.5,1.0,69.0,81.0,72.8,94.8,111.3,-16.5,0.0,33.0,72.8,0.0,0.0,78.74,67.64,71.99,109.36,93.99,15.37,1.0,67.64,78.74,71.99,93.99,109.36,-15.37,0.0,30.74,71.99,0.0,0.0,80.71,73.44,72.7,110.97,100.86,10.11,0.728,73.44,80.71,72.7,100.86,110.97,-10.11,0.272,20.22,72.7,0.0,0.0,81.66,74.08,72.75,112.19,101.69,10.5,0.777,74.95,79.58,72.93,102.58,109.1,-6.52,0.366,17.02,72.84,3.09,0.89,81.57,74.58,72.63,112.27,102.58,9.69,0.806,75.25,79.99,73.01,102.9,109.54,-6.64,0.339,16.33,72.82,2.73,0.32,81.61,74.34,72.61,112.37,102.27,10.09,0.824,75.77,80.54,72.97,103.68,110.37,-6.68,0.33,16.78,72.79,2.0,1.41,82.81,76.29,72.93,113.46,104.39,9.07,0.764,75.87,80.44,72.98,103.8,110.23,-6.42,0.337,15.49,72.96,3.23,-0.59,82.77,76.05,72.9,113.44,104.11,9.33,0.777,75.85,80.47,72.98,103.79,110.28,-6.48,0.336,15.81,72.94,3.16,-0.32,82.78,76.18,72.91,113.44,104.28,9.16,0.786,75.85,80.47,72.98,103.79,110.28,-6.48,0.336,15.64,72.95,3.17,-0.49,82.89,75.83,72.88,113.65,103.85,9.8,0.794,75.85,80.47,72.98,103.79,110.28,-6.48,0.336,16.28,72.93,3.37,-0.06,1,1,0,0,1,0,0
BBL,2021-2022,Round 1,2021-09-26,ratiopharm ulm,FC Bayern München,86,83,75.0,114.7,110.7,110.7,114.7,14,14,0,0,83,86,0,ratiopharm ulm,1.0,102.0,104.0,78.5,129.9,132.5,-2.6,0.0,79.0,86.0,74.2,106.5,115.9,-9.4,0.0,6.8,76.35,14.0,-26.0,97.87,100.2,77.53,125.97,129.05,-3.08,0.0,79.9,78.32,73.57,108.67,106.36,2.31,0.452,-5.39,75.55,19.61,-20.38,97.86,100.12,77.52,125.97,128.96,-2.99,0.005,78.84,74.97,72.87,108.22,102.73,5.48,0.601,-8.48,75.19,23.23,-20.74,97.85,100.12,77.52,125.96,128.96,-3.0,0.005,80.15,77.54,73.19,109.51,105.77,3.75,0.491,-6.74,75.35,20.2,-19.44,97.85,100.12,77.52,125.96,128.96,-3.0,0.005,80.9,77.47,73.16,110.57,105.73,4.84,0.556,-7.84,75.34,20.23,-18.38,97.85,100.12,77.52,125.96,128.96,-3.0,0.005,80.91,77.52,73.03,110.78,106.01,4.78,0.598,-7.78,75.27,19.96,-18.17,97.85,100.12,77.52,125.96,128.96,-3.0,0.005,80.99,77.12,72.99,110.97,105.52,5.44,0.628,-8.44,75.25,20.44,-17.99,97.85,100.12,77.52,125.96,128.96,-3.0,0.005,81.95,78.47,73.21,111.89,106.98,4.91,0.592,-7.91,75.37,18.98,-17.06,97.85,100.12,77.52,125.96,128.96,-3.0,0.005,81.96,78.2,73.18,111.95,106.65,5.29,0.609,-8.29,75.35,19.31,-17.01,97.85,100.12,77.52,125.96,128.96,-3.0,0.005,81.99,78.22,73.18,112.0,106.7,5.3,0.623,-8.29,75.35,19.26,-16.96,0,0,0,0,1,0,1
EuroLeague,2021-2022,Round 1,2021-09-30,Maccabi Playtika Tel Aviv,FC Bayern München,69,68,71.5,96.5,95.1,95.1,96.5,14,4,10,0,68,69,0,Maccabi Playtika Tel Aviv,1.25,70.0,72.0,71.5,97.9,100.7,-2.8,0.0,83.0,86.0,75.0,110.7,114.7,-4.0,0.0,1.2,73.25,-16.8,10.0,71.23,73.33,71.5,99.62,102.56,-2.94,0.0,82.4,86.0,74.88,110.07,114.88,-4.81,0.0,1.86,73.19,-15.26,7.51,71.23,73.33,71.5,99.62,102.56,-2.94,0.0,82.25,84.13,74.65,110.21,112.67,-2.47,0.11,-0.48,73.08,-13.06,7.65,71.23,73.33,71.5,99.62,102.56,-2.94,0.0,81.73,82.63,74.35,109.94,111.04,-1.1,0.184,-1.84,72.92,-11.42,7.38,71.23,73.33,71.5,99.62,102.56,-2.94,0.0,82.0,83.03,74.36,110.28,111.57,-1.28,0.172,-1.66,72.93,-11.95,7.72,71.23,73.33,71.5,99.62,102.56,-2.94,0.0,82.2,82.74,74.3,110.65,111.27,-0.62,0.212,-2.32,72.9,-11.65,8.09,71.23,73.33,71.5,99.62,102.56,-2.94,0.0,82.15,82.56,74.2,110.73,111.17,-0.43,0.243,-2.51,72.85,-11.55,8.17,71.23,73.33,71.5,99.62,102.56,-2.94,0.0,82.15,82.23,74.15,110.81,110.8,0.01,0.266,-2.95,72.82,-11.19,8.25,71.23,73.33,71.5,99.62,102.56,-2.94,0.0,82.54,82.7,74.22,111.22,111.31,-0.09,0.26,-2.85,72.86,-11.69,8.66,71.23,73.33,71.5,99.62,102.56,-2.94,0.0,82.53,82.49,74.18,111.26,111.08,0.18,0.274,-3.12,72.84,-11.46,8.7,0,0,0,1,0,0,1
BBL-Pokal,2021-2022,Round of 16,2021-10-03,Bamberg Baskets,FC Bayern München,85,87,74.2,114.6,117.3,117.3,114.6,14,3,11,0,87,85,1,Bamberg Baskets,1.05,92.0,93.0,75.8,121.4,122.7,-1.3,0.0,68.0,69.0,71.5,95.1,96.5,-1.4,0.0,0.1,73.65,24.9,-27.6,89.5,91.98,75.37,118.65,122.02,-3.37,0.0,73.86,75.64,72.87,101.19,103.61,-2.42,0.0,-0.96,74.12,15.04,-20.83,89.49,91.97,75.37,118.64,122.01,-3.37,0.0,74.19,76.3,72.95,101.53,104.4,-2.86,0.0,-0.51,74.16,14.24,-20.48,89.49,91.97,75.37,118.64,122.01,-3.37,0.0,74.53,75.94,72.94,102.02,103.91,-1.89,0.05,-1.48,74.16,14.73,-19.99,89.49,91.97,75.37,118.64,122.01,-3.37,0.0,74.59,75.54,72.87,102.22,103.48,-1.26,0.088,-2.12,74.12,15.16,-19.79,89.49,91.97,75.37,118.64,122.01,-3.37,0.0,74.95,75.97,72.92,102.64,103.98,-1.34,0.085,-2.03,74.14,14.66,-19.38,89.49,91.97,75.37,118.64,122.01,-3.37,0.0,75.23,75.99,72.92,103.02,104.02,-1.0,0.108,-2.37,74.15,14.62,-19.0,89.49,91.97,75.37,118.64,122.01,-3.37,0.0,75.34,76.03,72.9,103.21,104.11,-0.9,0.126,-2.47,74.13,14.53,-18.8,89.49,91.97,75.37,118.64,122.01,-3.37,0.0,75.45,75.97,72.89,103.38,104.03,-0.66,0.14,-2.72,74.13,14.61,-18.64,89.49,91.97,75.37,118.64,122.01,-3.37,0.0,75.75,76.3,72.95,103.69,104.39,-0.7,0.138,-2.67,74.16,14.25,-18.32,0,0,0,0,0,1,0
EuroLeague,2021-2022,Round 2,2021-10-07,FC Bayern München,FC Barcelona,72,80,71.5,100.7,111.9,111.9,100.7,4,14,-10,1,72,80,0,FC Barcelona,1.25,87.0,85.0,74.2,117.3,114.6,2.7,1.0,72.0,82.0,71.5,100.7,114.7,-14.0,0.0,16.7,72.85,2.6,-13.9,77.66,77.13,72.87,106.38,105.7,0.68,0.508,72.8,83.28,71.5,101.82,116.49,-14.67,0.0,15.35,72.19,-10.1,-3.88,78.94,79.26,73.38,107.42,107.86,-0.44,0.387,72.81,83.27,71.5,101.84,116.48,-14.64,0.002,14.2,72.44,-9.06,-6.02,78.94,79.53,73.41,107.38,108.18,-0.8,0.371,72.81,83.26,71.5,101.84,116.47,-14.63,0.002,13.83,72.46,-9.09,-6.34,79.01,79.19,73.4,107.51,107.75,-0.24,0.391,72.81,83.26,71.5,101.84,116.47,-14.63,0.002,14.39,72.45,-8.96,-5.91,78.93,78.85,73.33,107.49,107.37,0.13,0.407,72.81,83.26,71.5,101.84,116.47,-14.63,0.002,14.76,72.42,-8.98,-5.53,79.08,79.06,73.36,107.66,107.62,0.04,0.399,72.81,83.26,71.5,101.84,116.47,-14.63,0.002,14.67,72.43,-8.81,-5.78,79.19,79.03,73.35,107.82,107.58,0.24,0.408,72.81,83.26,71.5,101.84,116.47,-14.63,0.002,14.87,72.43,-8.64,-5.74,79.21,79.01,73.33,107.89,107.59,0.3,0.416,72.81,83.26,71.5,101.84,116.47,-14.63,0.002,14.93,72.42,-8.58,-5.75,79.25,78.94,73.32,107.95,107.51,0.45,0.423,72.81,83.26,71.5,101.84,116.47,-14.63,0.002,15.07,72.41,-8.52,-5.67,0,0,0,1,0,0,0
BBL,2021-2022,Round 2,2021-10-10,FC Bayern München,Basketball Löwen Braunschweig,96,80,73.5,130.6,108.8,108.8,130.6,3,14,-11,1,96,80,1,Basketball Löwen Braunschweig,1.0,72.0,80.0,71.5,100.7,111.9,-11.2,0.0,79.0,94.0,73.8,107.0,127.4,-20.4,0.0,9.2,72.65,-26.7,-4.9,78.03,82.01,72.59,107.37,112.99,-5.61,0.402,78.95,93.93,73.79,106.95,127.32,-20.38,0.0,14.77,73.19,-19.95,-6.04,75.22,78.37,72.28,103.94,108.37,-4.43,0.289,78.94,93.92,73.78,106.94,127.31,-20.38,0.0,15.94,73.03,-23.37,-1.43,76.4,79.53,72.69,104.97,109.33,-4.37,0.245,78.94,93.92,73.78,106.94,127.31,-20.38,0.0,16.01,73.24,-22.35,-2.4,76.47,79.7,72.73,105.01,109.5,-4.5,0.239,78.94,93.92,73.78,106.94,127.31,-20.38,0.0,15.88,73.26,-22.31,-2.57,76.57,79.47,72.74,105.14,109.19,-4.06,0.255,78.94,93.92,73.78,106.94,127.31,-20.38,0.0,16.32,73.26,-22.17,-2.26,76.56,79.24,72.71,105.17,108.92,-3.75,0.268,78.94,93.92,73.78,106.94,127.31,-20.38,0.0,16.63,73.24,-22.14,-1.98,76.69,79.38,72.73,105.31,109.06,-3.75,0.264,78.94,93.92,73.78,106.94,127.31,-20.38,0.0,16.62,73.26,-22.0,-2.13,76.79,79.35,72.74,105.45,109.02,-3.57,0.272,78.94,93.92,73.78,106.94,127.31,-20.38,0.0,16.8,73.26,-21.86,-2.09,76.83,79.34,72.73,105.51,109.02,-3.5,0.279,78.94,93.92,73.78,106.94,127.31,-20.38,0.0,16.87,73.26,-21.8,-2.08,0,0,0,0,1,0,1
EuroLeague,2021-2022,Round 3,2021-10-12,UNICS Kazan,FC Bayern München,73,70,71.5,102.1,97.9,97.9,102.1,7,2,5,0,70,73,0,UNICS Kazan,1.25,78.0,78.0,72.0,108.0,108.0,0.0,0.5,96.0,80.0,73.5,130.6,108.8,21.8,1.0,-21.8,72.75,-0.8,22.6,78.0,78.0,72.0,108.0,108.0,0.0,0.5,83.91,80.0,72.49,115.53,110.36,5.17,0.496,-5.17,72.25,-2.36,7.53,78.0,78.0,72.0,108.0,108.0,0.0,0.5,84.69,81.27,72.92,115.98,111.43,4.55,0.624,-4.55,72.46,-3.43,7.98,78.0,78.0,72.0,108.0,108.0,0.0,0.5,81.41,78.85,72.64,111.87,108.5,3.38,0.501,-3.38,72.32,-0.5,3.87,78.0,78.0,72.0,108.0,108.0,0.0,0.5,81.59,79.65,72.91,111.74,109.19,2.55,0.445,-2.55,72.45,-1.19,3.74,78.0,78.0,72.0,108.0,108.0,0.0,0.5,81.54,79.78,72.93,111.64,109.32,2.32,0.436,-2.32,72.47,-1.32,3.64,78.0,78.0,72.0,108.0,108.0,0.0,0.5,81.53,79.61,72.93,111.64,109.09,2.54,0.445,-2.54,72.47,-1.09,3.64,78.0,78.0,72.0,108.0,108.0,0.0,0.5,81.46,79.43,72.91,111.58,108.89,2.69,0.452,-2.69,72.45,-0.89,3.58,78.0,78.0,72.0,108.0,108.0,0.0,0.5,81.5,79.53,72.92,111.62,109.0,2.62,0.448,-2.62,72.46,-1.0,3.62,78.0,78.0,72.0,108.0,108.0,0.0,0.5,81.54,79.51,72.92,111.67,108.97,2.7,0.452,-2.7,72.46,-0.97,3.67,0,1,1,1,0,0,1
EuroLeague,2021-2022,Round 4,2021-10-14,Zenit St Petersburg,FC Bayern München,79,71,71.5,110.5,99.3,99.3,110.5,14,2,12,0,71,79,0,Zenit St Petersburg,1.25,80.0,82.0,71.5,111.9,114.7,-2.8,0.0,70.0,73.0,71.5,97.9,102.1,-4.2,0.0,1.4,71.5,9.8,-16.8,79.64,79.49,71.5,111.4,111.19,0.21,0.358,80.34,75.78,72.3,110.9,104.76,6.14,0.398,-5.93,71.9,6.63,-0.29,79.6,79.48,71.5,111.34,111.18,0.16,0.357,77.94,77.0,72.07,107.97,106.82,1.15,0.283,-0.99,71.78,4.52,-3.21,79.59,79.48,71.5,111.32,111.17,0.15,0.357,79.41,78.29,72.41,109.48,108.08,1.4,0.399,-1.25,71.96,3.24,-1.69,79.59,79.48,71.5,111.32,111.17,0.15,0.357,77.86,77.03,72.29,107.53,106.51,1.02,0.345,-0.87,71.89,4.81,-3.64,79.59,79.48,71.5,111.32,111.17,0.15,0.357,78.27,77.75,72.51,107.78,107.16,0.62,0.318,-0.47,72.0,4.16,-3.39,79.59,79.48,71.5,111.32,111.17,0.15,0.357,78.28,77.86,72.53,107.77,107.28,0.48,0.313,-0.33,72.01,4.04,-3.41,79.59,79.48,71.5,111.32,111.17,0.15,0.357,78.31,77.76,72.53,107.81,107.14,0.66,0.321,-0.51,72.02,4.18,-3.37,79.59,79.48,71.5,111.32,111.17,0.15,0.357,78.29,77.66,72.52,107.8,107.01,0.79,0.327,-0.63,72.01,4.31,-3.37,79.59,79.48,71.5,111.32,111.17,0.15,0.357,78.35,77.74,72.53,107.85,107.11,0.75,0.325,-0.6,72.02,4.22,-3.32,0,1,1,1,0,0,1
BBL,2021-2022,Round 3,2021-10-17,medi bayreuth,FC Bayern München,78,87,72.0,108.3,120.8,120.8,108.3,14,3,11,0,87,78,1,medi bayreuth,1.0,62.0,83.0,70.5,87.9,117.7,-29.8,0.0,71.0,79.0,71.5,99.3,110.5,-11.2,0.0,-18.6,71.0,-22.6,-18.4,63.17,83.78,70.83,89.12,118.25,-29.12,0.0,70.55,76.29,71.5,98.67,106.7,-8.04,0.0,-21.09,71.16,-17.58,-19.58,63.22,83.81,70.84,89.18,118.26,-29.08,0.0,76.4,77.14,71.96,106.0,107.18,-1.18,0.23,-27.9,71.4,-18.0,-12.26,63.23,83.81,70.84,89.19,118.26,-29.08,0.0,75.56,77.68,71.87,105.0,108.08,-3.08,0.186,-26.0,71.36,-18.89,-13.26,63.23,83.81,70.84,89.19,118.26,-29.08,0.0,76.85,78.51,72.14,106.39,108.81,-2.42,0.278,-26.65,71.49,-19.63,-11.88,63.23,83.81,70.84,89.19,118.26,-29.08,0.0,75.98,77.57,72.07,105.28,107.6,-2.32,0.251,-26.75,71.46,-18.41,-12.99,63.23,83.81,70.84,89.19,118.26,-29.08,0.0,76.4,78.07,72.25,105.6,108.02,-2.42,0.236,-26.65,71.54,-18.83,-12.67,63.23,83.81,70.84,89.19,118.26,-29.08,0.0,76.43,78.15,72.27,105.61,108.1,-2.5,0.233,-26.58,71.55,-18.92,-12.66,63.23,83.81,70.84,89.19,118.26,-29.08,0.0,76.46,78.08,72.27,105.66,107.99,-2.33,0.24,-26.74,71.55,-18.8,-12.61,63.23,83.81,70.84,89.19,118.26,-29.08,0.0,76.46,77.99,72.26,105.67,107.89,-2.22,0.245,-26.86,71.55,-18.7,-12.6,0,0,0,0,1,0,0
EuroLeague,2021-2022,Round 5,2021-10-21,Zalgiris Kaunas,FC Bayern München,73,75,71.5,102.1,104.9,104.9,102.1,14,4,10,0,75,73,1,Zalgiris Kaunas,1.25,70.0,71.0,71.5,97.9,99.3,-1.4,0.0,87.0,78.0,72.0,120.8,108.3,12.5,1.0,-13.9,71.75,-10.4,21.5,70.65,71.32,71.5,98.8,99.75,-0.95,0.161,78.94,78.5,71.75,109.97,109.41,0.56,0.496,-1.51,71.62,-10.6,10.21,70.66,71.32,71.5,98.83,99.75,-0.93,0.162,76.31,76.89,71.68,106.42,107.26,-0.84,0.35,-0.09,71.59,-8.44,6.67,70.66,71.32,71.5,98.83,99.75,-0.93,0.162,79.51,77.39,71.97,110.35,107.51,2.84,0.456,-3.76,71.74,-8.69,10.59,70.66,71.32,71.5,98.83,99.75,-0.93,0.162,78.45,77.76,71.9,108.98,108.13,0.85,0.391,-1.78,71.7,-9.31,9.23,70.66,71.32,71.5,98.83,99.75,-0.93,0.162,79.19,78.39,72.1,109.7,108.7,1.01,0.444,-1.94,71.8,-9.87,9.95,70.66,71.32,71.5,98.83,99.75,-0.93,0.162,78.32,77.66,72.06,108.57,107.75,0.82,0.41,-1.75,71.78,-8.92,8.82,70.66,71.32,71.5,98.83,99.75,-0.93,0.162,78.54,78.06,72.2,108.67,108.08,0.59,0.39,-1.52,71.85,-9.25,8.92,70.66,71.32,71.5,98.83,99.75,-0.93,0.162,78.55,78.12,72.21,108.65,108.14,0.51,0.387,-1.44,71.86,-9.32,8.9,70.66,71.32,71.5,98.83,99.75,-0.93,0.162,78.56,78.06,72.22,108.67,108.05,0.62,0.391,-1.55,71.86,-9.23,8.92,0,0,0,1,0,0,0
BBL,2021-2022,Round 4,2021-10-24,FC Bayern München,JobStairs GIESSEN 46ers,71,64,70.0,101.4,91.4,91.4,101.4,3,14,-11,1,71,64,1,JobStairs GIESSEN 46ers,1.0,75.0,73.0,71.5,104.9,102.1,2.8,1.0,95.0,94.0,76.5,124.2,122.9,1.3,1.0,1.5,74.0,-18.0,22.1,79.68,74.95,71.7,111.11,104.52,6.59,1.0,94.99,93.99,76.5,124.19,122.89,1.29,0.999,5.29,74.1,-11.79,19.67,77.22,76.1,71.64,107.75,106.22,1.54,0.716,94.99,93.99,76.5,124.19,122.89,1.29,0.999,0.24,74.07,-15.14,17.97,75.85,75.51,71.61,105.88,105.44,0.45,0.58,94.99,93.99,76.5,124.19,122.89,1.29,0.999,-0.85,74.06,-17.01,18.75,78.09,76.01,71.82,108.64,105.81,2.82,0.627,94.99,93.99,76.5,124.19,122.89,1.29,0.999,1.53,74.16,-14.26,18.38,77.47,76.42,71.79,107.83,106.43,1.4,0.563,94.99,93.99,76.5,124.19,122.89,1.29,0.999,0.1,74.14,-15.06,17.76,78.08,76.97,71.94,108.43,106.95,1.48,0.591,94.99,93.99,76.5,124.19,122.89,1.29,0.999,0.19,74.22,-14.46,17.24,77.49,76.5,71.92,107.66,106.34,1.31,0.557,94.99,93.99,76.5,124.19,122.89,1.29,0.999,0.02,74.21,-15.24,17.85,77.69,76.84,72.03,107.77,106.64,1.12,0.537,94.99,93.99,76.5,124.19,122.89,1.29,0.999,-0.17,74.26,-15.13,17.54,77.7,76.9,72.04,107.76,106.7,1.06,0.533,94.99,93.99,76.5,124.19,122.89,1.29,0.999,-0.24,74.27,-15.13,17.49,0,0,0,0,1,0,1
EuroLeague,2021-2022,Round 6,2021-10-26,FC Bayern München,AX Armani Exchange Milan,83,77,71.5,116.1,107.7,107.7,116.1,2,14,-12,1,83,77,1,AX Armani Exchange Milan,1.25,71.0,64.0,70.0,101.4,91.4,10.0,1.0,92.0,89.0,71.5,128.7,124.5,4.2,1.0,5.8,70.75,-23.1,37.3,73.02,68.54,70.76,103.16,96.79,6.37,1.0,87.55,87.22,71.5,122.48,122.01,0.47,0.555,5.91,71.13,-18.85,25.68,76.43,70.84,71.06,107.47,99.6,7.87,1.0,85.26,86.63,71.5,119.26,121.18,-1.91,0.406,9.78,71.28,-13.71,19.66,75.35,72.46,71.15,105.84,101.76,4.08,0.801,84.35,83.59,71.5,117.99,116.92,1.07,0.509,3.01,71.32,-11.07,16.23,74.6,72.54,71.2,104.73,101.81,2.91,0.689,83.68,82.89,71.5,117.06,115.95,1.11,0.57,1.8,71.35,-11.22,15.25,76.42,73.17,71.39,106.93,102.41,4.52,0.715,83.45,82.03,71.5,116.73,114.74,1.99,0.582,2.53,71.45,-7.81,14.32,76.06,73.72,71.4,106.43,103.16,3.27,0.658,83.44,82.01,71.5,116.71,114.72,2.0,0.583,1.27,71.45,-8.29,13.55,76.62,74.29,71.54,106.98,103.74,3.24,0.676,83.44,82.01,71.5,116.71,114.72,2.0,0.583,1.24,71.52,-7.73,12.97,76.22,74.04,71.54,106.43,103.4,3.02,0.644,83.44,82.01,71.5,116.71,114.72,2.0,0.583,1.03,71.52,-8.29,13.31,76.41,74.39,71.64,106.55,103.73,2.82,0.625,83.44,82.01,71.5,116.71,114.72,2.0,0.583,0.82,71.57,-8.17,12.98,1,0,-1,1,0,0,1
EuroLeague,2021-2022,Round 7,2021-10-28,ALBA Berlin,FC Bayern München,69,82,71.5,96.5,114.7,114.7,96.5,14,2,12,0,82,69,1,ALBA Berlin,1.25,86.0,79.0,74.2,115.9,106.5,9.4,1.0,83.0,77.0,71.5,116.1,107.7,8.4,1.0,1.0,72.85,8.2,9.6,78.32,79.9,73.57,106.36,108.67,-2.31,0.548,78.23,71.83,70.9,110.26,101.22,9.04,1.0,-11.34,72.24,5.14,1.59,74.97,78.84,72.87,102.73,108.22,-5.48,0.399,77.3,72.17,71.08,108.72,101.47,7.24,1.0,-12.73,71.97,1.26,0.5,77.54,80.15,73.19,105.77,109.51,-3.75,0.509,78.81,73.08,71.22,110.6,102.54,8.06,1.0,-11.81,72.2,3.23,1.08,78.22,79.41,73.31,106.53,108.33,-1.8,0.554,77.74,73.88,71.26,109.05,103.62,5.43,0.864,-7.24,72.28,2.91,0.72,78.26,79.71,73.34,106.54,108.69,-2.14,0.524,76.96,73.79,71.28,107.93,103.47,4.46,0.776,-6.6,72.31,3.07,-0.76,78.58,80.11,73.31,107.04,109.31,-2.26,0.514,78.15,74.18,71.42,109.34,103.8,5.54,0.79,-7.8,72.36,3.24,0.04,78.63,80.05,73.32,107.1,109.21,-2.11,0.518,77.78,74.53,71.43,108.83,104.29,4.54,0.743,-6.65,72.37,2.82,-0.38,78.62,80.07,73.31,107.09,109.25,-2.16,0.517,78.14,74.93,71.53,109.16,104.68,4.47,0.753,-6.63,72.42,2.4,-0.09,78.62,80.07,73.31,107.09,109.25,-2.16,0.517,77.77,74.72,71.53,108.65,104.39,4.26,0.726,-6.42,72.42,2.7,-0.6,0,1,1,1,0,0,0
BBL,2021-2022,Round 5,2021-10-31,Hamburg Towers,FC Bayern München,87,83,75.5,115.2,109.9,109.9,115.2,14,3,11,0,83,87,0,Hamburg Towers,1.0,71.0,85.0,73.5,96.6,115.6,-19.0,0.0,82.0,69.0,71.5,114.7,96.5,18.2,1.0,-37.2,72.5,0.1,-0.9,70.99,85.02,73.5,96.58,115.62,-19.04,0.0,82.45,72.62,71.5,115.33,101.56,13.77,1.0,-32.81,72.5,-4.98,-0.29,70.99,85.02,73.5,96.58,115.62,-19.04,0.0,79.82,70.64,71.16,112.13,99.23,12.9,1.0,-31.94,72.33,-2.64,-3.49,70.99,85.02,73.5,96.58,115.62,-19.04,0.0,78.91,71.08,71.22,110.76,99.77,10.99,1.0,-30.03,72.36,-3.19,-4.86,70.99,85.02,73.5,96.58,115.62,-19.04,0.0,79.78,71.83,71.3,111.85,100.69,11.16,1.0,-30.19,72.4,-4.11,-3.77,70.99,85.02,73.5,96.58,115.62,-19.04,0.0,78.91,72.54,71.32,110.61,101.66,8.94,0.901,-27.98,72.41,-5.08,-5.01,70.99,85.02,73.5,96.58,115.62,-19.04,0.0,78.24,72.58,71.34,109.65,101.7,7.95,0.833,-26.99,72.42,-5.11,-5.97,70.99,85.02,73.5,96.58,115.62,-19.04,0.0,79.08,72.93,71.44,110.64,102.03,8.61,0.841,-27.65,72.47,-5.45,-4.98,70.99,85.02,73.5,96.58,115.62,-19.04,0.0,78.76,73.25,71.44,110.18,102.49,7.7,0.802,-26.74,72.47,-5.9,-5.44,70.99,85.02,73.5,96.58,115.62,-19.04,0.0,79.01,73.6,71.53,110.4,102.85,7.55,0.808,-26.59,72.51,-6.27,-5.22,0,0,0,0,1,0,1
EuroLeague,2021-2022,Round 8,2021-11-05,FC Bayern München,Real Madrid,76,80,71.5,106.3,111.9,111.9,106.3,5,14,-9,1,76,80,0,Real Madrid,1.25,83.0,87.0,75.5,109.9,115.2,-5.3,0.0,81.0,76.0,71.5,113.3,106.3,7.0,1.0,-12.3,73.5,3.6,-1.9,82.5,77.93,73.48,112.32,105.78,6.54,0.504,84.97,77.25,71.5,118.85,108.05,10.8,1.0,-4.26,72.49,4.27,13.08,82.64,77.66,72.9,113.43,106.34,7.09,0.65,84.97,77.27,71.5,118.85,108.07,10.78,0.999,-3.69,72.2,5.36,12.51,80.75,75.44,72.43,111.48,103.92,7.56,0.706,84.97,77.27,71.5,118.85,108.07,10.78,0.999,-3.22,71.97,3.4,14.94,79.94,75.09,72.3,110.55,103.66,6.89,0.748,84.97,77.27,71.5,118.85,108.07,10.78,0.999,-3.9,71.9,2.47,15.19,80.53,75.34,72.27,111.4,104.05,7.35,0.769,84.97,77.27,71.5,118.85,108.07,10.78,0.999,-3.43,71.89,3.33,14.81,79.78,75.62,72.21,110.46,104.55,5.91,0.709,84.97,77.27,71.5,118.85,108.07,10.78,0.999,-4.87,71.86,2.38,14.31,79.19,75.46,72.17,109.7,104.4,5.3,0.666,84.97,77.27,71.5,118.85,108.07,10.78,0.999,-5.48,71.84,1.63,14.45,79.84,75.64,72.22,110.5,104.57,5.93,0.679,84.97,77.27,71.5,118.85,108.07,10.78,0.999,-4.85,71.86,2.43,14.29,79.54,75.8,72.19,110.13,104.84,5.29,0.654,84.97,77.27,71.5,118.85,108.07,10.78,0.999,-5.49,71.85,2.06,14.01,0,0,0,1,0,0,0
BBL,2021-2022,Round 6,2021-11-07,FC Bayern München,NINERS Chemnitz,87,73,71.8,121.2,101.7,101.7,121.2,2,14,-12,1,87,73,1,NINERS Chemnitz,1.0,76.0,80.0,71.5,106.3,111.9,-5.6,0.0,76.0,77.0,71.2,106.7,108.1,-1.4,0.0,-4.2,71.35,-1.8,-5.2,78.71,82.71,73.05,107.69,113.18,-5.48,0.0,76.0,77.0,71.2,106.7,108.1,-1.4,0.0,-4.08,72.12,-0.41,-6.48,79.64,78.84,72.61,109.67,108.47,1.2,0.282,76.0,77.0,71.2,106.7,108.1,-1.4,0.0,2.6,71.91,1.57,-1.77,80.27,78.49,72.4,110.88,108.33,2.56,0.418,76.0,77.0,71.2,106.7,108.1,-1.4,0.0,3.96,71.8,2.78,-1.63,79.24,76.89,72.14,109.83,106.45,3.38,0.482,76.0,77.0,71.2,106.7,108.1,-1.4,0.0,4.78,71.67,1.73,0.25,78.82,76.49,72.07,109.33,106.01,3.32,0.534,76.0,77.0,71.2,106.7,108.1,-1.4,0.0,4.72,71.64,1.23,0.69,79.31,76.59,72.07,110.03,106.15,3.88,0.563,76.0,77.0,71.2,106.7,108.1,-1.4,0.0,5.28,71.63,1.93,0.55,78.83,76.73,72.03,109.41,106.4,3.0,0.53,76.0,77.0,71.2,106.7,108.1,-1.4,0.0,4.4,71.62,1.31,0.3,78.42,76.56,72.01,108.88,106.21,2.67,0.506,76.0,77.0,71.2,106.7,108.1,-1.4,0.0,4.07,71.6,0.78,0.49,78.94,76.66,72.05,109.52,106.28,3.23,0.52,76.0,77.0,71.2,106.7,108.1,-1.4,0.0,4.63,71.63,1.42,0.42,1,0,-1,0,1,0,1
EuroLeague,2021-2022,Round 9,2021-11-12,AS Monaco,FC Bayern München,94,71,71.5,131.5,99.3,99.3,131.5,7,5,2,0,71,94,0,AS Monaco,1.25,78.0,78.0,72.0,108.0,108.0,0.0,0.5,87.0,73.0,71.8,121.2,101.7,19.5,1.0,-19.5,71.9,6.3,13.2,78.0,78.0,72.0,108.0,108.0,0.0,0.5,81.42,76.55,71.65,113.64,106.88,6.76,0.492,-6.76,71.82,1.12,5.64,78.0,78.0,72.0,108.0,108.0,0.0,0.5,81.8,79.09,72.58,112.73,108.9,3.83,0.373,-3.83,72.29,-0.9,4.73,78.0,78.0,72.0,108.0,108.0,0.0,0.5,81.84,77.09,72.37,113.12,106.45,6.67,0.497,-6.67,72.18,1.55,5.12,78.0,78.0,72.0,108.0,108.0,0.0,0.5,82.0,77.08,72.25,113.54,106.62,6.92,0.567,-6.92,72.12,1.38,5.54,78.0,78.0,72.0,108.0,108.0,0.0,0.5,81.07,75.97,72.06,112.51,105.33,7.18,0.604,-7.18,72.03,2.67,4.51,78.0,78.0,72.0,108.0,108.0,0.0,0.5,80.59,75.74,72.01,111.91,105.08,6.83,0.635,-6.83,72.01,2.92,3.91,78.0,78.0,72.0,108.0,108.0,0.0,0.5,80.9,75.85,72.01,112.34,105.23,7.1,0.653,-7.1,72.01,2.77,4.34,78.0,78.0,72.0,108.0,108.0,0.0,0.5,80.44,75.99,71.99,111.73,105.48,6.25,0.622,-6.25,71.99,2.52,3.73,78.0,78.0,72.0,108.0,108.0,0.0,0.5,80.05,75.88,71.97,111.21,105.35,5.86,0.599,-5.86,71.98,2.65,3.21,0,0,0,1,0,0,1
BBL-Pokal,2021-2022,Quarterfinal,2021-11-14,HAKRO Merlins Crailsheim,FC Bayern München,86,80,74.0,116.2,108.1,108.1,116.2,14,2,12,0,80,86,0,HAKRO Merlins Crailsheim,1.05,72.0,82.0,72.5,99.3,113.1,-13.8,0.0,71.0,94.0,71.5,99.3,131.5,-32.2,0.0,18.4,72.0,-32.2,-13.8,75.16,82.45,72.77,103.28,113.28,-10.0,0.0,77.19,85.88,71.62,107.77,119.97,-12.2,0.387,2.2,72.19,-16.69,-5.51,72.68,83.42,72.56,100.13,114.94,-14.81,0.0,76.85,84.2,71.58,107.35,117.67,-10.32,0.277,-4.49,72.07,-17.54,-7.59,73.56,84.82,72.87,100.89,116.32,-15.43,0.0,77.79,84.63,72.18,107.74,117.29,-9.55,0.234,-5.87,72.52,-16.4,-8.58,73.47,84.78,72.85,100.78,116.28,-15.5,0.0,78.35,82.53,72.09,108.67,114.51,-5.83,0.337,-9.66,72.47,-13.72,-7.6,73.47,84.8,72.86,100.78,116.3,-15.52,0.0,78.82,81.98,72.03,109.41,113.83,-4.41,0.403,-11.1,72.44,-13.04,-6.89,73.47,84.8,72.86,100.78,116.3,-15.52,0.0,78.33,80.87,71.91,108.92,112.44,-3.53,0.44,-11.99,72.38,-11.66,-7.38,73.47,84.8,72.86,100.78,116.3,-15.52,0.0,78.14,80.41,71.88,108.68,111.84,-3.15,0.473,-12.36,72.37,-11.05,-7.62,73.47,84.8,72.86,100.78,116.3,-15.52,0.0,78.46,80.32,71.89,109.12,111.71,-2.58,0.492,-12.93,72.37,-10.92,-7.18,73.47,84.8,72.86,100.78,116.3,-15.52,0.0,78.19,80.27,71.87,108.77,111.66,-2.89,0.475,-12.63,72.36,-10.88,-7.53,0,1,1,0,0,1,1
EuroLeague,2021-2022,Round 10,2021-11-16,FC Bayern München,Fenerbahce Beko Istanbul,71,63,71.5,99.3,88.1,88.1,99.3,2,14,-12,1,71,63,1,Fenerbahce Beko Istanbul,1.25,80.0,86.0,74.0,108.1,116.2,-8.1,0.0,77.0,68.0,71.5,107.7,95.1,12.6,1.0,-20.7,72.75,13.0,-8.5,75.54,89.96,72.76,103.74,123.78,-20.04,0.0,76.6,68.47,71.5,107.14,95.75,11.38,0.933,-31.43,72.13,7.99,-16.64,78.27,85.92,72.53,107.9,118.52,-10.62,0.238,76.6,68.47,71.5,107.15,95.76,11.38,0.933,-22.01,72.02,12.14,-11.38,77.82,84.76,72.33,107.58,117.22,-9.63,0.191,76.6,68.47,71.5,107.15,95.76,11.38,0.933,-21.02,71.91,11.82,-10.07,78.39,85.0,72.68,107.84,116.99,-9.15,0.17,76.6,68.47,71.5,107.15,95.76,11.38,0.933,-20.54,72.09,12.08,-9.85,78.76,83.39,72.56,108.53,114.92,-6.39,0.254,76.6,68.47,71.5,107.15,95.76,11.38,0.933,-17.78,72.03,12.77,-7.78,79.09,82.9,72.48,109.11,114.37,-5.25,0.311,76.6,68.47,71.5,107.15,95.76,11.38,0.933,-16.64,71.99,13.35,-7.22,78.69,81.98,72.36,108.74,113.26,-4.52,0.345,76.6,68.47,71.5,107.15,95.76,11.38,0.933,-15.9,71.93,12.98,-6.11,78.52,81.56,72.32,108.56,112.74,-4.18,0.375,76.6,68.47,71.5,107.15,95.76,11.38,0.933,-15.56,71.91,12.8,-5.59,78.77,81.46,72.31,108.92,112.61,-3.69,0.393,76.6,68.47,71.5,107.15,95.76,11.38,0.933,-15.08,71.9,13.16,-5.46,1,0,-1,1,0,0,1
EuroLeague,2021-2022,Round 11,2021-11-18,FC Bayern München,Panathinaikos OPAP Athens,81,78,71.5,113.3,109.1,109.1,113.3,2,14,-12,1,81,78,1,Panathinaikos OPAP Athens,1.25,71.0,63.0,71.5,99.3,88.1,11.2,1.0,71.0,76.0,71.5,99.3,106.3,-7.0,0.0,18.2,71.5,-7.0,11.2,74.68,72.41,72.52,102.9,99.6,3.3,0.591,72.99,76.0,71.5,102.08,106.3,-4.22,0.166,7.52,72.01,-3.4,2.48,73.63,78.6,72.23,101.87,108.75,-6.88,0.421,73.02,76.01,71.5,102.12,106.31,-4.19,0.167,-2.69,71.86,-4.44,-6.62,75.68,77.74,72.16,104.83,107.67,-2.84,0.51,73.02,76.01,71.5,102.13,106.31,-4.18,0.167,1.34,71.83,-1.48,-5.53,75.72,78.05,72.07,105.03,108.24,-3.21,0.44,73.02,76.01,71.5,102.13,106.31,-4.18,0.167,0.96,71.79,-1.28,-6.11,76.3,78.76,72.34,105.42,108.8,-3.38,0.406,73.02,76.01,71.5,102.13,106.31,-4.18,0.167,0.8,71.92,-0.89,-6.66,76.72,78.03,72.28,106.11,107.88,-1.77,0.45,73.02,76.01,71.5,102.13,106.31,-4.18,0.167,2.41,71.89,-0.2,-5.75,77.08,77.97,72.24,106.69,107.87,-1.18,0.482,73.02,76.01,71.5,102.13,106.31,-4.18,0.167,3.0,71.87,0.37,-5.74,76.86,77.46,72.15,106.49,107.26,-0.77,0.501,73.02,76.01,71.5,102.13,106.31,-4.18,0.167,3.41,71.83,0.18,-5.13,76.79,77.3,72.13,106.43,107.08,-0.64,0.519,73.02,76.01,71.5,102.13,106.31,-4.18,0.167,3.54,71.82,0.12,-4.94,1,0,-1,1,0,0,1
BBL,2021-2022,Round 7,2021-11-21,Telekom Baskets Bonn,FC Bayern München,96,61,76.0,126.3,80.3,80.3,126.3,14,3,11,0,61,96,0,Telekom Baskets Bonn,1.0,69.0,78.0,71.0,97.2,109.9,-12.7,0.0,81.0,78.0,71.5,113.3,109.1,4.2,1.0,-16.9,71.25,-11.9,3.4,69.21,79.14,71.23,97.18,111.11,-13.93,0.0,76.48,71.22,71.5,106.97,99.61,7.36,1.0,-21.3,71.36,-2.43,-4.14,69.21,79.14,71.23,97.18,111.11,-13.92,0.001,77.32,74.74,72.1,107.24,103.56,3.68,0.761,-17.6,71.66,-6.38,-3.86,69.21,79.14,71.23,97.19,111.11,-13.92,0.001,76.12,78.4,71.98,105.73,108.87,-3.13,0.617,-10.79,71.61,-11.68,-5.37,69.21,79.14,71.23,97.19,111.11,-13.92,0.001,77.28,77.82,71.96,107.39,108.1,-0.71,0.658,-13.21,71.6,-10.91,-3.72,69.21,79.14,71.23,97.19,111.11,-13.92,0.001,77.16,78.04,71.92,107.28,108.48,-1.2,0.593,-12.72,71.57,-11.29,-3.83,69.21,79.14,71.23,97.19,111.11,-13.92,0.001,77.5,78.57,72.13,107.43,108.87,-1.44,0.558,-12.48,71.68,-11.69,-3.67,69.21,79.14,71.23,97.19,111.11,-13.92,0.001,77.75,78.03,72.09,107.84,108.17,-0.33,0.583,-13.59,71.66,-10.99,-3.26,69.21,79.14,71.23,97.19,111.11,-13.92,0.001,77.99,77.98,72.07,108.21,108.15,0.06,0.601,-13.98,71.65,-10.97,-2.89,69.21,79.14,71.23,97.19,111.11,-13.92,0.001,77.79,77.58,72.01,108.02,107.68,0.34,0.613,-14.26,71.62,-10.49,-3.09,0,0,0,0,1,0,1
EuroLeague,2021-2022,Round 12,2021-11-25,CSKA Moscow,FC Bayern München,77,74,71.5,107.7,103.5,103.5,107.7,14,4,10,0,74,77,0,CSKA Moscow,1.25,66.0,69.0,71.5,92.3,96.5,-4.2,0.0,61.0,96.0,76.0,80.3,126.3,-46.0,0.0,41.8,73.75,-34.0,-16.2,71.21,71.72,71.5,99.6,100.31,-0.71,0.227,71.08,86.93,73.73,96.93,117.63,-20.7,0.504,19.99,72.62,-18.04,-3.38,71.23,71.73,71.5,99.63,100.32,-0.69,0.228,71.06,79.9,73.08,97.63,108.96,-11.34,0.65,10.64,72.29,-9.33,-2.69,71.24,71.73,71.5,99.63,100.32,-0.69,0.228,72.57,80.93,73.23,99.4,110.19,-10.79,0.54,10.1,72.37,-10.55,-0.92,71.24,71.73,71.5,99.63,100.32,-0.69,0.228,72.34,82.79,72.99,99.38,113.22,-13.84,0.463,13.15,72.24,-13.59,-0.94,71.24,71.73,71.5,99.63,100.32,-0.69,0.228,73.55,81.99,72.89,101.18,112.27,-11.09,0.507,10.4,72.19,-12.64,0.86,71.24,71.73,71.5,99.63,100.32,-0.69,0.228,73.74,81.83,72.78,101.58,112.24,-10.66,0.467,9.97,72.14,-12.61,1.26,71.24,71.73,71.5,99.63,100.32,-0.69,0.228,74.18,82.07,72.91,101.97,112.38,-10.41,0.445,9.72,72.2,-12.75,1.66,71.24,71.73,71.5,99.63,100.32,-0.69,0.228,74.54,81.48,72.84,102.55,111.66,-9.1,0.471,8.42,72.17,-12.02,2.24,71.24,71.73,71.5,99.63,100.32,-0.69,0.228,74.84,81.32,72.79,103.05,111.51,-8.47,0.49,7.78,72.15,-11.88,2.73,0,0,0,1,0,0,1
EuroLeague,2021-2022,Round 13,2021-12-02,FC Bayern München,LDLC ASVEL Villeurbanne,73,65,71.5,102.1,90.9,90.9,102.1,7,14,-7,1,73,65,1,LDLC ASVEL Villeurbanne,1.25,74.0,77.0,71.5,103.5,107.7,-4.2,0.0,87.0,79.0,71.5,121.7,110.5,11.2,1.0,-15.4,71.5,-7.0,14.0,68.92,84.42,73.26,94.44,114.96,-20.52,0.0,81.27,78.31,71.5,113.68,109.54,4.14,0.771,-24.66,72.38,-15.09,-1.29,72.35,82.6,72.76,99.8,113.3,-13.5,0.284,81.26,78.29,71.5,113.66,109.5,4.16,0.771,-17.66,72.13,-9.71,0.36,72.1,78.88,72.52,99.7,108.52,-8.81,0.42,81.25,78.3,71.5,113.65,109.51,4.14,0.771,-12.95,72.01,-9.81,5.14,73.02,79.7,72.69,100.68,109.41,-8.73,0.371,81.25,78.3,71.5,113.65,109.51,4.14,0.771,-12.87,72.1,-8.84,4.24,72.81,81.17,72.57,100.54,111.67,-11.13,0.333,81.25,78.3,71.5,113.65,109.51,4.14,0.771,-15.27,72.03,-8.98,1.98,73.67,80.67,72.52,101.79,111.07,-9.27,0.374,81.25,78.3,71.5,113.65,109.51,4.14,0.771,-13.41,72.01,-7.72,2.59,73.81,80.63,72.46,102.06,111.12,-9.06,0.352,81.25,78.3,71.5,113.65,109.51,4.14,0.771,-13.2,71.98,-7.46,2.54,74.14,80.86,72.57,102.34,111.26,-8.92,0.339,81.25,78.3,71.5,113.65,109.51,4.14,0.771,-13.06,72.04,-7.18,2.39,74.41,80.44,72.53,102.77,110.74,-7.97,0.362,81.25,78.3,71.5,113.65,109.51,4.14,0.771,-12.11,72.02,-6.74,2.91,0,0,0,1,0,0,1
BBL,2021-2022,Round 8,2021-12-05,FC Bayern München,Würzburg Baskets,90,70,71.0,126.8,98.6,98.6,126.8,3,14,-11,1,90,70,1,Würzburg Baskets,1.0,73.0,65.0,71.5,102.1,90.9,11.2,1.0,80.0,87.0,71.9,111.3,121.0,-9.7,0.0,20.9,71.7,-18.9,20.4,73.43,70.2,71.5,102.71,98.18,4.52,0.566,79.09,86.2,71.77,110.21,120.09,-9.88,0.0,14.41,71.64,-17.38,12.02,70.73,75.81,72.48,97.84,104.29,-6.45,0.443,79.08,86.2,71.77,110.19,120.08,-9.89,0.0,3.43,72.13,-22.24,5.9,72.59,76.2,72.3,100.63,105.16,-4.53,0.544,79.08,86.2,71.77,110.19,120.08,-9.89,0.0,5.36,72.04,-19.45,5.03,72.38,74.49,72.2,100.46,102.95,-2.49,0.603,79.08,86.2,71.77,110.19,120.08,-9.89,0.0,7.4,71.99,-19.62,7.24,73.01,75.44,72.35,101.09,104.04,-2.95,0.553,79.08,86.2,71.77,110.19,120.08,-9.89,0.0,6.94,72.06,-18.99,6.15,72.86,76.83,72.28,100.96,106.1,-5.14,0.512,79.08,86.2,71.77,110.19,120.08,-9.89,0.0,4.75,72.03,-19.12,4.09,73.5,76.66,72.26,101.87,105.9,-4.03,0.534,79.08,86.2,71.77,110.19,120.08,-9.89,0.0,5.86,72.02,-18.21,4.29,73.61,76.81,72.23,102.07,106.17,-4.1,0.51,79.08,86.2,71.77,110.19,120.08,-9.89,0.0,5.79,72.0,-18.01,4.02,73.87,77.09,72.32,102.28,106.41,-4.13,0.496,79.08,86.2,71.77,110.19,120.08,-9.89,0.0,5.76,72.05,-17.8,3.78,0,0,0,0,1,0,1
EuroLeague,2021-2022,Round 14,2021-12-09,FC Bayern München,Anadolu Efes Istanbul,83,71,71.5,116.1,99.3,99.3,116.1,4,14,-10,1,83,71,1,Anadolu Efes Istanbul,1.25,90.0,70.0,71.0,126.8,98.6,28.2,1.0,79.0,80.0,71.5,110.5,111.9,-1.4,0.0,29.6,71.25,14.9,11.9,81.43,67.48,71.25,114.35,94.72,19.63,1.0,78.04,79.28,71.5,109.16,110.89,-1.74,0.0,21.37,71.38,3.46,14.44,79.36,70.13,71.32,111.33,98.33,13.0,0.722,78.06,79.25,71.5,109.18,110.85,-1.67,0.002,14.67,71.41,0.48,10.85,76.59,74.04,72.03,106.64,102.56,4.08,0.613,78.07,79.25,71.5,109.2,110.85,-1.65,0.002,5.73,71.76,-4.21,6.63,77.17,74.57,71.96,107.53,103.43,4.09,0.664,78.07,79.25,71.5,109.2,110.85,-1.65,0.002,5.75,71.73,-3.32,5.76,76.56,73.42,71.91,106.71,101.92,4.8,0.697,78.07,79.25,71.5,109.2,110.85,-1.65,0.002,6.45,71.71,-4.14,7.28,76.78,74.23,72.05,106.8,102.83,3.97,0.653,78.07,79.25,71.5,109.2,110.85,-1.65,0.002,5.62,71.77,-4.05,6.36,76.44,75.4,72.01,106.36,104.53,1.82,0.614,78.07,79.25,71.5,109.2,110.85,-1.65,0.002,3.48,71.76,-4.49,4.66,76.82,75.32,72.01,106.89,104.43,2.46,0.628,78.07,79.25,71.5,109.2,110.85,-1.65,0.002,4.11,71.75,-3.96,4.77,76.79,75.49,71.99,106.87,104.7,2.17,0.605,78.07,79.25,71.5,109.2,110.85,-1.65,0.002,3.82,71.74,-3.98,4.5,0,0,0,1,0,0,1
BBL,2021-2022,Round 9,2021-12-12,ALBA Berlin,FC Bayern München,73,80,73.2,99.7,109.3,109.3,99.7,14,3,11,0,80,73,1,ALBA Berlin,1.0,69.0,82.0,71.5,96.5,114.7,-18.2,0.0,83.0,71.0,71.5,116.1,99.3,16.8,1.0,-35.0,71.5,-2.8,1.4,70.36,81.76,71.72,98.05,114.04,-15.99,0.08,85.73,70.61,71.3,120.28,99.03,21.25,1.0,-37.24,71.51,-0.97,6.23,70.28,81.71,71.78,97.85,113.87,-16.02,0.075,82.12,69.02,71.36,115.12,96.72,18.4,1.0,-34.42,71.57,1.13,1.24,70.07,81.43,71.75,97.62,113.54,-15.92,0.072,80.67,70.44,71.39,113.04,98.68,14.36,0.821,-30.29,71.57,-1.06,-0.5,70.8,81.61,71.86,98.45,113.61,-15.15,0.107,78.65,73.06,71.86,109.68,101.51,8.17,0.737,-23.32,71.86,-3.06,-3.92,71.1,81.41,71.91,98.78,113.25,-14.47,0.126,78.87,73.53,71.82,110.02,102.23,7.8,0.762,-22.27,71.87,-3.45,-3.23,71.2,81.46,71.94,98.88,113.27,-14.39,0.124,78.3,72.77,71.8,109.25,101.21,8.04,0.779,-22.43,71.87,-2.33,-4.02,71.3,81.55,71.94,99.04,113.4,-14.37,0.124,78.38,73.4,71.91,109.2,101.92,7.27,0.742,-21.64,71.92,-2.89,-4.21,71.33,81.53,71.94,99.07,113.37,-14.31,0.125,78.05,74.32,71.89,108.75,103.25,5.51,0.709,-19.81,71.91,-4.18,-4.62,71.33,81.53,71.94,99.07,113.38,-14.31,0.125,78.3,74.28,71.89,109.09,103.2,5.89,0.717,-20.2,71.91,-4.14,-4.28,0,0,0,0,1,0,0
EuroLeague,2021-2022,Round 15,2021-12-15,Olympiacos Piraeus,FC Bayern München,83,60,71.5,116.1,83.9,83.9,116.1,14,3,11,0,60,83,0,Olympiacos Piraeus,1.25,84.0,82.0,71.5,117.5,114.7,2.8,1.0,80.0,73.0,73.2,109.3,99.7,9.6,1.0,-6.8,72.35,17.8,-5.4,80.62,80.31,71.5,112.77,112.33,0.43,0.789,81.51,71.99,72.34,112.73,99.5,13.23,1.0,-12.79,71.92,13.27,0.39,80.64,80.29,71.5,112.8,112.3,0.5,0.789,83.58,71.51,72.02,116.16,99.28,16.88,1.0,-16.38,71.76,13.52,3.86,80.64,80.29,71.5,112.8,112.31,0.49,0.789,81.48,70.21,71.91,113.37,97.62,15.75,1.0,-15.26,71.71,15.19,1.06,80.64,80.29,71.5,112.8,112.31,0.49,0.789,80.49,71.11,71.86,112.07,98.95,13.12,0.868,-12.63,71.68,13.86,-0.24,80.64,80.29,71.5,112.8,112.31,0.49,0.789,78.98,73.05,72.18,109.59,101.08,8.51,0.8,-8.02,71.84,11.72,-2.72,80.64,80.29,71.5,112.8,112.31,0.49,0.789,79.12,73.41,72.13,109.86,101.67,8.2,0.815,-7.71,71.82,11.14,-2.45,80.64,80.29,71.5,112.8,112.31,0.49,0.789,78.66,72.82,72.1,109.26,100.89,8.37,0.826,-7.88,71.8,11.91,-3.05,80.64,80.29,71.5,112.8,112.31,0.49,0.789,78.71,73.32,72.17,109.22,101.47,7.74,0.794,-7.25,71.83,11.33,-3.09,80.64,80.29,71.5,112.8,112.31,0.49,0.789,78.43,74.06,72.14,108.86,102.55,6.31,0.766,-5.81,71.82,10.25,-3.45,0,0,0,1,0,0,1
EuroLeague,2021-2022,Round 16,2021-12-17,Crvena Zvezda mts Belgrade,FC Bayern München,81,78,71.5,113.3,109.1,109.1,113.3,14,2,12,0,78,81,0,Crvena Zvezda mts Belgrade,1.25,76.0,78.0,71.5,106.3,109.1,-2.8,0.0,60.0,83.0,71.5,83.9,116.1,-32.2,0.0,29.4,71.5,-9.8,-25.2,73.79,77.48,71.5,103.21,108.37,-5.16,0.0,67.88,79.06,72.17,93.91,109.64,-15.73,0.394,10.57,71.83,-6.43,-14.47,73.81,77.47,71.5,103.24,108.35,-5.11,0.001,72.2,76.76,71.98,100.25,106.68,-6.43,0.567,1.32,71.74,-3.45,-8.1,73.81,77.47,71.5,103.24,108.35,-5.11,0.001,74.95,75.71,71.83,104.36,105.43,-1.08,0.634,-4.04,71.66,-2.19,-3.99,73.81,77.47,71.5,103.24,108.35,-5.11,0.001,74.69,74.26,71.78,104.05,103.46,0.59,0.684,-5.7,71.64,-0.22,-4.3,73.81,77.47,71.5,103.24,108.35,-5.11,0.001,74.62,74.51,71.76,104.0,103.86,0.14,0.619,-5.25,71.63,-0.62,-4.35,73.81,77.47,71.5,103.24,108.35,-5.11,0.001,73.85,75.74,72.0,102.65,105.13,-2.48,0.584,-2.63,71.75,-1.9,-5.7,73.81,77.47,71.5,103.24,108.35,-5.11,0.001,74.24,75.86,71.97,103.23,105.35,-2.12,0.607,-2.99,71.74,-2.11,-5.12,73.81,77.47,71.5,103.24,108.35,-5.11,0.001,74.1,75.31,71.95,103.06,104.61,-1.54,0.624,-3.57,71.72,-1.37,-5.29,73.81,77.47,71.5,103.24,108.35,-5.11,0.001,74.27,75.62,72.01,103.21,104.94,-1.73,0.606,-3.38,71.75,-1.71,-5.14,0,1,1,1,0,0,1
BBL,2021-2022,Round 10,2021-12-19,FC Bayern München,EWE Baskets Oldenburg,93,80,74.5,124.8,107.4,107.4,124.8,2,14,-12,1,93,80,1,EWE Baskets Oldenburg,1.0,78.0,81.0,71.5,109.1,113.3,-4.2,0.0,100.0,95.0,78.0,128.2,121.8,6.4,1.0,-10.6,74.75,-12.7,14.9,69.86,81.9,71.5,97.71,114.57,-16.86,0.0,99.7,94.62,77.9,127.98,121.46,6.52,1.0,-23.37,74.7,-23.75,13.41,72.17,79.88,71.89,100.34,111.19,-10.85,0.227,99.67,94.61,77.89,127.94,121.46,6.48,0.998,-17.33,74.89,-21.11,16.75,74.2,78.22,71.81,103.3,108.96,-5.67,0.372,99.67,94.61,77.89,127.94,121.46,6.48,0.998,-12.15,74.85,-18.16,18.98,75.89,77.34,71.73,105.81,107.85,-2.04,0.439,99.67,94.61,77.89,127.94,121.46,6.48,0.998,-8.52,74.81,-15.64,20.09,75.61,76.13,71.7,105.45,106.19,-0.74,0.494,99.67,94.61,77.89,127.94,121.46,6.48,0.998,-7.22,74.8,-16.01,21.75,75.49,76.19,71.69,105.31,106.29,-0.98,0.46,99.67,94.61,77.89,127.94,121.46,6.48,0.998,-7.46,74.79,-16.14,21.65,74.87,77.04,71.87,104.24,107.15,-2.91,0.44,99.67,94.61,77.89,127.94,121.46,6.48,0.998,-9.39,74.88,-17.21,20.79,75.13,77.08,71.86,104.62,107.23,-2.61,0.463,99.67,94.61,77.89,127.94,121.46,6.48,0.998,-9.09,74.88,-16.84,20.71,74.99,76.61,71.85,104.44,106.59,-2.15,0.481,99.67,94.61,77.89,127.94,121.46,6.48,0.998,-8.63,74.87,-17.01,21.34,1,0,-1,0,1,0,1
EuroLeague,2021-2022,Round 17,2021-12-23,FC Bayern München,Bitci Baskonia Vitoria-Gasteiz,76,81,71.5,106.3,113.3,113.3,106.3,4,7,-3,1,76,81,0,Bitci Baskonia Vitoria-Gasteiz,1.25,93.0,80.0,74.5,124.8,107.4,17.4,1.0,78.0,78.0,72.0,108.0,108.0,0.0,0.5,17.4,73.25,16.8,0.6,85.39,80.51,72.98,116.83,110.4,6.43,0.492,78.0,78.0,72.0,108.0,108.0,0.0,0.5,6.43,72.49,8.83,-2.4,77.89,81.24,72.54,107.11,112.08,-4.97,0.347,78.0,78.0,72.0,108.0,108.0,0.0,0.5,-4.97,72.27,-0.89,-4.08,78.23,79.92,72.65,107.46,110.09,-2.62,0.452,78.0,78.0,72.0,108.0,108.0,0.0,0.5,-2.62,72.32,-0.54,-2.09,78.9,78.66,72.49,108.68,108.57,0.11,0.529,78.0,78.0,72.0,108.0,108.0,0.0,0.5,0.11,72.24,0.68,-0.57,79.82,77.95,72.36,110.17,107.75,2.43,0.568,78.0,78.0,72.0,108.0,108.0,0.0,0.5,2.43,72.18,2.17,0.25,79.29,76.95,72.3,109.55,106.44,3.11,0.601,78.0,78.0,72.0,108.0,108.0,0.0,0.5,3.11,72.15,1.55,1.56,78.99,76.95,72.25,109.21,106.51,2.7,0.568,78.0,78.0,72.0,108.0,108.0,0.0,0.5,2.7,72.13,1.21,1.49,78.37,77.61,72.38,108.21,107.2,1.01,0.548,78.0,78.0,72.0,108.0,108.0,0.0,0.5,1.01,72.19,0.21,0.8,78.46,77.62,72.35,108.38,107.26,1.12,0.564,78.0,78.0,72.0,108.0,108.0,0.0,0.5,1.12,72.18,0.38,0.74,0,0,0,1,0,0,0
BBL,2021-2022,Round 11,2021-12-26,HAKRO Merlins Crailsheim,FC Bayern München,77,68,72.8,105.8,93.4,93.4,105.8,14,3,11,0,68,77,0,HAKRO Merlins Crailsheim,1.0,86.0,80.0,74.0,116.2,108.1,8.1,1.0,76.0,81.0,71.5,106.3,113.3,-7.0,0.0,15.1,72.75,2.9,-1.8,85.22,80.11,73.92,115.26,108.38,6.89,0.945,82.64,80.61,72.67,113.52,111.0,2.53,0.39,4.36,73.29,4.27,5.15,84.95,80.24,73.88,114.95,108.6,6.35,0.903,81.31,80.72,72.34,112.25,111.66,0.6,0.278,5.75,73.11,3.29,3.65,84.29,80.44,73.82,114.14,108.98,5.17,0.872,77.23,81.16,72.18,106.83,112.51,-5.68,0.225,10.85,73.0,1.63,-2.15,84.3,80.66,73.84,114.11,109.22,4.89,0.863,77.53,80.25,72.29,107.1,111.09,-3.99,0.311,8.88,73.07,3.02,-2.12,84.28,80.66,73.84,114.08,109.23,4.85,0.862,78.09,79.32,72.21,108.01,109.9,-1.89,0.38,6.74,73.03,4.18,-1.22,84.27,80.66,73.84,114.08,109.23,4.85,0.862,78.81,78.75,72.14,109.15,109.21,-0.06,0.418,4.91,72.99,4.86,-0.08,84.27,80.66,73.84,114.08,109.23,4.85,0.862,78.47,77.95,72.1,108.74,108.15,0.59,0.452,4.25,72.97,5.93,-0.49,84.27,80.66,73.84,114.08,109.23,4.85,0.862,78.28,77.91,72.07,108.52,108.13,0.39,0.433,4.46,72.96,5.95,-0.71,84.27,80.66,73.84,114.08,109.23,4.85,0.862,77.82,78.39,72.18,107.77,108.61,-0.84,0.421,5.69,73.01,5.47,-1.46,0,0,0,0,1,0,1
BBL,2021-2022,Round 12,2022-01-02,FC Bayern München,Bamberg Baskets,83,62,70.4,117.9,88.1,88.1,117.9,7,14,-7,1,83,62,1,Bamberg Baskets,1.0,68.0,77.0,72.8,93.4,105.8,-12.4,0.0,85.0,87.0,74.2,114.6,117.3,-2.7,0.0,-9.7,73.5,-23.9,8.8,72.03,79.02,72.14,99.9,109.58,-9.68,0.0,85.47,87.4,74.31,115.06,117.66,-2.61,0.0,-7.07,73.23,-17.76,5.48,77.15,79.26,72.72,105.98,109.05,-3.07,0.244,85.34,87.38,74.29,114.91,117.66,-2.75,0.0,-0.32,73.5,-11.68,5.86,77.32,79.61,72.47,106.6,109.9,-3.3,0.195,85.34,87.38,74.29,114.91,117.66,-2.75,0.0,-0.55,73.38,-11.05,5.0,74.86,80.09,72.34,103.37,110.78,-7.41,0.167,85.34,87.38,74.29,114.91,117.66,-2.75,0.0,-4.66,73.31,-14.28,4.12,75.29,79.49,72.41,103.88,109.85,-5.97,0.238,85.34,87.38,74.29,114.91,117.66,-2.75,0.0,-3.22,73.35,-13.78,5.06,75.9,78.82,72.34,104.84,109.01,-4.17,0.298,85.34,87.38,74.29,114.91,117.66,-2.75,0.0,-1.42,73.31,-12.81,5.89,76.58,78.39,72.27,105.9,108.51,-2.61,0.332,85.34,87.38,74.29,114.91,117.66,-2.75,0.0,0.15,73.28,-11.75,6.4,76.41,77.77,72.24,105.73,107.69,-1.96,0.363,85.34,87.38,74.29,114.91,117.66,-2.75,0.0,0.79,73.26,-11.93,7.22,76.33,77.74,72.21,105.65,107.69,-2.04,0.351,85.34,87.38,74.29,114.91,117.66,-2.75,0.0,0.71,73.25,-12.01,7.22,0,0,0,0,1,0,1
BBL,2021-2022,Round 13,2022-01-09,BG Göttingen,FC Bayern München,66,80,71.1,92.8,112.5,112.5,92.8,14,7,7,0,80,66,1,BG Göttingen,1.0,91.0,102.0,77.4,117.6,131.8,-14.2,0.0,83.0,62.0,70.4,117.9,88.1,29.8,1.0,-44.0,73.9,29.5,-13.9,88.84,100.63,76.88,115.47,130.87,-15.39,0.0,76.5,68.5,71.44,107.28,95.77,11.51,0.566,-26.9,74.16,19.7,-23.59,88.61,100.56,76.85,115.2,130.82,-15.62,0.0,76.35,72.32,71.46,106.98,101.13,5.85,0.393,-21.46,74.15,14.07,-23.84,88.6,100.56,76.85,115.19,130.81,-15.62,0.0,79.07,73.58,71.96,109.9,102.16,7.74,0.493,-23.36,74.4,13.04,-20.91,88.6,100.56,76.85,115.19,130.81,-15.62,0.0,78.92,74.65,71.89,109.78,103.77,6.01,0.421,-21.63,74.37,11.43,-21.03,88.6,100.56,76.85,115.19,130.81,-15.62,0.0,76.9,75.54,71.85,107.03,105.08,1.95,0.377,-17.56,74.35,10.11,-23.78,88.6,100.56,76.85,115.19,130.81,-15.62,0.0,77.1,75.38,71.94,107.17,104.73,2.44,0.417,-18.06,74.39,10.46,-23.64,88.6,100.56,76.85,115.19,130.81,-15.62,0.0,77.47,75.11,71.91,107.72,104.4,3.33,0.453,-18.94,74.38,10.8,-23.09,88.6,100.56,76.85,115.19,130.81,-15.62,0.0,77.94,74.91,71.88,108.45,104.18,4.27,0.474,-19.89,74.36,11.02,-22.36,88.6,100.56,76.85,115.19,130.81,-15.62,0.0,77.76,74.54,71.86,108.21,103.68,4.53,0.493,-20.15,74.35,11.51,-22.6,0,0,0,0,1,0,0
EuroLeague,2021-2022,Round 20,2022-01-11,FC Bayern München,Zalgiris Kaunas,74,65,71.5,103.5,90.9,90.9,103.5,2,14,-12,1,74,65,1,Zalgiris Kaunas,1.25,80.0,66.0,71.1,112.5,92.8,19.7,1.0,73.0,75.0,71.5,102.1,104.9,-2.8,0.0,22.5,71.3,7.6,9.3,81.3,64.27,70.8,114.84,90.76,24.08,1.0,72.88,74.84,71.5,101.94,104.68,-2.75,0.0,26.82,71.15,10.16,11.17,77.99,67.44,71.3,109.5,94.51,14.99,0.751,72.89,74.83,71.5,101.95,104.66,-2.71,0.007,17.71,71.4,4.84,7.44,77.59,70.18,71.34,108.85,98.3,10.55,0.599,72.89,74.83,71.5,101.95,104.66,-2.71,0.007,13.26,71.42,4.19,3.65,79.35,71.3,71.7,110.68,99.34,11.33,0.645,72.89,74.83,71.5,101.95,104.66,-2.71,0.007,14.05,71.6,6.02,2.6,79.21,72.33,71.68,110.51,100.82,9.69,0.577,72.89,74.83,71.5,101.95,104.66,-2.71,0.007,12.41,71.59,5.85,1.13,77.67,73.18,71.66,108.38,102.04,6.34,0.531,72.89,74.83,71.5,101.95,104.66,-2.71,0.007,9.05,71.58,3.72,-0.09,77.78,73.17,71.74,108.43,101.93,6.5,0.554,72.89,74.83,71.5,101.95,104.66,-2.71,0.007,9.21,71.62,3.76,0.02,78.03,73.07,71.73,108.79,101.8,6.99,0.575,72.89,74.83,71.5,101.95,104.66,-2.71,0.007,9.71,71.61,4.13,0.15,78.39,72.98,71.71,109.33,101.71,7.62,0.588,72.89,74.83,71.5,101.95,104.66,-2.71,0.007,10.34,71.6,4.67,0.24,1,0,-1,1,0,0,1
EuroLeague,2021-2022,Round 21,2022-01-13,FC Bayern München,AS Monaco,78,83,71.5,109.1,116.1,116.1,109.1,2,14,-12,1,78,83,0,AS Monaco,1.25,74.0,65.0,71.5,103.5,90.9,12.6,1.0,94.0,71.0,71.5,131.5,99.3,32.2,1.0,-19.6,71.5,4.2,40.6,76.39,65.4,71.34,107.08,91.66,15.42,1.0,94.0,71.0,71.5,131.5,99.3,32.2,1.0,-16.78,71.42,7.78,39.84,77.93,64.61,71.12,109.6,90.83,18.78,1.0,94.0,71.0,71.5,131.5,99.3,32.2,1.0,-13.42,71.31,10.3,40.67,76.42,66.48,71.38,107.15,93.09,14.05,0.849,94.0,71.0,71.5,131.5,99.3,32.2,1.0,-18.15,71.44,7.85,38.41,76.37,68.42,71.39,107.04,95.79,11.25,0.735,94.0,71.0,71.5,131.5,99.3,32.2,1.0,-20.95,71.45,7.74,35.71,77.68,69.33,71.64,108.43,96.7,11.73,0.756,94.0,71.0,71.5,131.5,99.3,32.2,1.0,-20.47,71.57,9.13,34.8,77.7,70.21,71.63,108.48,97.95,10.54,0.699,94.0,71.0,71.5,131.5,99.3,32.2,1.0,-21.66,71.56,9.18,33.55,76.67,70.95,71.62,107.05,99.01,8.04,0.659,94.0,71.0,71.5,131.5,99.3,32.2,1.0,-24.16,71.56,7.75,32.49,76.79,71.03,71.68,107.13,99.03,8.1,0.671,94.0,71.0,71.5,131.5,99.3,32.2,1.0,-24.1,71.59,7.83,32.47,77.01,71.02,71.67,107.45,99.04,8.41,0.683,94.0,71.0,71.5,131.5,99.3,32.2,1.0,-23.79,71.59,8.15,32.46,1,0,-1,1,0,0,0
BBL,2021-2022,Round 14,2022-01-16,FC Bayern München,MHP RIESEN Ludwigsburg,79,78,72.0,109.7,108.3,108.3,109.7,3,14,-11,1,79,78,1,MHP RIESEN Ludwigsburg,1.0,78.0,83.0,71.5,109.1,116.1,-7.0,0.0,77.0,86.0,73.0,105.5,117.8,-12.3,0.0,5.3,72.25,-8.7,-10.6,76.19,74.86,71.5,106.57,104.71,1.86,0.452,77.45,83.74,72.46,106.9,115.54,-8.64,0.0,10.5,71.98,-8.97,2.19,77.07,72.83,71.41,107.93,101.97,5.96,0.578,75.97,83.27,72.44,104.86,114.93,-10.07,0.0,16.03,71.93,-7.0,2.89,77.95,71.21,71.26,109.42,99.9,9.52,0.641,80.55,85.96,73.28,109.68,117.2,-7.51,0.183,17.03,72.27,-7.77,9.79,76.93,71.8,71.42,107.78,100.5,7.27,0.575,79.72,86.52,73.25,108.6,118.0,-9.4,0.169,16.67,72.34,-10.22,8.1,76.84,72.67,71.42,107.64,101.71,5.92,0.521,79.69,86.39,73.24,108.59,117.85,-9.26,0.177,15.19,72.33,-10.22,6.88,77.77,73.09,71.6,108.62,102.04,6.58,0.548,79.69,86.38,73.24,108.59,117.84,-9.26,0.177,15.84,72.42,-9.23,6.55,77.78,73.53,71.59,108.64,102.66,5.98,0.518,79.69,86.38,73.24,108.59,117.84,-9.25,0.177,15.23,72.41,-9.2,5.93,77.0,73.94,71.59,107.56,103.25,4.31,0.495,79.69,86.38,73.24,108.59,117.84,-9.25,0.177,13.56,72.41,-10.28,5.34,77.08,73.92,71.63,107.61,103.15,4.45,0.509,79.69,86.38,73.24,108.59,117.84,-9.25,0.177,13.7,72.44,-10.23,5.44,0,0,0,0,1,0,1
EuroLeague,2021-2022,Round 22,2022-01-21,Bitci Baskonia Vitoria-Gasteiz,FC Bayern München,77,84,71.5,107.7,117.5,117.5,107.7,14,5,9,0,84,77,1,Bitci Baskonia Vitoria-Gasteiz,1.25,81.0,76.0,71.5,113.3,106.3,7.0,1.0,79.0,78.0,72.0,109.7,108.3,1.4,1.0,5.6,71.75,5.0,3.4,81.0,76.0,71.5,113.3,106.3,7.0,1.0,78.5,80.52,71.75,109.4,112.23,-2.83,0.496,9.83,71.62,1.07,3.1,81.0,76.0,71.5,113.3,106.3,7.0,1.0,77.18,75.96,71.68,107.67,105.97,1.7,0.644,5.3,71.59,7.33,1.37,81.0,76.0,71.5,113.3,106.3,7.0,1.0,77.63,74.35,71.58,108.45,103.83,4.62,0.702,2.38,71.54,9.47,2.15,81.0,76.0,71.5,113.3,106.3,7.0,1.0,78.23,72.98,71.45,109.49,102.09,7.4,0.735,-0.4,71.48,11.21,3.19,81.0,76.0,71.5,113.3,106.3,7.0,1.0,77.43,73.29,71.56,108.24,102.38,5.86,0.677,1.14,71.53,10.92,1.94,81.0,76.0,71.5,113.3,106.3,7.0,1.0,77.32,73.86,71.55,108.1,103.18,4.92,0.628,2.08,71.53,10.12,1.8,81.0,76.0,71.5,113.3,106.3,7.0,1.0,78.03,74.14,71.68,108.85,103.37,5.48,0.644,1.52,71.59,9.93,2.55,81.0,76.0,71.5,113.3,106.3,7.0,1.0,78.03,74.44,71.68,108.86,103.81,5.05,0.616,1.95,71.59,9.49,2.56,81.0,76.0,71.5,113.3,106.3,7.0,1.0,77.39,74.74,71.67,107.98,104.24,3.74,0.594,3.26,71.59,9.06,1.68,0,0,0,1,0,0,0
BBL,2021-2022,Round 15,2022-01-23,SYNTAINICS MBC,FC Bayern München,74,85,73.0,101.4,116.4,116.4,101.4,14,2,12,0,85,74,1,SYNTAINICS MBC,1.0,84.0,96.0,75.2,111.7,127.7,-16.0,0.0,84.0,77.0,71.5,117.5,107.7,9.8,1.0,-25.8,73.35,4.0,-10.2,83.97,95.99,75.2,111.67,127.69,-16.03,0.0,82.07,77.39,71.69,114.48,107.93,6.55,1.0,-22.58,73.45,3.73,-13.21,83.97,95.99,75.2,111.67,127.69,-16.03,0.0,80.92,78.97,71.64,112.96,110.24,2.73,0.718,-18.75,73.42,1.43,-14.73,83.97,95.99,75.2,111.67,127.69,-16.03,0.0,79.61,76.33,71.61,111.18,106.59,4.59,0.771,-20.62,73.4,5.08,-16.51,83.97,95.99,75.2,111.67,127.69,-16.03,0.0,79.66,75.19,71.56,111.32,105.06,6.27,0.797,-22.29,73.38,6.61,-16.37,83.97,95.99,75.2,111.67,127.69,-16.03,0.0,79.92,74.16,71.47,111.84,103.73,8.1,0.812,-24.13,73.33,7.93,-15.85,83.97,95.99,75.2,111.67,127.69,-16.03,0.0,79.24,74.32,71.54,110.8,103.85,6.95,0.767,-22.97,73.37,7.81,-16.89,83.97,95.99,75.2,111.67,127.69,-16.03,0.0,79.07,74.68,71.54,110.55,104.36,6.19,0.725,-22.22,73.37,7.3,-17.14,83.97,95.99,75.2,111.67,127.69,-16.03,0.0,79.54,74.86,71.64,111.03,104.46,6.57,0.734,-22.59,73.42,7.2,-16.66,83.97,95.99,75.2,111.67,127.69,-16.03,0.0,79.48,75.06,71.63,110.97,104.76,6.21,0.71,-22.23,73.42,6.91,-16.72,0,1,1,0,1,0,0
EuroLeague,2021-2022,Round 18,2022-01-25,LDLC ASVEL Villeurbanne,FC Bayern München,68,77,71.5,95.1,107.7,107.7,95.1,14,2,12,0,77,68,1,LDLC ASVEL Villeurbanne,1.25,65.0,73.0,71.5,90.9,102.1,-11.2,0.0,85.0,74.0,73.0,116.4,101.4,15.0,1.0,-26.2,72.25,-10.5,14.3,65.25,73.07,71.5,91.25,102.2,-10.94,0.012,84.49,75.52,72.24,116.96,104.6,12.36,1.0,-23.3,71.87,-13.34,14.76,65.24,73.08,71.5,91.24,102.21,-10.97,0.011,83.16,76.12,72.18,115.2,105.5,9.7,1.0,-20.67,71.84,-14.26,12.99,65.24,73.08,71.5,91.24,102.21,-10.97,0.012,82.14,77.48,72.05,113.99,107.59,6.4,0.802,-17.37,71.77,-16.35,11.78,65.24,73.08,71.5,91.24,102.21,-10.97,0.012,81.0,75.73,71.97,112.52,105.25,7.27,0.83,-18.24,71.73,-14.01,10.31,65.24,73.08,71.5,91.24,102.21,-10.97,0.012,80.91,74.91,71.9,112.52,104.2,8.32,0.844,-19.29,71.7,-12.96,10.31,65.24,73.08,71.5,91.24,102.21,-10.97,0.012,81.04,74.12,71.8,112.85,103.22,9.63,0.854,-20.6,71.65,-11.98,10.64,65.24,73.08,71.5,91.24,102.21,-10.97,0.012,80.46,74.25,71.85,111.98,103.33,8.65,0.816,-19.62,71.67,-12.09,9.77,65.24,73.08,71.5,91.24,102.21,-10.97,0.012,80.27,74.54,71.83,111.74,103.76,7.97,0.781,-18.94,71.67,-12.52,9.53,65.24,73.08,71.5,91.24,102.21,-10.97,0.012,80.61,74.69,71.91,112.09,103.86,8.23,0.787,-19.2,71.7,-12.62,9.88,0,1,1,1,0,0,0
EuroLeague,2021-2022,Round 23,2022-01-28,FC Bayern München,ALBA Berlin,62,56,71.5,86.7,78.3,78.3,86.7,3,14,-11,1,62,56,1,ALBA Berlin,1.25,77.0,68.0,71.5,107.7,95.1,12.6,1.0,73.0,80.0,73.2,99.7,109.3,-9.6,0.0,22.2,72.35,-1.6,4.6,80.18,70.39,72.1,111.16,97.6,13.55,1.0,71.6,80.7,72.6,98.58,111.2,-12.62,0.0,26.17,72.35,-0.04,0.97,81.29,72.31,71.92,113.0,100.54,12.46,1.0,72.02,80.65,72.65,99.09,111.06,-11.97,0.03,24.43,72.29,1.95,-1.45,80.94,73.19,71.93,112.49,101.74,10.75,1.0,71.95,80.66,72.65,98.99,111.06,-12.07,0.029,22.82,72.29,1.43,-2.75,80.54,74.52,71.88,112.03,103.7,8.33,0.864,71.84,80.57,72.62,98.87,110.98,-12.11,0.028,20.45,72.25,1.05,-4.82,79.88,73.56,71.84,111.17,102.4,8.76,0.878,72.11,80.66,72.65,99.19,111.05,-11.86,0.044,20.62,72.25,0.12,-3.21,79.88,73.09,71.79,111.25,101.81,9.45,0.885,72.22,80.58,72.67,99.32,110.93,-11.61,0.052,21.05,72.23,0.32,-2.48,80.03,72.59,71.73,111.56,101.18,10.37,0.891,72.25,80.6,72.68,99.36,110.95,-11.59,0.052,21.96,72.2,0.61,-1.82,79.62,72.74,71.76,110.94,101.34,9.61,0.861,72.29,80.64,72.67,99.42,111.01,-11.58,0.051,21.19,72.22,-0.06,-1.91,79.5,73.01,71.76,110.79,101.73,9.06,0.832,72.3,80.64,72.67,99.44,111.0,-11.56,0.052,20.62,72.22,-0.21,-2.3,0,0,0,1,0,0,1
BBL,2021-2022,Round 16,2022-01-30,FC Bayern München,SKYLINERS Frankfurt,72,53,67.5,106.7,78.5,78.5,106.7,2,14,-12,1,72,53,1,SKYLINERS Frankfurt,1.0,62.0,56.0,71.5,86.7,78.3,8.4,1.0,52.0,75.0,68.2,76.2,110.0,-33.8,0.0,42.2,69.85,-23.3,-2.1,68.72,61.38,71.5,96.11,85.83,10.28,1.0,52.62,75.93,68.33,76.96,111.13,-34.17,0.0,44.46,69.92,-15.02,-8.88,72.44,64.26,71.84,100.75,89.39,11.36,1.0,52.63,75.94,68.34,76.97,111.14,-34.17,0.0,45.53,70.09,-10.39,-12.41,74.64,66.69,71.78,103.94,92.88,11.06,1.0,52.64,75.94,68.34,76.98,111.14,-34.16,0.0,45.22,70.06,-7.2,-15.9,75.11,67.9,71.8,104.56,94.53,10.03,1.0,52.64,75.94,68.34,76.98,111.14,-34.16,0.0,44.19,70.07,-6.58,-17.55,75.39,69.39,71.77,105.0,96.65,8.35,0.902,52.64,75.94,68.34,76.98,111.14,-34.16,0.0,42.51,70.05,-6.14,-19.67,75.29,69.06,71.75,104.89,96.22,8.67,0.909,52.64,75.94,68.34,76.98,111.14,-34.16,0.0,42.83,70.04,-6.25,-19.24,75.51,68.91,71.72,105.25,96.06,9.19,0.913,52.64,75.94,68.34,76.98,111.14,-34.16,0.0,43.35,70.03,-5.89,-19.08,75.77,68.67,71.67,105.69,95.78,9.91,0.916,52.64,75.94,68.34,76.98,111.14,-34.16,0.0,44.07,70.01,-5.45,-18.8,75.57,68.89,71.7,105.37,96.04,9.33,0.893,52.64,75.94,68.34,76.98,111.14,-34.16,0.0,43.49,70.02,-5.77,-19.06,1,0,-1,0,1,0,1
EuroLeague,2021-2022,Round 24,2022-02-01,FC Barcelona,FC Bayern München,71,66,71.5,99.3,92.3,92.3,99.3,14,2,12,0,66,71,0,FC Barcelona,1.25,80.0,72.0,71.5,111.9,100.7,11.2,1.0,72.0,53.0,67.5,106.7,78.5,28.2,1.0,-17.0,69.5,33.4,6.0,79.57,72.53,71.5,111.3,101.45,9.86,0.947,66.92,54.52,69.53,96.55,78.4,18.15,1.0,-8.29,70.52,32.9,-4.9,79.55,72.71,71.5,111.27,101.69,9.58,0.937,69.87,58.46,70.11,99.8,83.28,16.53,1.0,-6.95,70.8,27.99,-1.89,79.55,72.71,71.5,111.27,101.69,9.58,0.937,72.31,60.97,70.57,102.49,86.2,16.28,1.0,-6.7,71.04,25.06,0.79,79.55,72.71,71.5,111.27,101.69,9.58,0.937,73.98,63.26,70.71,104.63,89.27,15.36,1.0,-5.78,71.1,21.99,2.94,79.55,72.71,71.5,111.27,101.69,9.58,0.937,74.4,64.48,70.81,105.05,90.85,14.2,1.0,-4.63,71.16,20.42,3.36,79.55,72.71,71.5,111.27,101.69,9.58,0.937,74.67,65.91,70.87,105.36,92.8,12.56,0.923,-2.98,71.18,18.46,3.67,79.55,72.71,71.5,111.27,101.69,9.58,0.937,74.63,65.86,70.9,105.25,92.69,12.56,0.927,-2.99,71.2,18.58,3.56,79.55,72.71,71.5,111.27,101.69,9.58,0.937,74.84,65.86,70.91,105.53,92.69,12.83,0.93,-3.26,71.21,18.57,3.84,79.55,72.71,71.5,111.27,101.69,9.58,0.937,75.07,65.75,70.9,105.88,92.56,13.32,0.932,-3.74,71.2,18.71,4.19,0,1,1,1,0,0,1
EuroLeague,2021-2022,Round 25,2022-02-03,FC Bayern München,Maccabi Playtika Tel Aviv,70,52,71.5,97.9,72.7,72.7,97.9,2,14,-12,1,70,52,1,Maccabi Playtika Tel Aviv,1.25,66.0,71.0,71.5,92.3,99.3,-7.0,0.0,69.0,68.0,71.5,96.5,95.1,1.4,1.0,-8.4,71.5,-2.8,-2.8,68.39,63.84,69.91,98.02,91.03,6.99,0.398,69.03,68.13,71.5,96.54,95.28,1.27,0.968,5.73,70.7,2.75,5.51,66.53,61.56,70.37,94.73,87.33,7.4,0.573,69.08,68.19,71.5,96.61,95.36,1.25,0.965,6.16,70.94,-0.63,9.28,68.53,62.79,70.59,97.21,88.81,8.4,0.654,69.08,68.19,71.5,96.61,95.36,1.25,0.965,7.15,71.04,1.85,7.8,70.37,64.05,70.86,99.36,90.22,9.14,0.693,69.08,68.19,71.5,96.61,95.36,1.25,0.965,7.89,71.18,4.0,6.39,71.78,65.39,70.92,101.24,92.03,9.2,0.725,69.08,68.19,71.5,96.61,95.36,1.25,0.965,7.96,71.21,5.87,4.58,72.23,66.16,70.99,101.76,93.03,8.73,0.742,69.08,68.19,71.5,96.61,95.36,1.25,0.965,7.48,71.25,6.39,3.58,72.57,67.15,71.02,102.19,94.38,7.8,0.698,69.08,68.19,71.5,96.61,95.36,1.25,0.965,6.56,71.26,6.82,2.23,72.63,67.05,71.04,102.25,94.22,8.03,0.712,69.08,68.19,71.5,96.61,95.36,1.25,0.965,6.78,71.27,6.88,2.39,72.85,67.02,71.04,102.55,94.18,8.37,0.721,69.08,68.19,71.5,96.61,95.36,1.25,0.965,7.12,71.27,7.19,2.43,1,0,-1,1,0,0,1
BBL,2021-2022,Round 17,2022-02-06,FC Bayern München,ratiopharm ulm,77,74,71.5,107.7,103.5,103.5,107.7,3,14,-11,1,77,74,1,ratiopharm ulm,1.0,70.0,52.0,71.5,97.9,72.7,25.2,1.0,86.0,83.0,75.0,114.7,110.7,4.0,1.0,21.2,73.25,-12.8,42.0,68.19,60.59,71.5,95.37,84.72,10.65,0.548,87.12,84.47,75.24,115.76,112.22,3.54,0.93,7.11,73.37,-16.85,31.04,69.07,58.84,70.58,97.97,83.29,14.68,0.652,86.98,84.42,75.21,115.63,112.21,3.42,0.917,11.26,72.89,-14.24,32.34,67.71,58.3,70.76,95.81,82.34,13.48,0.719,86.98,84.42,75.21,115.63,112.21,3.42,0.918,10.06,72.98,-16.4,33.3,68.96,59.61,70.86,97.41,84.06,13.36,0.756,86.98,84.42,75.21,115.63,112.21,3.42,0.917,9.94,73.03,-14.8,31.58,70.27,60.78,71.03,98.96,85.47,13.49,0.776,86.98,84.42,75.21,115.63,112.21,3.42,0.917,10.07,73.12,-13.25,30.16,71.34,62.04,71.07,100.4,87.2,13.21,0.794,86.98,84.42,75.21,115.63,112.21,3.42,0.917,9.79,73.14,-11.81,28.44,71.7,62.79,71.11,100.84,88.18,12.65,0.803,86.98,84.42,75.21,115.63,112.21,3.42,0.917,9.23,73.16,-11.38,27.45,71.98,63.7,71.13,101.21,89.45,11.76,0.767,86.98,84.42,75.21,115.63,112.21,3.42,0.917,8.34,73.17,-11.0,26.19,72.05,63.75,71.14,101.29,89.5,11.79,0.775,86.98,84.42,75.21,115.63,112.21,3.42,0.917,8.37,73.18,-10.92,26.14,0,0,0,0,1,0,1
BBL,2021-2022,Round 18,2022-02-13,Basketball Löwen Braunschweig,FC Bayern München,82,91,73.8,111.1,123.3,123.3,111.1,14,7,7,0,91,82,1,Basketball Löwen Braunschweig,1.0,80.0,96.0,73.5,108.8,130.6,-21.8,0.0,77.0,74.0,71.5,107.7,103.5,4.2,1.0,-26.0,72.5,5.3,-22.9,79.98,95.96,73.51,108.76,130.53,-21.77,0.0,73.47,62.91,71.5,102.76,87.98,14.78,1.0,-36.55,72.5,20.78,-27.77,79.98,95.96,73.51,108.76,130.53,-21.77,0.0,71.28,65.29,71.5,99.69,91.3,8.39,0.706,-30.16,72.5,17.46,-30.84,79.98,95.96,73.51,108.76,130.53,-21.77,0.0,71.4,63.29,70.85,100.83,89.23,11.6,0.754,-33.37,72.18,19.54,-29.7,79.98,95.96,73.51,108.76,130.53,-21.77,0.0,70.05,62.25,70.94,98.8,87.66,11.14,0.789,-32.91,72.22,21.1,-31.73,79.98,95.96,73.51,108.76,130.53,-21.77,0.0,70.77,62.85,71.0,99.73,88.44,11.3,0.811,-33.07,72.25,20.33,-30.8,79.98,95.96,73.51,108.76,130.53,-21.77,0.0,71.69,63.57,71.13,100.8,89.27,11.53,0.823,-33.3,72.32,19.49,-29.73,79.98,95.96,73.51,108.76,130.53,-21.77,0.0,72.46,64.4,71.15,101.84,90.42,11.43,0.834,-33.2,72.33,18.34,-28.69,79.98,95.96,73.51,108.76,130.53,-21.77,0.0,72.7,64.92,71.19,102.14,91.09,11.05,0.841,-32.82,72.35,17.67,-28.39,79.98,95.96,73.51,108.76,130.53,-21.77,0.0,72.9,65.59,71.2,102.4,92.02,10.38,0.81,-32.15,72.35,16.74,-28.13,0,0,0,0,1,0,0
EuroLeague,2021-2022,Round 28,2022-03-04,FC Bayern München,Olympiacos Piraeus,88,98,71.5,123.1,137.1,137.1,123.1,14,14,0,1,88,98,0,Olympiacos Piraeus,1.25,91.0,82.0,73.8,123.3,111.1,12.2,1.0,83.0,60.0,71.5,116.1,83.9,32.2,1.0,-20.0,72.65,39.4,5.0,84.93,78.53,72.8,116.54,107.81,8.73,1.0,83.01,60.11,71.5,116.11,84.06,32.05,1.0,-23.32,72.15,32.48,8.3,80.37,70.42,72.4,110.84,97.07,13.77,1.0,82.98,60.13,71.5,116.08,84.08,32.0,0.999,-18.23,71.95,26.76,19.01,77.47,70.54,72.22,107.11,97.52,9.58,0.799,82.98,60.13,71.5,116.08,84.08,32.0,0.999,-22.41,71.86,23.02,18.56,76.83,68.48,71.67,107.06,95.29,11.77,0.822,82.98,60.13,71.5,116.08,84.08,32.0,0.999,-20.23,71.58,22.97,20.79,75.23,67.13,71.65,104.86,93.46,11.4,0.841,82.98,60.13,71.5,116.08,84.08,32.0,0.999,-20.59,71.58,20.78,22.62,75.37,67.2,71.64,105.09,93.59,11.5,0.854,82.98,60.13,71.5,116.08,84.08,32.0,0.999,-20.49,71.57,21.01,22.49,75.86,67.55,71.71,105.66,93.98,11.68,0.862,82.98,60.13,71.5,116.08,84.08,32.0,0.999,-20.32,71.6,21.58,22.1,76.26,68.01,71.7,106.25,94.66,11.58,0.868,82.98,60.13,71.5,116.08,84.08,32.0,0.999,-20.41,71.6,22.16,21.42,76.35,68.32,71.71,106.35,95.08,11.28,0.872,82.98,60.13,71.5,116.08,84.08,32.0,0.999,-20.72,71.6,22.27,21.0,0,0,0,1,0,0,0
BBL,2021-2022,Round 19,2022-03-06,FC Bayern München,medi bayreuth,83,60,69.8,118.9,86.0,86.0,118.9,2,14,-12,1,83,60,1,medi bayreuth,1.0,88.0,98.0,71.5,123.1,137.1,-14.0,0.0,78.0,87.0,72.0,108.3,120.8,-12.5,0.0,-1.5,71.75,2.3,-28.8,89.02,92.59,72.28,123.17,128.3,-5.14,0.338,77.66,86.92,71.97,107.87,120.73,-12.86,0.0,7.73,72.12,2.43,-20.43,86.54,88.76,72.12,119.99,123.2,-3.22,0.474,77.64,86.92,71.97,107.84,120.74,-12.9,0.0,9.69,72.04,-0.75,-15.37,83.68,82.41,72.01,116.17,114.47,1.7,0.565,77.64,86.92,71.97,107.84,120.74,-12.9,0.0,14.6,71.99,-4.57,-6.64,81.48,80.99,71.95,113.19,112.58,0.61,0.495,77.64,86.92,71.97,107.84,120.74,-12.9,0.0,13.51,71.96,-7.55,-4.74,80.76,78.86,71.61,112.7,109.99,2.71,0.533,77.64,86.92,71.97,107.84,120.74,-12.9,0.0,15.61,71.79,-8.04,-2.15,79.39,77.2,71.6,110.81,107.68,3.12,0.567,77.64,86.92,71.97,107.84,120.74,-12.9,0.0,16.03,71.79,-9.93,0.15,79.26,76.68,71.6,110.63,106.98,3.65,0.591,77.64,86.92,71.97,107.84,120.74,-12.9,0.0,16.55,71.78,-10.1,0.85,79.46,76.59,71.65,110.84,106.78,4.05,0.606,77.64,86.92,71.97,107.84,120.74,-12.9,0.0,16.96,71.81,-9.9,1.05,79.62,76.6,71.64,111.07,106.82,4.26,0.62,77.64,86.92,71.97,107.84,120.74,-12.9,0.0,17.16,71.81,-9.66,1.02,1,0,-1,0,1,0,1
BBL,2021-2022,Round 20,2022-03-13,JobStairs GIESSEN 46ers,FC Bayern München,85,95,75.0,113.3,126.7,126.7,113.3,14,7,7,0,95,85,1,JobStairs GIESSEN 46ers,1.0,64.0,71.0,70.0,91.4,101.4,-10.0,0.0,83.0,60.0,69.8,118.9,86.0,32.9,1.0,-42.9,69.9,5.4,17.5,64.89,71.66,70.19,92.34,102.02,-9.68,0.029,85.54,79.29,70.66,121.03,111.94,9.09,0.492,-18.77,70.42,-19.6,19.02,64.89,71.66,70.19,92.34,102.02,-9.68,0.029,86.66,79.85,71.31,121.5,111.77,9.73,0.597,-19.41,70.75,-19.43,19.48,64.89,71.66,70.19,92.34,102.02,-9.68,0.029,85.35,79.05,71.34,119.62,110.64,8.98,0.652,-18.65,70.76,-18.3,17.6,64.89,71.66,70.19,92.34,102.02,-9.68,0.029,83.48,75.76,71.36,116.98,106.03,10.95,0.694,-20.63,70.77,-13.69,14.96,64.89,71.66,70.19,92.34,102.02,-9.68,0.029,81.89,75.33,71.37,114.73,105.42,9.31,0.631,-18.99,70.78,-13.08,12.71,64.89,71.66,70.19,92.34,102.02,-9.68,0.029,81.33,74.06,71.15,114.27,103.89,10.39,0.652,-20.06,70.67,-11.55,12.26,64.89,71.66,70.19,92.34,102.02,-9.68,0.029,80.26,73.06,71.17,112.75,102.48,10.28,0.671,-19.95,70.68,-10.13,10.73,64.89,71.66,70.19,92.34,102.02,-9.68,0.029,80.12,72.85,71.18,112.53,102.16,10.38,0.685,-20.05,70.68,-9.82,10.52,64.89,71.66,70.19,92.34,102.02,-9.68,0.029,80.25,72.88,71.23,112.64,102.14,10.5,0.694,-20.18,70.71,-9.8,10.62,0,0,0,0,1,0,0
BBL,2021-2022,Round 21,2022-03-20,FC Bayern München,Hamburg Towers,86,75,73.4,117.2,102.2,102.2,117.2,7,14,-7,1,86,75,1,Hamburg Towers,1.0,95.0,85.0,75.0,126.7,113.3,13.4,1.0,87.0,83.0,75.5,115.2,109.9,5.3,1.0,8.1,75.25,16.8,1.9,89.8,74.16,72.75,123.32,101.47,21.85,1.0,86.82,83.02,75.48,114.99,109.96,5.02,0.989,16.83,74.11,13.35,13.52,89.24,81.53,72.36,123.25,112.47,10.78,0.691,86.82,83.02,75.48,114.99,109.96,5.02,0.989,5.75,73.92,13.29,2.52,89.48,81.59,72.56,123.26,112.29,10.97,0.733,86.82,83.02,75.48,114.99,109.96,5.02,0.989,5.95,74.02,13.29,2.7,88.3,80.87,72.46,121.79,111.46,10.33,0.758,86.82,83.02,75.48,114.99,109.96,5.02,0.989,5.31,73.97,11.82,3.53,86.7,78.34,72.37,119.69,108.06,11.63,0.78,86.82,83.02,75.48,114.99,109.96,5.02,0.989,6.61,73.93,9.73,6.93,85.3,77.85,72.31,117.85,107.47,10.38,0.727,86.82,83.02,75.48,114.99,109.96,5.02,0.989,5.35,73.9,7.88,7.52,84.74,76.79,72.11,117.37,106.24,11.14,0.739,86.82,83.02,75.48,114.99,109.96,5.02,0.989,6.11,73.79,7.41,8.75,83.78,75.92,72.08,116.08,105.06,11.02,0.75,86.82,83.02,75.48,114.99,109.96,5.02,0.989,6.0,73.78,6.12,9.93,83.56,75.65,72.06,115.81,104.73,11.07,0.758,86.82,83.02,75.48,114.99,109.96,5.02,0.989,6.05,73.77,5.84,10.26,0,0,0,0,1,0,1
EuroLeague,2021-2022,Round 31,2022-03-22,Panathinaikos OPAP Athens,FC Bayern München,80,67,71.5,111.9,93.7,93.7,111.9,14,2,12,0,67,80,0,Panathinaikos OPAP Athens,1.25,78.0,81.0,71.5,109.1,113.3,-4.2,0.0,86.0,75.0,73.4,117.2,102.2,15.0,1.0,-19.2,72.45,6.9,3.9,77.88,80.91,71.5,108.93,113.18,-4.25,0.0,89.9,79.34,74.09,121.32,107.01,14.31,1.0,-18.55,72.8,1.92,8.14,77.9,80.9,71.5,108.96,113.16,-4.2,0.003,88.18,74.52,73.02,120.72,101.78,18.94,1.0,-23.14,72.26,7.18,7.56,77.9,80.9,71.5,108.96,113.16,-4.2,0.003,88.15,79.32,72.71,121.2,109.0,12.21,0.796,-16.41,72.11,-0.04,8.05,77.9,80.9,71.5,108.96,113.16,-4.2,0.003,88.42,79.57,72.82,121.4,109.2,12.21,0.815,-16.41,72.16,-0.24,8.25,77.9,80.9,71.5,108.96,113.16,-4.2,0.003,87.64,79.2,72.73,120.48,108.81,11.67,0.827,-15.87,72.11,0.15,7.32,77.9,80.9,71.5,108.96,113.16,-4.2,0.003,86.51,77.45,72.65,119.03,106.49,12.53,0.839,-16.73,72.07,2.46,5.87,77.9,80.9,71.5,108.96,113.16,-4.2,0.003,85.48,77.13,72.59,117.68,106.13,11.55,0.796,-15.75,72.05,2.83,4.53,77.9,80.9,71.5,108.96,113.16,-4.2,0.003,85.05,76.35,72.43,117.33,105.24,12.09,0.803,-16.29,71.96,3.71,4.17,77.9,80.9,71.5,108.96,113.16,-4.2,0.003,84.31,75.7,72.4,116.35,104.38,11.97,0.809,-16.17,71.95,4.58,3.19,0,1,1,1,0,0,1
BBL,2021-2022,Round 22,2022-03-27,NINERS Chemnitz,FC Bayern München,77,58,71.0,108.5,81.7,81.7,108.5,14,5,9,0,58,77,0,NINERS Chemnitz,1.0,73.0,87.0,71.8,101.7,121.2,-19.5,0.0,67.0,80.0,71.5,93.7,111.9,-18.2,0.0,-1.3,71.65,-10.2,-27.5,73.04,86.87,71.79,101.76,121.04,-19.27,0.0,74.55,78.01,72.26,103.04,108.04,-5.0,0.398,-14.27,72.02,-6.28,-17.99,73.04,86.87,71.79,101.76,121.04,-19.27,0.0,79.32,79.64,72.9,108.56,109.27,-0.71,0.538,-18.56,72.34,-7.51,-12.47,73.04,86.87,71.79,101.76,121.04,-19.27,0.0,79.88,76.67,72.43,110.13,105.75,4.38,0.608,-23.65,72.11,-3.98,-10.91,73.04,86.87,71.79,101.76,121.04,-19.27,0.0,80.98,79.55,72.3,111.88,109.98,1.9,0.526,-21.17,72.05,-8.22,-9.16,73.04,86.87,71.79,101.76,121.04,-19.27,0.0,81.62,79.71,72.4,112.62,110.05,2.56,0.557,-21.84,72.1,-8.29,-8.42,73.04,86.87,71.79,101.76,121.04,-19.27,0.0,81.41,79.44,72.36,112.39,109.74,2.64,0.577,-21.91,72.07,-7.98,-8.65,73.04,86.87,71.79,101.76,121.04,-19.27,0.0,80.89,78.19,72.32,111.72,108.05,3.67,0.597,-22.94,72.05,-6.29,-9.31,73.04,86.87,71.79,101.76,121.04,-19.27,0.0,80.35,77.92,72.29,111.02,107.73,3.28,0.575,-22.56,72.04,-5.97,-10.02,73.04,86.87,71.79,101.76,121.04,-19.27,0.0,80.15,77.34,72.18,110.92,107.05,3.87,0.585,-23.14,71.98,-5.29,-10.12,0,0,0,0,1,0,1
EuroLeague,2021-2022,Round 30,2022-03-29,AX Armani Exchange Milan,FC Bayern München,84,77,71.5,117.5,107.7,107.7,117.5,14,2,12,0,77,84,0,AX Armani Exchange Milan,1.25,77.0,83.0,71.5,107.7,116.1,-8.4,0.0,58.0,77.0,71.0,81.7,108.5,-26.8,0.0,18.4,71.25,-0.8,-34.4,77.87,83.35,71.5,108.92,116.59,-7.67,0.058,62.47,78.49,71.25,87.66,110.19,-22.53,0.0,14.86,71.37,-1.27,-28.93,78.05,83.42,71.5,109.17,116.69,-7.52,0.055,68.27,77.63,71.78,94.95,108.22,-13.27,0.247,5.75,71.64,0.96,-21.74,78.09,83.48,71.5,109.22,116.77,-7.55,0.053,72.52,78.8,72.29,99.99,109.02,-9.03,0.366,1.49,71.9,0.2,-16.78,78.14,83.09,71.5,109.29,116.23,-6.93,0.079,73.66,76.76,72.02,102.04,106.53,-4.49,0.435,-2.44,71.76,2.76,-14.19,78.16,82.98,71.5,109.32,116.07,-6.75,0.099,75.1,78.9,71.97,104.16,109.6,-5.45,0.391,-1.31,71.73,-0.28,-11.92,78.14,82.83,71.5,109.3,115.86,-6.56,0.103,75.87,79.05,72.06,105.09,109.68,-4.58,0.421,-1.98,71.78,-0.38,-10.77,78.14,82.82,71.5,109.3,115.85,-6.55,0.104,75.92,78.87,72.04,105.19,109.45,-4.27,0.442,-2.29,71.77,-0.15,-10.67,78.14,82.82,71.5,109.3,115.85,-6.55,0.104,75.71,77.92,72.02,104.93,108.15,-3.22,0.462,-3.33,71.76,1.15,-10.93,78.14,82.82,71.5,109.3,115.85,-6.55,0.104,75.43,77.72,72.0,104.57,107.9,-3.33,0.449,-3.22,71.75,1.4,-11.28,0,1,1,1,0,0,1
EuroLeague,2021-2022,Round 33,2022-04-01,FC Bayern München,Crvena Zvezda mts Belgrade,82,57,71.5,114.7,79.7,79.7,114.7,3,14,-11,1,82,57,1,Crvena Zvezda mts Belgrade,1.25,77.0,84.0,71.5,107.7,117.5,-9.8,0.0,81.0,78.0,71.5,113.3,109.1,4.2,1.0,-14.0,71.5,-1.4,-4.2,69.45,81.22,71.3,97.36,113.92,-16.56,0.0,80.95,78.0,71.5,113.22,109.1,4.12,0.989,-20.68,71.4,-11.74,-0.7,68.76,80.87,71.36,96.33,113.35,-17.02,0.0,80.91,77.99,71.5,113.17,109.09,4.08,0.988,-21.1,71.43,-12.76,-0.18,71.46,79.95,71.68,99.6,111.61,-12.0,0.157,80.91,77.99,71.5,113.17,109.09,4.08,0.988,-16.09,71.59,-9.49,1.57,73.98,80.49,72.03,102.5,111.79,-9.28,0.247,80.91,77.99,71.5,113.17,109.09,4.08,0.988,-13.37,71.77,-6.59,1.39,74.66,78.94,71.86,103.74,109.83,-6.09,0.304,80.91,77.99,71.5,113.17,109.09,4.08,0.988,-10.17,71.68,-5.35,3.34,75.63,80.32,71.84,105.15,111.81,-6.66,0.282,80.91,77.99,71.5,113.17,109.09,4.08,0.988,-10.75,71.67,-3.94,1.37,76.18,80.38,71.91,105.8,111.78,-5.99,0.308,80.91,77.99,71.5,113.17,109.09,4.08,0.988,-10.07,71.7,-3.3,1.39,76.2,80.21,71.9,105.85,111.56,-5.72,0.326,80.91,77.99,71.5,113.17,109.09,4.08,0.988,-9.8,71.7,-3.24,1.61,76.04,79.47,71.89,105.64,110.54,-4.9,0.344,80.91,77.99,71.5,113.17,109.09,4.08,0.988,-8.99,71.69,-3.45,2.63,0,0,0,1,0,0,1
BBL,2021-2022,Round 23,2022-04-03,FC Bayern München,Telekom Baskets Bonn,100,81,75.2,133.0,107.7,107.7,133.0,2,14,-12,1,100,81,1,Telekom Baskets Bonn,1.0,82.0,57.0,71.5,114.7,79.7,35.0,1.0,96.0,61.0,76.0,126.3,80.3,46.0,1.0,-11.0,73.75,34.4,46.6,79.76,69.1,71.5,111.56,96.65,14.92,0.552,95.3,61.44,75.87,125.55,81.07,44.48,0.974,-29.56,73.69,30.5,28.9,74.79,70.91,71.39,104.74,99.35,5.39,0.426,95.23,61.52,75.86,125.46,81.19,44.27,0.971,-38.88,73.62,23.56,26.11,73.36,72.58,71.41,102.72,101.66,1.06,0.348,95.23,61.52,75.86,125.46,81.19,44.27,0.971,-43.22,73.63,21.53,23.8,74.73,72.84,71.62,104.28,101.72,2.57,0.418,95.23,61.52,75.86,125.46,81.19,44.27,0.971,-41.71,73.74,23.09,23.75,76.28,73.77,71.88,105.99,102.6,3.39,0.463,95.23,61.52,75.86,125.46,81.19,44.27,0.971,-40.88,73.87,24.81,22.86,76.65,73.01,71.77,106.71,101.68,5.02,0.492,95.23,61.52,75.86,125.46,81.19,44.27,0.971,-39.25,73.81,25.52,23.78,77.26,74.35,71.75,107.59,103.59,4.0,0.466,95.23,61.52,75.86,125.46,81.19,44.27,0.971,-40.27,73.81,26.4,21.87,77.63,74.56,71.81,108.01,103.79,4.22,0.48,95.23,61.52,75.86,125.46,81.19,44.27,0.971,-40.05,73.83,26.82,21.67,77.62,74.55,71.8,108.01,103.79,4.22,0.49,95.23,61.52,75.86,125.46,81.19,44.27,0.971,-40.05,73.83,26.82,21.67,1,0,-1,0,1,0,1
EuroLeague,2021-2022,Round 26,2022-04-04,Fenerbahce Beko Istanbul,FC Bayern München,81,76,71.5,113.3,106.3,106.3,113.3,14,1,13,0,76,81,0,Fenerbahce Beko Istanbul,1.25,63.0,71.0,71.5,88.1,99.3,-11.2,0.0,100.0,81.0,75.2,133.0,107.7,25.3,1.0,-36.5,73.35,-19.6,33.7,63.36,70.92,71.5,88.61,99.19,-10.58,0.026,90.86,68.82,73.32,123.71,93.49,30.22,1.0,-40.81,72.41,-4.88,24.52,63.38,70.93,71.5,88.63,99.2,-10.57,0.026,86.81,73.25,72.79,119.03,100.5,18.54,0.708,-29.11,72.14,-11.87,19.83,63.38,70.93,71.5,88.63,99.2,-10.57,0.026,82.16,73.86,72.5,113.0,101.79,11.21,0.594,-21.78,72.0,-13.16,13.8,63.38,70.93,71.5,88.63,99.2,-10.57,0.026,80.08,74.7,72.36,110.35,103.18,7.17,0.512,-17.74,71.93,-14.55,11.15,63.38,70.93,71.5,88.63,99.2,-10.57,0.026,80.57,74.73,72.45,110.92,103.1,7.82,0.553,-18.39,71.97,-14.47,11.72,63.38,70.93,71.5,88.63,99.2,-10.57,0.026,81.43,75.34,72.6,111.86,103.71,8.15,0.579,-18.73,72.05,-15.08,12.66,63.38,70.93,71.5,88.63,99.2,-10.57,0.026,81.5,74.67,72.48,112.17,102.93,9.24,0.598,-19.81,71.99,-14.31,12.97,63.38,70.93,71.5,88.63,99.2,-10.57,0.026,81.78,75.68,72.44,112.64,104.41,8.23,0.572,-18.81,71.97,-15.78,13.44,63.38,70.93,71.5,88.63,99.2,-10.57,0.026,81.98,75.81,72.47,112.87,104.55,8.32,0.581,-18.89,71.98,-15.93,13.67,0,1,1,1,0,0,1
EuroLeague,2021-2022,Round 19,2022-04-06,Anadolu Efes Istanbul,FC Bayern München,81,76,71.5,113.3,106.3,106.3,113.3,14,2,12,0,76,81,0,Anadolu Efes Istanbul,1.25,71.0,83.0,71.5,99.3,116.1,-16.8,0.0,76.0,81.0,71.5,106.3,113.3,-7.0,0.0,-9.8,71.5,-14.0,-9.8,71.13,82.95,71.5,99.48,116.03,-16.56,0.0,85.63,81.0,72.98,117.01,111.05,5.96,0.401,-22.52,72.24,-11.58,0.98,71.13,82.93,71.5,99.48,116.01,-16.53,0.0,84.57,73.98,72.55,116.33,101.88,14.46,0.576,-30.99,72.02,-2.4,0.33,71.13,82.93,71.5,99.48,116.01,-16.53,0.0,83.11,75.9,72.35,114.68,104.88,9.8,0.466,-26.33,71.92,-5.4,-1.33,71.13,82.93,71.5,99.48,116.01,-16.53,0.0,80.29,76.03,72.2,110.97,105.29,5.68,0.413,-22.21,71.85,-5.81,-5.04,71.13,82.93,71.5,99.48,116.01,-16.53,0.0,78.96,76.42,72.13,109.24,105.95,3.3,0.372,-19.82,71.81,-6.47,-6.76,71.13,82.93,71.5,99.48,116.01,-16.53,0.0,79.4,76.33,72.21,109.73,105.72,4.02,0.411,-20.55,71.85,-6.24,-6.27,71.13,82.93,71.5,99.48,116.01,-16.53,0.0,80.1,76.73,72.33,110.5,106.06,4.44,0.437,-20.97,71.92,-6.58,-5.51,71.13,82.93,71.5,99.48,116.01,-16.53,0.0,80.2,76.17,72.25,110.78,105.39,5.39,0.456,-21.92,71.87,-5.91,-5.23,71.13,82.93,71.5,99.48,116.01,-16.53,0.0,80.46,76.89,72.22,111.19,106.44,4.75,0.441,-21.28,71.86,-6.97,-4.81,0,1,1,1,0,0,1
EuroLeague,2021-2022,Round 34,2022-04-08,Real Madrid,FC Bayern München,88,97,71.5,123.1,135.7,135.7,123.1,14,2,12,0,97,88,1,Real Madrid,1.25,80.0,76.0,71.5,111.9,106.3,5.6,1.0,76.0,81.0,71.5,106.3,113.3,-7.0,0.0,12.6,71.5,-1.4,0.0,80.01,76.0,71.5,111.91,106.3,5.61,1.0,76.0,81.0,71.5,106.3,113.3,-7.0,0.0,12.61,71.5,-1.39,0.0,80.06,76.02,71.5,111.99,106.32,5.67,1.0,81.58,81.0,72.36,112.51,112.0,0.51,0.232,5.16,71.93,-0.01,6.18,80.06,76.02,71.5,111.99,106.32,5.67,1.0,81.66,76.36,72.19,112.93,105.75,7.18,0.381,-1.51,71.85,6.24,6.61,80.06,76.02,71.5,111.99,106.32,5.67,1.0,81.03,77.4,72.1,112.22,107.35,4.87,0.329,0.8,71.8,4.64,5.9,80.06,76.02,71.5,111.99,106.32,5.67,1.0,79.13,77.36,72.01,109.71,107.44,2.27,0.302,3.4,71.75,4.55,3.39,80.06,76.02,71.5,111.99,106.32,5.67,1.0,78.22,77.56,71.97,108.51,107.78,0.73,0.279,4.93,71.74,4.21,2.19,80.06,76.02,71.5,111.99,106.32,5.67,1.0,78.59,77.44,72.04,108.92,107.51,1.4,0.313,4.26,71.77,4.47,2.6,80.06,76.02,71.5,111.99,106.32,5.67,1.0,79.16,77.7,72.14,109.54,107.72,1.82,0.337,3.84,71.82,4.27,3.22,80.06,76.02,71.5,111.99,106.32,5.67,1.0,79.26,77.25,72.08,109.78,107.15,2.63,0.354,3.04,71.79,4.84,3.46,0,1,1,1,0,0,0
BBL,2021-2022,Round 24,2022-04-10,Würzburg Baskets,FC Bayern München,90,70,72.5,124.1,96.6,96.6,124.1,14,2,12,0,70,90,0,Würzburg Baskets,1.0,70.0,90.0,71.0,98.6,126.8,-28.2,0.0,97.0,88.0,71.5,135.7,123.1,12.6,1.0,-40.8,71.25,-24.5,8.9,70.32,89.9,71.03,99.0,126.62,-27.61,0.0,87.51,84.84,71.5,122.41,118.67,3.74,0.548,-31.35,71.26,-19.67,-4.21,70.32,89.86,71.03,99.01,126.56,-27.55,0.0,84.38,83.79,71.5,118.04,117.21,0.82,0.399,-28.37,71.26,-18.2,-8.53,70.32,89.86,71.03,99.01,126.56,-27.55,0.0,86.79,83.36,72.07,120.34,115.75,4.59,0.492,-32.14,71.55,-16.73,-6.22,70.32,89.86,71.03,99.01,126.56,-27.55,0.0,86.13,79.75,71.99,119.57,110.81,8.76,0.561,-36.3,71.51,-11.8,-6.99,70.32,89.86,71.03,99.01,126.56,-27.55,0.0,85.22,80.18,71.94,118.38,111.48,6.9,0.505,-34.44,71.48,-12.47,-8.18,70.32,89.86,71.03,99.01,126.56,-27.55,0.0,83.53,79.98,71.88,116.1,111.3,4.81,0.474,-32.35,71.46,-12.28,-10.46,70.32,89.86,71.03,99.01,126.56,-27.55,0.0,82.58,79.98,71.86,114.81,111.33,3.48,0.446,-31.03,71.44,-12.32,-11.75,70.32,89.86,71.03,99.01,126.56,-27.55,0.0,82.7,79.8,71.92,114.9,111.0,3.91,0.467,-31.45,71.47,-11.98,-11.66,70.32,89.86,71.03,99.01,126.56,-27.55,0.0,83.04,79.94,72.0,115.22,111.06,4.16,0.481,-31.71,71.51,-12.04,-11.34,0,1,1,0,1,0,1
BBL,2021-2022,Round 25,2022-04-17,FC Bayern München,ALBA Berlin,79,83,74.0,106.8,112.2,112.2,106.8,7,14,-7,1,79,83,0,ALBA Berlin,1.0,70.0,90.0,72.5,96.6,124.1,-27.5,0.0,56.0,62.0,71.5,78.3,86.7,-8.4,0.0,-19.1,72.0,9.9,-45.8,83.71,88.98,71.99,116.45,123.59,-7.14,0.508,60.28,66.53,71.93,83.68,92.38,-8.7,0.0,1.56,71.96,24.07,-39.91,81.43,86.63,71.85,113.45,120.55,-7.1,0.358,61.32,68.38,71.88,85.22,95.06,-9.84,0.0,2.74,71.86,18.4,-35.34,80.37,85.53,71.78,112.05,119.13,-7.08,0.288,61.58,68.49,71.9,85.53,95.17,-9.64,0.01,2.56,71.84,16.88,-33.6,82.64,85.0,72.18,114.48,117.81,-3.33,0.37,61.64,68.6,71.91,85.61,95.31,-9.7,0.01,6.37,72.04,19.17,-32.2,82.58,82.01,72.1,114.51,113.74,0.77,0.438,61.67,68.65,71.9,85.66,95.39,-9.73,0.01,10.49,72.0,19.11,-28.08,82.13,82.17,72.06,113.96,114.04,-0.08,0.403,61.82,68.74,71.92,85.85,95.5,-9.65,0.016,9.57,71.99,18.46,-28.19,80.92,81.91,72.0,112.35,113.76,-1.41,0.382,61.9,68.76,71.92,85.94,95.51,-9.57,0.019,8.15,71.96,16.84,-27.82,80.27,81.82,71.98,111.47,113.67,-2.2,0.365,61.93,68.79,71.93,85.98,95.55,-9.56,0.019,7.36,71.95,15.92,-27.69,80.44,81.62,72.02,111.64,113.33,-1.69,0.384,61.95,68.81,71.93,86.01,95.58,-9.56,0.019,7.88,71.98,16.07,-27.31,0,0,0,0,1,0,0
EuroLeague,2021-2022,Round 35,2022-04-19,FC Barcelona,FC Bayern München,77,67,71.5,107.7,93.7,93.7,107.7,14,2,12,0,67,77,0,FC Barcelona,1.25,71.0,66.0,71.5,99.3,92.3,7.0,1.0,79.0,83.0,74.0,106.8,112.2,-5.4,0.0,12.4,72.75,-12.9,14.5,72.15,66.77,71.5,100.91,93.38,7.54,1.0,75.1,86.03,73.35,102.38,117.36,-14.98,0.0,22.52,72.42,-16.44,9.0,72.15,66.88,71.5,100.91,93.53,7.38,0.993,81.86,86.64,72.78,112.67,119.13,-6.46,0.309,13.84,72.14,-18.22,19.14,72.16,66.91,71.5,100.92,93.57,7.35,0.991,80.67,85.5,72.52,111.38,117.95,-6.57,0.246,13.92,72.01,-17.03,17.8,72.16,66.91,71.5,100.92,93.57,7.35,0.991,80.0,84.85,72.37,110.65,117.28,-6.63,0.211,13.98,71.94,-16.36,17.08,72.16,66.91,71.5,100.92,93.57,7.35,0.991,81.76,84.51,72.62,112.61,116.44,-3.83,0.28,11.18,72.06,-15.52,19.04,72.16,66.91,71.5,100.92,93.57,7.35,0.991,81.78,82.23,72.53,112.78,113.39,-0.61,0.34,7.96,72.01,-12.47,19.21,72.16,66.91,71.5,100.92,93.57,7.35,0.991,81.47,82.34,72.46,112.46,113.65,-1.19,0.318,8.54,71.98,-12.73,18.89,72.16,66.91,71.5,100.92,93.57,7.35,0.991,80.54,82.13,72.4,111.23,113.45,-2.22,0.306,9.57,71.95,-12.53,17.66,72.16,66.91,71.5,100.92,93.57,7.35,0.991,80.02,82.05,72.37,110.57,113.39,-2.82,0.294,10.17,71.93,-12.47,16.99,0,1,1,1,0,0,1
EuroLeague,2021-2022,Round 36,2022-04-21,FC Barcelona,FC Bayern München,75,90,71.5,104.9,125.9,125.9,104.9,2,2,0,0,90,75,1,FC Barcelona,1.25,77.0,67.0,71.5,107.7,93.7,14.0,1.0,67.0,77.0,71.5,93.7,107.7,-14.0,0.0,28.0,71.5,0.0,0.0,75.73,66.79,71.5,105.93,93.4,12.52,1.0,71.77,79.39,72.49,98.91,109.49,-10.58,0.0,23.1,72.0,-3.56,5.5,75.86,66.95,71.5,106.11,93.62,12.48,1.0,71.36,81.86,72.5,98.37,112.9,-14.53,0.0,27.01,72.0,-6.79,4.75,75.85,66.97,71.5,106.1,93.66,12.44,0.998,76.33,83.05,72.3,105.61,114.88,-9.27,0.194,21.7,71.9,-8.78,11.95,75.85,66.98,71.5,106.1,93.67,12.43,0.998,76.28,82.77,72.19,105.7,114.66,-8.96,0.167,21.38,71.85,-8.56,12.03,75.85,66.98,71.5,106.1,93.67,12.43,0.998,76.25,82.59,72.12,105.76,114.52,-8.76,0.15,21.18,71.81,-8.42,12.09,75.85,66.98,71.5,106.1,93.67,12.43,0.998,77.78,82.49,72.32,107.51,114.08,-6.58,0.205,19.0,71.91,-7.99,13.84,75.85,66.98,71.5,106.1,93.67,12.43,0.998,78.04,80.91,72.27,107.95,111.95,-4.0,0.254,16.43,71.88,-5.86,14.28,75.85,66.98,71.5,106.1,93.67,12.43,0.998,77.99,81.06,72.23,107.94,112.22,-4.28,0.242,16.71,71.87,-6.12,14.27,75.85,66.98,71.5,106.1,93.67,12.43,0.998,77.37,80.93,72.19,107.14,112.11,-4.97,0.234,17.4,71.85,-6.01,13.47,1,1,0,1,0,0,0
BBL,2021-2022,Round 26,2022-04-24,EWE Baskets Oldenburg,FC Bayern München,106,75,77.0,137.7,97.4,97.4,137.7,14,3,11,0,75,106,0,EWE Baskets Oldenburg,1.0,80.0,93.0,74.5,107.4,124.8,-17.4,0.0,90.0,75.0,71.5,125.9,104.9,21.0,1.0,-38.4,73.0,2.5,1.1,80.12,93.01,74.52,107.53,124.78,-17.26,0.006,79.6,75.9,71.5,111.35,106.17,5.18,0.548,-22.43,73.01,1.36,-13.44,80.12,93.01,74.52,107.53,124.78,-17.25,0.006,79.46,77.53,72.07,110.3,107.55,2.75,0.422,-20.0,73.3,-0.02,-14.48,80.12,93.01,74.52,107.53,124.78,-17.25,0.006,78.05,79.4,72.14,108.25,110.03,-1.77,0.359,-15.48,73.33,-2.5,-16.53,80.12,93.01,74.52,107.53,124.78,-17.25,0.006,80.58,80.55,72.05,111.92,111.77,0.15,0.445,-17.4,73.29,-4.24,-12.86,80.12,93.01,74.52,107.53,124.78,-17.25,0.006,80.13,80.59,72.0,111.36,111.92,-0.56,0.4,-16.69,73.26,-4.4,-13.42,80.12,93.01,74.52,107.53,124.78,-17.25,0.006,79.81,80.62,71.96,110.98,112.03,-1.05,0.37,-16.2,73.24,-4.5,-13.8,80.12,93.01,74.52,107.53,124.78,-17.25,0.006,80.79,80.64,72.12,112.04,111.82,0.22,0.401,-17.47,73.32,-4.29,-12.74,80.12,93.01,74.52,107.53,124.78,-17.25,0.006,80.85,79.52,72.09,112.17,110.3,1.87,0.429,-19.12,73.3,-2.77,-12.61,80.12,93.01,74.52,107.53,124.78,-17.25,0.006,80.7,79.69,72.07,112.0,110.56,1.44,0.413,-18.69,73.29,-3.04,-12.78,0,0,0,0,1,0,1
EuroLeague,2021-2022,Round 37,2022-04-27,FC Bayern München,FC Barcelona,66,75,71.5,92.3,104.9,104.9,92.3,3,6,-3,1,66,75,0,FC Barcelona,1.25,75.0,106.0,77.0,97.4,137.7,-40.3,0.0,75.0,90.0,71.5,104.9,125.9,-21.0,0.0,-19.3,74.25,-28.5,-32.8,82.56,90.38,74.23,111.76,121.17,-9.41,0.504,75.9,79.6,71.5,106.17,111.35,-5.18,0.452,-4.23,72.86,0.42,-15.01,77.99,86.45,73.43,106.46,117.22,-10.76,0.356,75.37,78.13,71.5,105.42,109.29,-3.86,0.511,-6.89,72.46,-2.83,-11.79,78.15,85.89,73.52,106.51,116.4,-9.89,0.298,75.45,78.04,71.5,105.53,109.15,-3.63,0.519,-6.26,72.51,-2.64,-10.88,77.25,86.34,73.41,105.42,117.25,-11.83,0.265,75.44,78.04,71.5,105.52,109.16,-3.64,0.518,-8.2,72.45,-3.74,-11.73,79.27,86.51,73.21,108.52,117.85,-9.34,0.34,75.44,78.04,71.5,105.52,109.16,-3.64,0.518,-5.69,72.36,-0.65,-12.33,79.02,86.08,73.08,108.34,117.5,-9.15,0.314,75.44,78.04,71.5,105.52,109.16,-3.64,0.518,-5.51,72.29,-0.82,-11.98,78.84,85.78,72.98,108.22,117.24,-9.02,0.295,75.44,78.04,71.5,105.52,109.16,-3.64,0.518,-5.38,72.24,-0.94,-11.72,79.66,85.59,73.07,109.18,116.87,-7.69,0.322,75.44,78.04,71.5,105.52,109.16,-3.64,0.518,-4.05,72.29,0.02,-11.35,79.75,84.49,73.01,109.39,115.44,-6.05,0.348,75.44,78.04,71.5,105.52,109.16,-3.64,0.518,-2.41,72.25,0.23,-9.92,0,0,0,1,0,0,0
EuroLeague,2021-2022,Round 38,2022-04-29,FC Bayern München,FC Barcelona,59,52,71.5,82.5,72.7,72.7,82.5,2,2,0,1,59,52,1,FC Barcelona,1.25,66.0,75.0,71.5,92.3,104.9,-12.6,0.0,75.0,66.0,71.5,104.9,92.3,12.6,1.0,-25.2,71.5,0.0,0.0,69.55,87.21,73.67,94.31,117.82,-23.51,0.0,75.0,76.49,71.5,104.9,106.99,-2.09,0.563,-21.42,72.58,-12.68,-12.92,75.39,83.72,73.05,103.34,114.13,-10.79,0.286,75.53,73.98,71.5,105.64,103.47,2.17,0.679,-12.97,72.27,-0.13,-8.49,73.79,82.44,72.75,101.5,112.9,-11.4,0.231,75.23,73.45,71.5,105.22,102.73,2.49,0.7,-13.9,72.13,-1.23,-7.68,74.37,82.5,72.89,102.09,112.82,-10.73,0.205,75.28,73.43,71.5,105.29,102.71,2.58,0.703,-13.31,72.2,-0.62,-7.54,74.03,83.09,72.86,101.66,113.71,-12.05,0.189,75.27,73.44,71.5,105.28,102.71,2.57,0.702,-14.62,72.18,-1.06,-8.43,75.76,83.46,72.76,104.22,114.42,-10.2,0.25,75.27,73.44,71.5,105.28,102.72,2.57,0.702,-12.77,72.13,1.5,-9.13,75.77,83.32,72.69,104.34,114.35,-10.01,0.236,75.27,73.44,71.5,105.28,102.72,2.57,0.702,-12.58,72.09,1.62,-9.07,75.78,83.21,72.63,104.43,114.3,-9.88,0.225,75.27,73.44,71.5,105.28,102.72,2.57,0.702,-12.44,72.07,1.71,-9.02,76.5,83.15,72.71,105.28,114.11,-8.82,0.248,75.27,73.44,71.5,105.28,102.72,2.57,0.702,-11.39,72.1,2.57,-8.82,1,1,0,1,0,0,1
BBL,2021-2022,Round 27,2022-05-01,FC Bayern München,HAKRO Merlins Crailsheim,93,64,72.0,129.2,88.9,88.9,129.2,2,14,-12,1,93,64,1,HAKRO Merlins Crailsheim,1.0,59.0,52.0,71.5,82.5,72.7,9.8,1.0,77.0,68.0,72.8,105.8,93.4,12.4,1.0,-2.6,72.15,-10.9,33.1,62.16,62.4,71.5,86.93,87.25,-0.33,0.548,79.9,71.87,73.19,109.15,98.14,11.01,1.0,-11.34,72.34,-11.21,21.9,65.08,72.3,72.75,89.31,98.71,-9.4,0.424,79.75,72.05,73.17,108.97,98.41,10.55,0.981,-19.96,72.96,-9.11,10.26,69.75,72.81,72.51,96.17,99.87,-3.7,0.532,79.74,72.22,73.17,108.96,98.64,10.31,0.967,-14.02,72.84,-2.47,9.08,69.38,73.37,72.38,95.84,100.92,-5.08,0.46,79.57,72.39,73.16,108.74,98.9,9.85,0.955,-14.93,72.77,-3.06,7.82,70.16,74.15,72.51,96.73,101.84,-5.11,0.423,79.59,72.49,73.17,108.75,99.02,9.73,0.951,-14.84,72.84,-2.29,6.91,70.15,75.08,72.51,96.72,103.14,-6.42,0.398,79.59,72.5,73.17,108.74,99.02,9.72,0.951,-16.14,72.84,-2.3,5.6,71.68,75.81,72.45,98.94,104.27,-5.34,0.433,79.59,72.5,73.17,108.74,99.03,9.72,0.951,-15.05,72.81,-0.09,4.47,71.87,76.04,72.41,99.27,104.68,-5.41,0.413,79.59,72.5,73.17,108.74,99.03,9.72,0.951,-15.13,72.79,0.24,4.06,72.02,76.22,72.38,99.52,104.99,-5.47,0.398,79.59,72.5,73.17,108.74,99.03,9.72,0.951,-15.18,72.77,0.49,3.76,1,0,-1,0,1,0,1
EuroLeague,2021-2022,Round 39,2022-05-03,FC Barcelona,FC Bayern München,81,72,71.5,113.3,100.7,100.7,113.3,4,2,2,0,72,81,0,FC Barcelona,1.25,52.0,59.0,71.5,72.7,82.5,-9.8,0.0,93.0,64.0,72.0,129.2,88.9,40.3,1.0,-50.1,71.75,-16.2,46.7,62.4,62.16,71.5,87.25,86.93,0.33,0.452,75.74,57.91,71.75,105.49,80.68,24.82,1.0,-24.49,71.62,6.58,18.56,65.67,69.4,71.5,91.84,97.06,-5.22,0.335,72.86,62.95,71.67,101.6,87.83,13.77,0.705,-18.99,71.59,4.01,4.54,67.67,68.97,71.5,94.64,96.46,-1.82,0.452,73.21,69.88,72.53,100.92,95.85,5.07,0.591,-6.89,72.02,-1.21,4.46,67.82,68.84,71.5,94.85,96.28,-1.43,0.477,75.57,70.6,72.39,104.43,97.13,7.31,0.649,-8.73,71.94,-2.28,8.16,67.9,68.86,71.5,94.96,96.31,-1.34,0.48,74.68,71.27,72.29,103.32,98.22,5.09,0.581,-6.44,71.9,-3.26,7.01,67.9,68.87,71.5,94.97,96.31,-1.35,0.48,74.96,72.02,72.4,103.54,99.12,4.42,0.544,-5.77,71.95,-4.16,7.23,67.9,68.87,71.5,94.97,96.31,-1.35,0.48,74.72,72.86,72.41,103.22,100.29,2.93,0.519,-4.28,71.95,-5.32,6.9,67.9,68.87,71.5,94.97,96.31,-1.35,0.48,75.75,73.56,72.37,104.71,101.34,3.37,0.541,-4.72,71.93,-6.37,8.4,67.9,68.87,71.5,94.97,96.31,-1.35,0.48,75.76,73.83,72.33,104.77,101.78,2.99,0.521,-4.34,71.92,-6.81,8.45,0,1,1,1,0,0,1
BBL,2021-2022,Round 28,2022-05-08,Bamberg Baskets,FC Bayern München,86,95,74.8,115.0,127.0,127.0,115.0,14,5,9,0,95,86,1,Bamberg Baskets,1.0,62.0,83.0,70.4,88.1,117.9,-29.8,0.0,72.0,81.0,71.5,100.7,113.3,-12.6,0.0,-17.2,70.95,-25.2,-17.2,66.27,83.74,71.11,93.02,117.79,-24.77,0.0,80.35,74.24,71.7,112.03,103.6,8.43,0.398,-33.2,71.4,-10.58,-5.76,66.61,83.87,71.17,93.39,117.85,-24.46,0.0,74.14,67.78,71.64,103.44,94.62,8.83,0.573,-33.29,71.4,-1.22,-14.41,66.62,83.87,71.17,93.4,117.85,-24.45,0.0,72.57,69.17,71.61,101.29,96.61,4.68,0.462,-29.13,71.39,-3.2,-16.56,66.62,83.87,71.17,93.4,117.85,-24.45,0.0,72.84,73.29,72.22,100.85,101.2,-0.34,0.41,-24.11,71.69,-7.79,-17.0,66.62,83.87,71.17,93.4,117.85,-24.45,0.0,74.59,73.46,72.14,103.41,101.57,1.83,0.47,-26.28,71.66,-8.17,-14.45,66.62,83.87,71.17,93.4,117.85,-24.45,0.0,74.0,73.74,72.09,102.65,102.05,0.61,0.434,-25.06,71.63,-8.65,-15.2,66.62,83.87,71.17,93.4,117.85,-24.45,0.0,74.24,74.19,72.19,102.86,102.54,0.31,0.413,-24.76,71.68,-9.14,-15.0,66.62,83.87,71.17,93.4,117.85,-24.45,0.0,74.09,74.75,72.2,102.63,103.32,-0.69,0.398,-23.76,71.68,-9.91,-15.22,66.62,83.87,71.17,93.4,117.85,-24.45,0.0,74.91,75.23,72.17,103.81,104.02,-0.21,0.419,-24.24,71.67,-10.62,-14.04,0,0,0,0,1,0,0
BBL,2021-2022,Playoffs QF G1,2022-05-15,FC Bayern München,NINERS Chemnitz,77,53,69.0,111.6,76.8,76.8,111.6,7,14,-7,1,77,53,1,NINERS Chemnitz,1.0,95.0,86.0,74.8,127.0,115.0,12.0,1.0,77.0,58.0,71.0,108.5,81.7,26.8,1.0,-14.8,72.9,45.3,-6.5,83.58,83.52,73.16,113.94,114.16,-0.21,0.504,76.62,60.73,71.08,107.86,85.42,22.44,0.906,-22.65,72.12,28.52,-6.3,85.91,78.7,72.88,117.71,107.92,9.78,0.626,76.62,60.75,71.08,107.86,85.45,22.41,0.905,-12.62,71.98,32.26,-0.07,80.45,73.29,72.6,110.57,100.78,9.79,0.702,76.62,60.75,71.08,107.86,85.45,22.41,0.905,-12.62,71.84,25.12,7.08,78.38,73.53,72.44,107.95,101.37,6.58,0.601,76.62,60.75,71.08,107.86,85.45,22.41,0.905,-15.83,71.76,22.5,6.49,78.09,76.3,72.83,107.05,104.47,2.58,0.55,76.62,60.75,71.08,107.86,85.45,22.41,0.905,-19.82,71.95,21.6,3.39,79.04,76.2,72.72,108.55,104.5,4.05,0.586,76.62,60.75,71.08,107.86,85.45,22.41,0.905,-18.36,71.9,23.1,3.36,78.3,76.25,72.65,107.64,104.7,2.94,0.55,76.62,60.75,71.08,107.86,85.45,22.41,0.905,-19.47,71.86,22.19,3.16,78.32,76.51,72.7,107.6,104.99,2.61,0.528,76.62,60.75,71.08,107.86,85.45,22.41,0.905,-19.79,71.89,22.15,2.87,78.08,76.9,72.69,107.28,105.55,1.74,0.513,76.62,60.75,71.08,107.86,85.45,22.41,0.905,-20.67,71.88,21.83,2.31,0,0,0,0,1,0,1
BBL,2021-2022,Playoffs QF G2,2022-05-17,NINERS Chemnitz,FC Bayern München,77,85,72.4,106.4,117.4,117.4,106.4,2,2,0,0,85,77,1,NINERS Chemnitz,1.0,53.0,77.0,69.0,76.8,111.6,-34.8,0.0,77.0,53.0,69.0,111.6,76.8,34.8,1.0,-69.6,69.0,0.0,0.0,59.95,71.5,69.58,85.98,102.94,-16.96,0.29,84.8,67.31,71.51,118.28,93.36,24.92,1.0,-41.88,70.55,-7.38,15.33,60.33,71.95,69.64,86.44,103.48,-17.04,0.281,80.97,71.41,71.51,113.01,99.33,13.68,0.701,-30.72,70.58,-12.89,9.54,60.34,71.95,69.64,86.45,103.48,-17.03,0.281,82.95,70.18,71.59,115.68,97.61,18.07,0.75,-35.11,70.62,-11.16,12.21,60.34,71.95,69.64,86.45,103.48,-17.03,0.281,79.47,67.54,71.58,110.86,93.99,16.87,0.786,-33.9,70.61,-7.54,7.38,60.34,71.95,69.64,86.45,103.48,-17.03,0.281,78.03,68.34,71.57,108.87,95.16,13.72,0.702,-30.75,70.61,-8.71,5.39,60.34,71.95,69.64,86.45,103.48,-17.03,0.281,77.83,70.79,71.92,108.13,97.93,10.2,0.656,-27.23,70.78,-11.48,4.65,60.34,71.95,69.64,86.45,103.48,-17.03,0.281,78.59,71.05,71.9,109.23,98.36,10.87,0.678,-27.9,70.77,-11.91,5.75,60.34,71.95,69.64,86.45,103.48,-17.03,0.281,78.02,71.34,71.88,108.47,98.81,9.66,0.645,-26.69,70.76,-12.37,4.99,60.34,71.95,69.64,86.45,103.48,-17.03,0.281,78.05,71.7,71.94,108.42,99.23,9.19,0.625,-26.22,70.79,-12.78,4.94,1,1,0,0,1,0,0
BBL,2021-2022,Playoffs QF G3,2022-05-20,FC Bayern München,NINERS Chemnitz,87,80,73.0,119.2,109.6,109.6,119.2,3,3,0,1,87,80,1,NINERS Chemnitz,1.0,85.0,77.0,72.4,117.4,106.4,11.0,1.0,77.0,85.0,72.4,106.4,117.4,-11.0,0.0,22.0,72.4,0.0,0.0,81.38,66.15,70.86,114.78,93.02,21.76,1.0,66.15,81.38,70.86,93.02,114.78,-21.76,0.0,43.52,70.86,0.0,0.0,84.88,71.25,71.87,117.92,98.67,19.25,1.0,67.84,77.75,70.88,95.43,109.63,-14.2,0.156,33.45,71.38,8.29,-3.24,82.28,73.22,71.8,114.44,101.63,12.81,0.798,67.92,77.89,70.9,95.53,109.82,-14.29,0.153,27.1,71.35,4.62,-6.1,83.54,72.14,71.82,116.18,100.13,16.05,0.822,67.92,77.89,70.9,95.53,109.82,-14.29,0.153,30.33,71.36,6.36,-4.6,80.89,69.96,71.79,112.53,97.16,15.37,0.841,67.92,77.89,70.9,95.53,109.82,-14.29,0.153,29.66,71.34,2.72,-1.63,79.67,70.37,71.76,110.87,97.79,13.08,0.772,67.92,77.89,70.9,95.53,109.82,-14.29,0.153,27.36,71.33,1.06,-2.26,79.43,72.17,72.03,110.19,99.81,10.38,0.733,67.92,77.89,70.9,95.53,109.82,-14.29,0.153,24.66,71.46,0.38,-4.28,79.95,72.31,72.0,110.96,100.06,10.9,0.746,67.92,77.89,70.9,95.53,109.82,-14.29,0.153,25.18,71.45,1.14,-4.53,79.44,72.49,71.98,110.29,100.36,9.93,0.717,67.92,77.89,70.9,95.53,109.82,-14.29,0.153,24.22,71.44,0.47,-4.83,0,0,0,0,1,0,1
BBL,2021-2022,Playoffs SF G1,2022-05-27,Telekom Baskets Bonn,FC Bayern München,68,80,71.5,95.1,111.9,111.9,95.1,14,7,7,0,80,68,1,Telekom Baskets Bonn,1.0,81.0,100.0,75.2,107.7,133.0,-25.3,0.0,87.0,80.0,73.0,119.2,109.6,9.6,1.0,-34.9,74.1,-1.9,-13.8,82.55,95.96,75.28,109.63,127.54,-17.91,0.104,86.1,78.66,72.73,118.39,108.17,10.23,1.0,-28.14,74.01,1.46,-9.15,82.52,95.91,75.27,109.59,127.49,-17.9,0.103,83.65,71.73,71.72,116.56,99.7,16.86,1.0,-34.76,73.5,9.9,-10.93,82.51,95.91,75.27,109.59,127.49,-17.9,0.103,85.59,74.17,72.25,118.35,102.32,16.03,1.0,-33.93,73.76,7.27,-9.14,82.51,95.91,75.27,109.59,127.49,-17.9,0.103,83.63,75.16,72.14,115.8,103.9,11.89,0.856,-29.79,73.71,5.69,-11.69,82.51,95.91,75.27,109.59,127.49,-17.9,0.103,84.44,74.19,72.13,116.96,102.6,14.37,0.868,-32.26,73.7,6.99,-10.52,82.51,95.91,75.27,109.59,127.49,-17.9,0.103,82.35,72.36,72.08,114.13,100.14,13.99,0.879,-31.89,73.67,9.45,-13.36,82.51,95.91,75.27,109.59,127.49,-17.9,0.103,81.31,72.53,72.04,112.74,100.44,12.3,0.823,-30.2,73.66,9.15,-14.75,82.51,95.91,75.27,109.59,127.49,-17.9,0.103,81.06,73.86,72.24,112.13,101.92,10.21,0.79,-28.11,73.75,7.67,-15.36,82.51,95.91,75.27,109.59,127.49,-17.9,0.103,81.4,73.9,72.21,112.66,102.03,10.63,0.799,-28.53,73.74,7.55,-14.82,0,0,0,0,1,0,0
BBL,2021-2022,Playoffs SF G2,2022-05-29,FC Bayern München,Telekom Baskets Bonn,82,81,72.0,113.9,112.5,112.5,113.9,2,2,0,1,82,81,1,Telekom Baskets Bonn,1.0,80.0,68.0,71.5,111.9,95.1,16.8,1.0,68.0,80.0,71.5,95.1,111.9,-16.8,0.0,33.6,71.5,0.0,0.0,83.03,73.2,72.15,115.06,101.39,13.68,1.0,71.57,85.49,72.52,98.56,117.69,-19.13,0.0,32.81,72.33,-2.62,-2.83,83.55,74.19,72.22,115.67,102.69,12.98,1.0,72.32,84.73,72.62,99.41,116.54,-17.13,0.031,30.11,72.42,-0.87,-3.28,82.39,70.44,71.65,114.95,98.11,16.84,1.0,72.32,84.73,72.62,99.41,116.53,-17.13,0.031,33.97,72.13,-1.58,1.3,83.89,72.3,72.02,116.39,100.13,16.26,1.0,72.32,84.73,72.62,99.41,116.53,-17.13,0.031,33.39,72.32,-0.15,-0.72,82.64,73.21,71.97,114.74,101.51,13.23,0.895,72.32,84.73,72.62,99.41,116.53,-17.13,0.031,30.35,72.29,-1.8,-2.1,83.31,72.62,71.97,115.68,100.69,14.98,0.902,72.32,84.73,72.62,99.41,116.53,-17.13,0.031,32.11,72.3,-0.86,-1.28,81.79,71.32,71.94,113.6,98.94,14.66,0.908,72.32,84.73,72.62,99.41,116.53,-17.13,0.031,31.79,72.28,-2.94,0.47,81.01,71.5,71.92,112.55,99.23,13.32,0.863,72.32,84.73,72.62,99.41,116.53,-17.13,0.031,30.45,72.27,-3.99,0.18,80.83,72.57,72.08,112.08,100.42,11.66,0.836,72.32,84.73,72.62,99.41,116.53,-17.13,0.031,28.78,72.35,-4.46,-1.01,1,1,0,0,1,0,1
BBL,2021-2022,Playoffs SF G3,2022-06-01,Telekom Baskets Bonn,FC Bayern München,86,84,73.8,116.5,113.8,113.8,116.5,3,3,0,0,84,86,0,Telekom Baskets Bonn,1.0,81.0,82.0,72.0,112.5,113.9,-1.4,0.0,82.0,81.0,72.0,113.9,112.5,1.4,1.0,-2.8,72.0,0.0,0.0,75.12,81.1,71.77,104.63,113.0,-8.36,0.0,81.1,75.12,71.77,113.0,104.63,8.36,1.0,-16.72,71.77,0.0,0.0,75.98,83.86,72.27,105.08,115.92,-10.83,0.0,82.61,76.38,72.09,114.59,105.91,8.68,1.0,-19.51,72.18,-0.83,-1.33,76.31,83.48,72.34,105.43,115.32,-9.89,0.017,83.03,76.48,72.14,115.08,106.0,9.08,1.0,-18.97,72.24,-0.56,-0.25,76.31,83.47,72.34,105.43,115.32,-9.89,0.017,82.27,73.56,71.75,114.64,102.35,12.29,1.0,-22.18,72.04,3.08,-0.68,76.31,83.47,72.34,105.43,115.32,-9.89,0.017,83.38,74.64,72.02,115.72,103.46,12.26,1.0,-22.16,72.18,1.97,0.4,76.31,83.47,72.34,105.43,115.32,-9.89,0.017,82.48,75.14,71.98,114.53,104.23,10.3,0.921,-20.19,72.16,1.2,-0.79,76.31,83.47,72.34,105.43,115.32,-9.89,0.017,83.0,74.59,71.98,115.26,103.47,11.79,0.925,-21.68,72.16,1.96,-0.06,76.31,83.47,72.34,105.43,115.32,-9.89,0.017,81.84,73.49,71.95,113.66,101.98,11.69,0.928,-21.58,72.14,3.45,-1.66,76.31,83.47,72.34,105.43,115.32,-9.89,0.017,81.23,73.55,71.94,112.84,102.09,10.75,0.893,-20.64,72.14,3.34,-2.48,0,0,0,0,1,0,1
BBL,2021-2022,Playoffs SF G4,2022-06-04,FC Bayern München,Telekom Baskets Bonn,84,83,72.5,115.9,114.5,114.5,115.9,3,3,0,1,84,83,1,Telekom Baskets Bonn,1.0,84.0,86.0,73.8,113.8,116.5,-2.7,0.0,86.0,84.0,73.8,116.5,113.8,2.7,1.0,-5.4,73.8,0.0,0.0,83.1,83.76,72.99,113.84,114.71,-0.86,0.448,83.76,83.1,72.99,114.71,113.84,0.86,0.552,-1.72,72.99,0.0,0.0,82.27,79.5,72.59,113.32,109.41,3.91,0.597,79.5,82.27,72.59,109.41,113.32,-3.91,0.403,7.81,72.59,0.0,0.0,83.08,79.59,72.66,114.33,109.45,4.88,0.666,79.64,83.91,72.83,109.25,115.14,-5.89,0.365,10.77,72.75,-0.82,-0.19,83.31,79.27,72.63,114.7,109.07,5.63,0.707,79.82,83.67,72.87,109.44,114.77,-5.34,0.372,10.97,72.75,-0.07,0.36,82.73,76.87,72.3,114.42,106.12,8.3,0.734,79.81,83.66,72.86,109.43,114.77,-5.34,0.372,13.64,72.58,-0.35,3.31,83.54,77.47,72.46,115.24,106.7,8.54,0.751,79.81,83.66,72.86,109.43,114.77,-5.34,0.372,13.88,72.66,0.47,2.73,82.84,77.68,72.4,114.36,107.1,7.26,0.706,79.81,83.66,72.86,109.43,114.77,-5.34,0.372,12.6,72.63,-0.41,2.33,83.23,77.15,72.39,114.93,106.4,8.53,0.717,79.81,83.66,72.86,109.43,114.77,-5.34,0.372,13.87,72.63,0.16,3.03,82.3,76.19,72.35,113.69,105.12,8.58,0.728,79.81,83.66,72.86,109.43,114.77,-5.34,0.372,13.92,72.61,-1.08,4.32,0,0,0,0,1,0,1
BBL,2021-2022,Playoffs Finals G1,2022-06-10,ALBA Berlin,FC Bayern München,86,73,74.0,116.2,98.6,98.6,116.2,14,6,8,0,73,86,0,ALBA Berlin,1.0,83.0,79.0,74.0,112.2,106.8,5.4,1.0,84.0,83.0,72.5,115.9,114.5,1.4,1.0,4.0,73.25,-2.3,9.1,76.38,74.83,73.39,103.89,101.87,2.02,0.755,84.0,84.34,73.08,114.96,115.4,-0.44,0.552,2.45,73.23,-11.51,13.09,76.12,75.22,73.37,103.57,102.44,1.13,0.697,83.47,83.45,72.79,114.68,114.62,0.05,0.671,1.08,73.08,-11.05,12.24,75.84,75.49,73.3,103.29,102.92,0.37,0.67,82.84,80.66,72.56,114.17,111.1,3.08,0.731,-2.71,72.93,-7.81,11.25,75.88,75.5,73.3,103.33,102.93,0.4,0.671,83.35,80.58,72.61,114.78,110.92,3.87,0.763,-3.47,72.96,-7.58,11.85,75.86,75.52,73.3,103.31,102.96,0.35,0.669,83.49,80.26,72.59,115.02,110.51,4.51,0.785,-4.16,72.95,-7.2,12.06,75.83,75.52,73.3,103.28,102.97,0.32,0.667,83.05,78.38,72.35,114.78,108.19,6.6,0.799,-6.28,72.82,-4.9,11.82,75.86,75.54,73.3,103.32,102.99,0.32,0.668,83.65,78.76,72.47,115.4,108.53,6.87,0.81,-6.54,72.88,-5.21,12.41,75.87,75.54,73.3,103.33,102.98,0.34,0.668,83.1,78.87,72.42,114.7,108.75,5.95,0.771,-5.61,72.86,-5.43,11.72,75.87,75.54,73.3,103.33,102.99,0.34,0.668,83.4,78.42,72.41,115.14,108.16,6.99,0.778,-6.65,72.86,-4.83,12.15,0,0,0,0,1,0,1
BBL,2021-2022,Playoffs Finals G2,2022-06-14,FC Bayern München,ALBA Berlin,58,71,68.0,85.3,104.4,104.4,85.3,4,4,0,1,58,71,0,ALBA Berlin,1.0,73.0,86.0,74.0,98.6,116.2,-17.6,0.0,86.0,73.0,74.0,116.2,98.6,17.6,1.0,-35.2,74.0,0.0,0.0,77.81,84.69,73.34,106.16,115.46,-9.29,0.437,85.18,74.65,74.0,115.1,100.85,14.25,1.0,-23.55,73.67,5.31,-0.35,79.43,85.03,73.46,108.17,115.73,-7.56,0.323,82.79,73.61,73.8,112.09,99.69,12.4,0.918,-19.96,73.63,8.47,-3.64,79.88,84.32,73.21,109.17,115.16,-5.99,0.442,82.53,73.78,73.78,111.76,99.95,11.81,0.894,-17.8,73.49,9.22,-3.4,79.9,82.26,72.99,109.52,112.62,-3.11,0.512,82.33,73.9,73.75,111.54,100.16,11.38,0.881,-14.49,73.37,9.36,-1.08,80.52,82.06,72.99,110.37,112.36,-1.99,0.555,82.34,73.91,73.75,111.55,100.17,11.38,0.881,-13.36,73.37,10.2,-0.81,80.82,81.72,72.95,110.84,111.96,-1.12,0.585,82.32,73.91,73.75,111.53,100.18,11.35,0.88,-12.47,73.35,10.66,-0.43,80.62,80.22,72.75,110.88,110.12,0.76,0.607,82.31,73.91,73.74,111.51,100.18,11.33,0.879,-10.57,73.24,10.7,1.39,81.18,80.44,72.82,111.5,110.31,1.2,0.622,82.32,73.92,73.74,111.52,100.2,11.32,0.879,-10.13,73.28,11.31,1.21,80.84,80.46,72.78,111.11,110.42,0.69,0.599,82.32,73.92,73.75,111.52,100.19,11.33,0.879,-10.64,73.26,10.91,1.1,0,0,0,0,1,0,0
BBL,2021-2022,Playoffs Finals G3,2022-06-17,ALBA Berlin,FC Bayern München,60,90,72.6,82.6,124.0,124.0,82.6,3,3,0,0,90,60,1,ALBA Berlin,1.0,71.0,58.0,68.0,104.4,85.3,19.1,1.0,58.0,71.0,68.0,85.3,104.4,-19.1,0.0,38.2,68.0,0.0,0.0,77.67,64.67,70.67,109.65,91.21,18.43,1.0,64.67,77.67,70.67,91.21,109.65,-18.43,0.0,36.87,70.67,0.0,0.0,78.44,66.73,71.15,110.01,93.46,16.56,1.0,69.63,79.04,71.14,97.55,110.89,-13.34,0.257,29.9,71.14,-0.88,4.09,77.43,66.52,71.16,108.6,93.15,15.44,0.955,72.11,80.24,71.6,100.36,111.86,-11.5,0.212,26.95,71.38,-3.26,7.2,77.37,66.72,71.19,108.47,93.39,15.07,0.941,73.33,80.33,71.65,102.02,111.94,-9.92,0.309,24.99,71.42,-3.47,8.63,77.3,66.84,71.2,108.37,93.56,14.81,0.934,73.94,79.2,71.63,102.93,110.39,-7.46,0.373,22.26,71.41,-2.02,9.37,77.31,66.85,71.2,108.38,93.57,14.8,0.934,74.8,79.25,71.72,104.0,110.34,-6.33,0.414,21.14,71.46,-1.96,10.43,77.3,66.86,71.2,108.37,93.58,14.79,0.933,75.32,79.14,71.76,104.68,110.14,-5.45,0.444,20.24,71.48,-1.77,11.1,77.3,66.86,71.2,108.36,93.59,14.77,0.933,75.39,78.08,71.65,104.96,108.8,-3.83,0.466,18.61,71.42,-0.43,11.37,77.3,66.87,71.2,108.37,93.6,14.77,0.933,75.97,78.32,71.74,105.62,108.98,-3.36,0.482,18.13,71.47,-0.62,12.02,0,0,0,0,1,0,0
BBL,2021-2022,Playoffs Finals G4,2022-06-19,FC Bayern München,ALBA Berlin,65,79,71.2,91.3,111.0,111.0,91.3,2,2,0,1,65,79,0,ALBA Berlin,1.0,90.0,60.0,72.6,124.0,82.6,41.4,1.0,60.0,90.0,72.6,82.6,124.0,-41.4,0.0,82.8,72.6,0.0,0.0,75.65,64.93,70.54,106.65,92.37,14.28,0.552,64.93,75.65,70.54,92.37,106.65,-14.28,0.448,28.56,70.54,0.0,0.0,74.95,70.5,71.45,104.52,98.67,5.86,0.406,70.5,74.95,71.45,98.67,104.52,-5.86,0.594,11.72,71.45,0.0,0.0,76.49,72.62,71.63,106.46,101.36,5.1,0.507,71.63,75.32,71.68,99.89,104.73,-4.84,0.631,9.94,71.66,1.73,-1.47,77.41,74.25,71.89,107.35,103.2,4.15,0.445,71.18,74.94,71.68,99.28,104.21,-4.94,0.613,9.09,71.79,3.14,-3.93,77.82,74.86,71.9,107.94,104.04,3.9,0.495,71.2,74.99,71.69,99.28,104.26,-4.98,0.607,8.89,71.8,3.68,-4.76,77.97,74.38,71.88,108.21,103.42,4.79,0.53,71.19,75.02,71.69,99.27,104.32,-5.05,0.604,9.85,71.78,3.9,-4.15,78.42,74.66,71.93,108.77,103.73,5.04,0.554,71.2,75.03,71.69,99.27,104.32,-5.04,0.604,10.08,71.81,4.45,-4.46,78.68,74.76,71.95,109.1,103.83,5.27,0.571,71.19,75.03,71.69,99.27,104.32,-5.05,0.604,10.32,71.82,4.78,-4.56,78.63,74.08,71.86,109.18,102.99,6.19,0.585,71.19,75.03,71.69,99.27,104.32,-5.05,0.604,11.25,71.78,4.86,-3.72,1,1,0,0,1,0,0
BBL,2022-2023,Round 1,2022-10-01,FC Bayern München,ratiopharm ulm,87,80,74.5,116.8,107.4,107.4,116.8,14,14,0,1,87,80,1,ratiopharm ulm,1.0,65.0,79.0,71.2,91.3,111.0,-19.7,0.0,74.0,77.0,71.5,103.5,107.7,-4.2,0.0,-15.5,71.35,-16.4,-7.5,76.3,70.41,71.83,106.08,98.16,7.92,0.452,75.24,77.62,71.86,104.66,108.01,-3.35,0.104,11.27,71.85,-1.93,6.5,71.38,70.57,70.8,100.5,99.84,0.66,0.331,75.45,77.83,71.91,104.86,108.2,-3.34,0.103,4.0,71.36,-7.7,5.02,71.67,73.3,71.37,100.16,102.73,-2.57,0.272,75.45,77.83,71.92,104.86,108.21,-3.35,0.103,0.78,71.64,-8.04,2.12,73.16,74.47,71.51,102.06,104.16,-2.09,0.36,75.45,77.83,71.92,104.86,108.21,-3.35,0.103,1.26,71.71,-6.14,0.7,74.13,75.5,71.71,103.11,105.26,-2.15,0.328,75.45,77.83,71.92,104.86,108.21,-3.35,0.103,1.2,71.81,-5.09,-0.4,74.66,75.88,71.73,103.84,105.75,-1.91,0.373,75.45,77.83,71.92,104.86,108.21,-3.35,0.103,1.44,71.82,-4.36,-0.89,74.95,75.46,71.72,104.27,105.19,-0.92,0.407,75.45,77.83,71.92,104.86,108.21,-3.35,0.103,2.43,71.82,-3.93,-0.33,75.41,75.64,71.77,104.85,105.36,-0.51,0.43,75.45,77.83,71.92,104.86,108.21,-3.35,0.103,2.84,71.84,-3.35,-0.5,75.71,75.68,71.79,105.24,105.39,-0.15,0.447,75.45,77.83,71.92,104.86,108.21,-3.35,0.103,3.19,71.85,-2.97,-0.53,0,0,0,0,1,0,1
EuroLeague,2022-2023,Round 1,2022-10-06,FC Bayern München,Fenerbahce Beko Istanbul,62,74,71.5,86.7,103.5,103.5,86.7,5,14,-9,1,62,74,0,Fenerbahce Beko Istanbul,1.25,87.0,80.0,74.5,116.8,107.4,9.4,1.0,81.0,76.0,71.5,113.3,106.3,7.0,1.0,2.4,73.0,10.5,5.9,83.67,79.85,74.0,112.94,107.95,4.99,0.848,79.28,75.52,71.5,110.89,105.63,5.26,0.904,-0.27,72.75,7.3,2.95,84.37,77.64,73.84,114.17,105.13,9.04,0.865,79.27,75.5,71.5,110.88,105.6,5.28,0.905,3.76,72.67,8.56,5.75,82.19,77.09,73.36,111.77,105.07,6.71,0.794,79.27,75.5,71.5,110.88,105.6,5.28,0.905,1.43,72.43,6.17,5.81,81.61,77.65,73.4,110.96,105.76,5.19,0.744,79.27,75.5,71.5,110.88,105.6,5.28,0.905,-0.08,72.45,5.35,5.12,81.72,77.89,73.36,111.18,106.16,5.02,0.756,79.27,75.5,71.5,110.88,105.6,5.28,0.905,-0.26,72.43,5.58,4.72,81.81,78.19,73.37,111.28,106.54,4.74,0.729,79.27,75.5,71.5,110.88,105.6,5.28,0.905,-0.54,72.44,5.67,4.35,81.81,78.27,73.34,111.35,106.71,4.65,0.737,79.27,75.5,71.5,110.88,105.6,5.28,0.905,-0.63,72.42,5.75,4.18,81.77,78.03,73.29,111.36,106.44,4.92,0.743,79.27,75.5,71.5,110.88,105.6,5.28,0.905,-0.35,72.4,5.76,4.44,81.86,78.06,73.29,111.5,106.49,5.01,0.747,79.27,75.5,71.5,110.88,105.6,5.28,0.905,-0.27,72.39,5.9,4.39,0,0,0,1,0,0,0
BBL,2022-2023,Round 2,2022-10-09,SKYLINERS Frankfurt,FC Bayern München,74,83,71.0,104.2,116.9,116.9,104.2,14,3,11,0,83,74,1,SKYLINERS Frankfurt,1.0,53.0,72.0,67.5,78.5,106.7,-28.2,0.0,62.0,74.0,71.5,86.7,103.5,-16.8,0.0,-11.4,69.5,-25.0,-20.0,52.99,72.02,67.51,78.48,106.73,-28.25,0.0,71.67,76.32,72.66,98.34,105.01,-6.67,0.387,-21.58,70.08,-26.53,-8.38,53.0,72.04,67.51,78.49,106.74,-28.26,0.0,71.24,76.49,72.57,97.89,105.4,-7.51,0.362,-20.75,70.04,-26.91,-8.85,53.0,72.04,67.51,78.49,106.74,-28.26,0.0,72.19,75.66,72.57,99.21,104.24,-5.03,0.394,-23.22,70.04,-25.76,-7.53,53.0,72.04,67.51,78.49,106.74,-28.26,0.0,71.63,75.48,72.39,98.66,104.25,-5.59,0.379,-22.67,69.95,-25.76,-8.08,53.0,72.04,67.51,78.49,106.74,-28.26,0.0,71.67,75.8,72.44,98.66,104.61,-5.96,0.367,-22.3,69.97,-26.13,-8.08,53.0,72.04,67.51,78.49,106.74,-28.26,0.0,71.96,75.97,72.44,99.06,104.84,-5.79,0.382,-22.47,69.97,-26.36,-7.68,53.0,72.04,67.51,78.49,106.74,-28.26,0.0,72.18,76.15,72.46,99.33,105.06,-5.73,0.375,-22.53,69.99,-26.57,-7.41,53.0,72.04,67.51,78.49,106.74,-28.26,0.0,72.33,76.22,72.46,99.55,105.17,-5.62,0.384,-22.63,69.98,-26.69,-7.19,53.0,72.04,67.51,78.49,106.74,-28.26,0.0,72.42,76.12,72.45,99.7,105.05,-5.35,0.391,-22.9,69.98,-26.56,-7.04,0,0,0,0,1,0,0
EuroLeague,2022-2023,Round 2,2022-10-13,Virtus Segafredo Bologna,FC Bayern München,66,63,71.5,92.3,88.1,88.1,92.3,7,4,3,0,63,66,0,Virtus Segafredo Bologna,1.25,78.0,78.0,72.0,108.0,108.0,0.0,0.5,83.0,74.0,71.0,116.9,104.2,12.7,1.0,-12.7,71.5,3.8,8.9,78.0,78.0,72.0,108.0,108.0,0.0,0.5,72.42,74.0,71.25,101.68,103.85,-2.17,0.496,2.17,71.63,4.15,-6.32,78.0,78.0,72.0,108.0,108.0,0.0,0.5,75.94,75.45,72.04,105.33,104.7,0.62,0.618,-0.62,72.02,3.3,-2.67,78.0,78.0,72.0,108.0,108.0,0.0,0.5,75.48,75.59,72.0,104.75,104.96,-0.22,0.592,0.22,72.0,3.04,-3.25,78.0,78.0,72.0,108.0,108.0,0.0,0.5,75.96,75.08,72.02,105.38,104.23,1.16,0.606,-1.16,72.01,3.77,-2.62,78.0,78.0,72.0,108.0,108.0,0.0,0.5,75.49,74.97,71.92,104.86,104.23,0.63,0.59,-0.63,71.96,3.77,-3.14,78.0,78.0,72.0,108.0,108.0,0.0,0.5,75.44,75.2,71.96,104.73,104.48,0.26,0.578,-0.26,71.98,3.52,-3.27,78.0,78.0,72.0,108.0,108.0,0.0,0.5,75.58,75.32,71.97,104.91,104.63,0.27,0.584,-0.27,71.98,3.37,-3.09,78.0,78.0,72.0,108.0,108.0,0.0,0.5,75.68,75.46,71.99,105.02,104.78,0.24,0.577,-0.24,71.99,3.22,-2.98,78.0,78.0,72.0,108.0,108.0,0.0,0.5,75.75,75.51,71.99,105.11,104.86,0.25,0.581,-0.25,72.0,3.14,-2.89,0,0,0,1,0,0,1
BBL-Pokal,2022-2023,Round of 16,2022-10-16,FC Bayern München,Bamberg Baskets,85,68,72.0,118.1,94.4,94.4,118.1,3,14,-11,1,85,68,1,Bamberg Baskets,1.05,63.0,66.0,71.5,88.1,92.3,-4.2,0.0,86.0,95.0,74.8,115.0,127.0,-12.0,0.0,7.8,73.15,-38.9,22.7,70.81,69.12,71.3,99.34,96.95,2.4,0.39,83.27,93.63,74.3,111.94,125.96,-14.03,0.0,16.42,72.8,-26.62,14.99,68.31,70.51,71.36,95.75,98.81,-3.05,0.28,83.31,93.47,74.3,112.01,125.75,-13.74,0.0,10.69,72.83,-29.99,13.2,71.15,71.95,71.84,98.95,100.11,-1.16,0.389,83.33,93.47,74.3,112.02,125.74,-13.72,0.0,12.56,73.07,-26.79,11.91,70.98,72.14,71.82,98.75,100.4,-1.65,0.379,83.33,93.46,74.3,112.02,125.74,-13.72,0.0,12.07,73.06,-26.99,11.62,71.39,71.88,71.84,99.29,100.02,-0.73,0.392,83.33,93.46,74.3,112.02,125.74,-13.72,0.0,12.98,73.07,-26.45,12.0,71.16,71.86,71.77,99.05,100.09,-1.05,0.385,83.33,93.46,74.3,112.02,125.74,-13.72,0.0,12.67,73.04,-26.69,11.92,71.19,72.05,71.8,99.04,100.31,-1.27,0.38,83.33,93.46,74.3,112.02,125.74,-13.72,0.0,12.45,73.05,-26.69,11.71,71.32,72.17,71.81,99.22,100.46,-1.24,0.387,83.33,93.46,74.3,112.02,125.74,-13.72,0.0,12.48,73.05,-26.52,11.56,71.42,72.28,71.83,99.34,100.59,-1.25,0.383,83.33,93.46,74.3,112.02,125.74,-13.72,0.0,12.46,73.06,-26.4,11.43,0,0,0,0,0,1,1
EuroLeague,2022-2023,Round 3,2022-10-18,FC Bayern München,FC Barcelona,73,84,71.5,102.1,117.5,117.5,102.1,2,14,-12,1,73,84,0,FC Barcelona,1.25,85.0,68.0,72.0,118.1,94.4,23.7,1.0,81.0,72.0,71.5,113.3,100.7,12.6,1.0,11.1,71.75,17.4,18.9,74.18,67.02,71.75,103.35,93.37,9.98,0.508,68.11,66.22,71.5,95.25,92.61,2.64,0.555,7.34,71.63,10.74,1.88,76.29,68.69,71.57,106.59,95.96,10.63,0.626,69.96,66.16,71.5,97.84,92.53,5.31,0.675,5.32,71.54,14.07,1.88,73.5,69.73,71.56,102.7,97.44,5.27,0.504,70.83,70.27,71.5,99.06,98.28,0.77,0.558,4.49,71.53,4.42,1.62,74.98,70.86,71.88,104.25,98.53,5.72,0.558,71.6,69.87,71.5,100.13,97.71,2.42,0.613,3.3,71.69,6.54,1.6,74.79,71.01,71.87,104.0,98.77,5.23,0.547,71.58,69.74,71.5,100.11,97.54,2.57,0.626,2.66,71.68,6.46,1.34,75.03,70.84,71.88,104.31,98.52,5.8,0.554,71.62,69.75,71.5,100.16,97.55,2.61,0.628,3.19,71.69,6.76,1.64,74.81,70.84,71.83,104.08,98.59,5.48,0.547,71.62,69.75,71.5,100.16,97.56,2.61,0.627,2.88,71.67,6.52,1.57,74.79,70.99,71.85,104.02,98.77,5.25,0.542,71.62,69.76,71.5,100.16,97.56,2.6,0.627,2.65,71.68,6.46,1.4,74.87,71.09,71.86,104.11,98.89,5.22,0.546,71.62,69.76,71.5,100.16,97.56,2.6,0.627,2.62,71.68,6.55,1.28,1,0,-1,1,0,0,0
EuroLeague,2022-2023,Round 4,2022-10-20,FC Bayern München,EA7 Emporio Armani Milan,81,83,71.5,113.3,116.1,116.1,113.3,2,7,-5,1,81,83,0,EA7 Emporio Armani Milan,1.25,73.0,84.0,71.5,102.1,117.5,-15.4,0.0,78.0,78.0,72.0,108.0,108.0,0.0,0.5,-15.4,71.75,-5.9,-9.5,77.91,77.45,71.7,108.65,108.05,0.6,0.409,78.0,78.0,72.0,108.0,108.0,0.0,0.5,0.6,71.85,0.65,-0.05,73.68,74.2,71.65,102.82,103.58,-0.76,0.293,78.0,78.0,72.0,108.0,108.0,0.0,0.5,-0.76,71.82,-5.18,4.42,75.11,74.17,71.55,104.98,103.67,1.31,0.402,78.0,78.0,72.0,108.0,108.0,0.0,0.5,1.31,71.77,-3.02,4.33,73.34,74.15,71.54,102.52,103.65,-1.14,0.348,78.0,78.0,72.0,108.0,108.0,0.0,0.5,-1.14,71.77,-5.48,4.35,74.42,74.61,71.77,103.64,103.95,-0.31,0.399,78.0,78.0,72.0,108.0,108.0,0.0,0.5,-0.31,71.89,-4.36,4.05,74.29,74.67,71.77,103.47,104.04,-0.58,0.393,78.0,78.0,72.0,108.0,108.0,0.0,0.5,-0.58,71.88,-4.53,3.96,74.46,74.5,71.77,103.7,103.8,-0.1,0.4,78.0,78.0,72.0,108.0,108.0,0.0,0.5,-0.1,71.89,-4.3,4.2,74.31,74.47,71.74,103.53,103.81,-0.28,0.396,78.0,78.0,72.0,108.0,108.0,0.0,0.5,-0.28,71.87,-4.47,4.19,74.3,74.55,71.76,103.5,103.9,-0.4,0.394,78.0,78.0,72.0,108.0,108.0,0.0,0.5,-0.4,71.88,-4.5,4.1,1,0,-1,1,0,0,0
BBL,2022-2023,Round 3,2022-10-23,FC Bayern München,Hamburg Towers,81,67,70.8,114.4,94.6,94.6,114.4,3,14,-11,1,81,67,1,Hamburg Towers,1.0,81.0,83.0,71.5,113.3,116.1,-2.8,0.0,75.0,86.0,73.4,102.2,117.2,-15.0,0.0,12.2,72.45,-3.9,-13.9,77.38,83.45,71.5,108.24,116.73,-8.5,0.0,76.13,85.72,73.6,103.43,116.51,-13.09,0.094,4.59,72.55,-8.27,-13.31,79.2,79.77,71.62,110.59,111.41,-0.82,0.239,76.13,85.72,73.6,103.42,116.51,-13.09,0.094,12.28,72.61,-5.92,-7.99,76.16,77.19,71.6,106.37,107.82,-1.45,0.194,76.13,85.72,73.6,103.42,116.51,-13.09,0.094,11.64,72.6,-10.14,-4.41,76.9,76.84,71.53,107.5,107.44,0.07,0.28,76.13,85.72,73.6,103.42,116.51,-13.09,0.094,13.16,72.57,-9.01,-4.02,75.43,76.57,71.53,105.46,107.05,-1.59,0.253,76.13,85.72,73.6,103.42,116.51,-13.09,0.094,11.5,72.56,-11.05,-3.63,76.11,76.77,71.7,106.12,107.07,-0.95,0.296,76.13,85.72,73.6,103.42,116.51,-13.09,0.094,12.14,72.65,-10.39,-3.65,75.99,76.79,71.7,105.97,107.11,-1.14,0.293,76.13,85.72,73.6,103.42,116.51,-13.09,0.094,11.95,72.65,-10.54,-3.69,76.11,76.65,71.71,106.12,106.9,-0.78,0.299,76.13,85.72,73.6,103.42,116.51,-13.09,0.094,12.31,72.65,-10.39,-3.49,75.99,76.61,71.68,105.98,106.89,-0.91,0.297,76.13,85.72,73.6,103.42,116.51,-13.09,0.094,12.18,72.64,-10.53,-3.47,0,0,0,0,1,0,1
EuroLeague,2022-2023,Round 5,2022-10-28,Crvena Zvezda Meridianbet Belgrade,FC Bayern München,78,72,71.5,109.1,100.7,100.7,109.1,7,5,2,0,72,78,0,Crvena Zvezda Meridianbet Belgrade,1.25,78.0,78.0,72.0,108.0,108.0,0.0,0.5,81.0,67.0,70.8,114.4,94.6,19.8,1.0,-19.8,71.4,13.4,6.4,78.0,78.0,72.0,108.0,108.0,0.0,0.5,81.0,75.06,71.15,113.85,105.43,8.41,0.496,-8.41,71.58,2.57,5.85,78.0,78.0,72.0,108.0,108.0,0.0,0.5,78.65,77.69,71.25,110.4,108.98,1.42,0.35,-1.42,71.63,-0.98,2.4,78.0,78.0,72.0,108.0,108.0,0.0,0.5,79.72,76.05,71.38,111.7,106.51,5.19,0.46,-5.19,71.69,1.49,3.7,78.0,78.0,72.0,108.0,108.0,0.0,0.5,77.37,74.64,71.4,108.38,104.51,3.87,0.396,-3.87,71.7,3.49,0.38,78.0,78.0,72.0,108.0,108.0,0.0,0.5,77.84,74.58,71.36,109.09,104.49,4.6,0.445,-4.6,71.68,3.51,1.09,78.0,78.0,72.0,108.0,108.0,0.0,0.5,76.61,74.54,71.38,107.35,104.41,2.94,0.411,-2.94,71.69,3.59,-0.65,78.0,78.0,72.0,108.0,108.0,0.0,0.5,77.1,74.79,71.52,107.79,104.55,3.24,0.438,-3.24,71.76,3.45,-0.21,78.0,78.0,72.0,108.0,108.0,0.0,0.5,77.0,74.83,71.52,107.66,104.6,3.05,0.435,-3.05,71.76,3.4,-0.34,78.0,78.0,72.0,108.0,108.0,0.0,0.5,77.08,74.73,71.53,107.77,104.46,3.31,0.439,-3.31,71.76,3.54,-0.23,0,0,0,1,0,0,1
BBL,2022-2023,Round 4,2022-10-30,HAKRO Merlins Crailsheim,FC Bayern München,69,78,71.5,96.5,109.1,109.1,96.5,14,2,12,0,78,69,1,HAKRO Merlins Crailsheim,1.0,64.0,93.0,72.0,88.9,129.2,-40.3,0.0,72.0,78.0,71.5,100.7,109.1,-8.4,0.0,-31.9,71.75,-20.2,-28.5,65.48,90.16,72.09,90.82,125.13,-34.3,0.114,75.48,73.74,71.23,106.0,103.49,2.51,0.387,-36.81,71.66,-12.67,-19.13,66.53,89.63,72.19,92.13,124.25,-32.13,0.159,77.04,76.36,71.31,108.06,107.05,1.01,0.278,-33.14,71.75,-14.92,-16.19,66.55,89.61,72.19,92.15,124.22,-32.07,0.159,76.28,77.8,71.34,106.93,109.02,-2.09,0.225,-29.99,71.77,-16.87,-17.28,66.58,89.59,72.19,92.19,124.19,-32.01,0.158,77.28,76.67,71.42,108.23,107.33,0.9,0.315,-32.9,71.81,-15.14,-15.97,66.58,89.59,72.19,92.19,124.18,-32.0,0.158,75.85,75.59,71.43,106.2,105.82,0.38,0.283,-32.38,71.81,-13.63,-17.98,66.59,89.6,72.19,92.2,124.19,-31.99,0.158,76.28,75.5,71.4,106.85,105.72,1.13,0.327,-33.12,71.8,-13.52,-17.34,66.59,89.59,72.19,92.2,124.19,-31.99,0.158,75.45,75.41,71.41,105.68,105.59,0.09,0.308,-32.08,71.8,-13.39,-18.51,66.59,89.59,72.19,92.2,124.19,-31.99,0.158,75.86,75.57,71.52,106.07,105.65,0.42,0.332,-32.41,71.86,-13.46,-18.11,66.59,89.59,72.19,92.2,124.19,-31.99,0.158,75.79,75.59,71.51,105.98,105.69,0.29,0.33,-32.28,71.85,-13.49,-18.21,0,1,1,0,1,0,0
EuroLeague,2022-2023,Round 6,2022-11-03,FC Bayern München,Anadolu Efes Istanbul,81,78,71.5,113.3,109.1,109.1,113.3,4,14,-10,1,81,78,1,Anadolu Efes Istanbul,1.25,78.0,69.0,71.5,109.1,96.5,12.6,1.0,81.0,76.0,71.5,113.3,106.3,7.0,1.0,5.6,71.5,2.8,16.8,74.95,73.57,71.5,104.84,102.9,1.94,0.492,79.74,76.89,71.5,111.53,107.54,3.99,0.874,-2.05,71.5,-2.7,8.63,76.42,71.98,71.33,107.16,100.88,6.27,0.615,79.73,76.89,71.5,111.53,107.55,3.98,0.872,2.29,71.42,-0.39,10.64,77.33,74.15,71.36,108.37,103.89,4.48,0.494,79.73,76.89,71.5,111.52,107.55,3.98,0.872,0.5,71.43,0.82,7.63,76.72,75.54,71.38,107.49,105.8,1.69,0.425,79.73,76.89,71.5,111.52,107.55,3.98,0.872,-2.29,71.44,-0.06,5.72,77.45,74.87,71.44,108.43,104.79,3.64,0.476,79.73,76.89,71.5,111.52,107.55,3.98,0.872,-0.34,71.47,0.88,6.73,76.31,74.17,71.44,106.83,103.8,3.02,0.438,79.73,76.89,71.5,111.52,107.55,3.98,0.872,-0.96,71.47,-0.72,7.72,76.63,74.16,71.42,107.31,103.82,3.49,0.465,79.73,76.89,71.5,111.52,107.55,3.98,0.872,-0.49,71.46,-0.24,7.7,75.95,74.15,71.42,106.35,103.81,2.54,0.443,79.73,76.89,71.5,111.52,107.55,3.98,0.872,-1.43,71.46,-1.2,7.72,76.27,74.32,71.51,106.65,103.91,2.74,0.459,79.73,76.89,71.5,111.52,107.55,3.98,0.872,-1.24,71.51,-0.9,7.61,0,0,0,1,0,0,1
BBL,2022-2023,Round 5,2022-11-06,FC Bayern München,NINERS Chemnitz,88,74,73.2,120.2,101.1,101.1,120.2,3,14,-11,1,88,74,1,NINERS Chemnitz,1.0,81.0,78.0,71.5,113.3,109.1,4.2,1.0,80.0,87.0,73.0,109.6,119.2,-9.6,0.0,13.8,72.25,-5.9,0.5,79.83,74.49,71.5,111.66,104.18,7.48,1.0,78.66,86.1,72.73,108.17,118.39,-10.23,0.0,17.71,72.12,-6.73,3.98,77.58,75.49,71.5,108.51,105.59,2.92,0.713,71.73,83.65,71.72,99.7,116.56,-16.86,0.0,19.78,71.61,-8.04,-5.89,78.11,74.19,71.39,109.42,103.91,5.51,0.757,72.25,81.1,71.65,100.57,113.1,-12.53,0.099,18.04,71.52,-3.69,-3.34,78.5,75.38,71.41,109.94,105.55,4.39,0.655,72.26,81.16,71.65,100.58,113.19,-12.6,0.098,16.99,71.53,-3.25,-4.97,77.95,76.24,71.42,109.16,106.75,2.41,0.589,72.26,81.16,71.65,100.58,113.19,-12.6,0.098,15.01,71.53,-4.03,-6.16,78.4,75.71,71.45,109.74,105.95,3.79,0.616,72.26,81.16,71.65,100.58,113.19,-12.6,0.098,16.39,71.55,-3.45,-5.36,77.49,75.13,71.46,108.46,105.14,3.32,0.58,72.26,81.16,71.65,100.58,113.19,-12.6,0.098,15.92,71.56,-4.73,-4.56,77.69,75.09,71.44,108.77,105.11,3.66,0.595,72.26,81.16,71.65,100.58,113.19,-12.6,0.098,16.26,71.55,-4.42,-4.52,77.14,75.05,71.44,107.98,105.05,2.93,0.574,72.26,81.16,71.65,100.58,113.19,-12.6,0.098,15.53,71.55,-5.21,-4.47,0,0,0,0,1,0,1
EuroLeague,2022-2023,Round 7,2022-11-10,ALBA Berlin,FC Bayern München,77,79,71.5,107.7,110.5,110.5,107.7,14,4,10,0,79,77,1,ALBA Berlin,1.25,79.0,65.0,71.2,111.0,91.3,19.7,1.0,88.0,74.0,73.2,120.2,101.1,19.1,1.0,0.6,72.2,9.9,28.9,70.41,76.3,71.83,98.16,106.08,-7.92,0.548,84.47,76.02,72.34,116.72,105.13,11.59,1.0,-19.51,72.09,-6.97,10.64,70.57,71.38,70.8,99.84,100.5,-0.66,0.669,82.89,74.3,72.14,114.86,103.03,11.84,1.0,-12.5,71.47,-3.19,14.36,73.3,71.67,71.37,102.73,100.16,2.57,0.728,80.7,75.05,72.01,112.02,104.25,7.77,0.799,-5.2,71.69,-1.51,11.85,73.91,72.13,71.53,103.33,100.58,2.75,0.745,80.74,74.14,71.87,112.28,103.16,9.12,0.822,-6.37,71.7,0.17,11.71,73.55,71.93,71.53,102.83,100.3,2.53,0.73,80.76,75.05,71.84,112.39,104.49,7.9,0.737,-5.37,71.68,-1.66,12.09,73.55,71.98,71.54,102.81,100.36,2.45,0.725,80.16,75.75,71.81,111.59,105.5,6.08,0.68,-3.64,71.68,-2.7,11.22,73.53,72.02,71.54,102.78,100.41,2.37,0.723,80.41,75.35,71.82,111.92,104.93,6.99,0.696,-4.62,71.68,-2.15,11.51,73.54,72.02,71.55,102.79,100.42,2.37,0.723,79.58,74.91,71.8,110.79,104.34,6.46,0.663,-4.08,71.67,-1.55,10.38,73.53,72.02,71.55,102.79,100.42,2.37,0.723,79.68,74.88,71.78,110.97,104.33,6.64,0.673,-4.27,71.66,-1.55,10.56,0,0,0,1,0,0,0
EuroLeague,2022-2023,Round 8,2022-11-17,FC Bayern München,Olympiacos Piraeus,71,82,71.5,99.3,114.7,114.7,99.3,7,14,-7,1,71,82,0,Olympiacos Piraeus,1.25,79.0,77.0,71.5,110.5,107.7,2.8,1.0,98.0,88.0,71.5,137.1,123.1,14.0,1.0,-11.2,71.5,-12.6,29.4,82.51,75.83,72.16,114.29,105.12,9.16,1.0,94.91,82.22,71.5,132.77,115.01,17.75,1.0,-8.59,71.83,-0.73,27.64,82.08,76.45,71.98,114.01,106.25,7.75,1.0,94.89,82.22,71.5,132.75,115.01,17.74,1.0,-9.98,71.74,-1.01,26.5,81.46,75.3,71.9,113.25,104.75,8.5,1.0,94.89,82.22,71.5,132.74,115.01,17.73,1.0,-9.23,71.7,-1.76,27.99,80.16,75.67,71.85,111.53,105.35,6.19,0.863,94.89,82.22,71.5,132.74,115.01,17.73,1.0,-11.55,71.67,-3.48,27.39,80.23,74.98,71.76,111.76,104.49,7.27,0.874,94.89,82.22,71.5,132.74,115.01,17.73,1.0,-10.46,71.63,-3.25,28.25,80.29,75.58,71.74,111.88,105.36,6.52,0.809,94.89,82.22,71.5,132.74,115.01,17.73,1.0,-11.22,71.62,-3.13,27.38,79.86,76.07,71.73,111.31,106.07,5.24,0.762,94.89,82.22,71.5,132.74,115.01,17.73,1.0,-12.49,71.61,-3.7,26.68,80.06,75.76,71.74,111.57,105.61,5.96,0.771,94.89,82.22,71.5,132.74,115.01,17.73,1.0,-11.77,71.62,-3.44,27.13,79.45,75.4,71.73,110.72,105.13,5.59,0.743,94.89,82.22,71.5,132.74,115.01,17.73,1.0,-12.14,71.62,-4.29,27.61,0,0,0,1,0,0,0
BBL,2022-2023,Round 6,2022-11-20,Basketball Löwen Braunschweig,FC Bayern München,63,89,72.0,87.5,123.6,123.6,87.5,14,3,11,0,89,63,1,Basketball Löwen Braunschweig,1.0,82.0,91.0,73.8,111.1,123.3,-12.2,0.0,71.0,82.0,71.5,99.3,114.7,-15.4,0.0,3.2,72.65,-3.6,-24.0,81.77,91.57,73.77,110.84,124.13,-13.29,0.0,74.47,79.83,71.5,104.16,111.67,-7.51,0.434,-5.78,72.63,-0.83,-19.98,81.77,91.57,73.77,110.83,124.14,-13.31,0.0,77.41,78.57,71.87,107.64,109.37,-1.73,0.557,-11.58,72.82,1.46,-16.5,81.77,91.57,73.77,110.83,124.14,-13.31,0.0,78.06,78.46,71.8,108.66,109.32,-0.66,0.637,-12.65,72.78,1.51,-15.47,81.77,91.57,73.77,110.83,124.14,-13.31,0.0,78.05,77.48,71.77,108.71,107.99,0.72,0.674,-14.03,72.77,2.84,-15.43,81.77,91.57,73.77,110.83,124.14,-13.31,0.0,77.47,77.53,71.74,107.94,108.1,-0.16,0.609,-13.15,72.76,2.73,-16.2,81.77,91.57,73.77,110.83,124.14,-13.31,0.0,77.67,76.93,71.69,108.31,107.32,0.99,0.632,-14.3,72.73,3.51,-15.83,81.77,91.57,73.77,110.83,124.14,-13.31,0.0,77.85,77.26,71.68,108.58,107.81,0.78,0.597,-14.09,72.72,3.02,-15.56,81.77,91.57,73.77,110.83,124.14,-13.31,0.0,77.64,77.55,71.67,108.3,108.23,0.07,0.571,-13.38,72.72,2.6,-15.84,81.77,91.57,73.77,110.83,124.14,-13.31,0.0,77.86,77.27,71.68,108.59,107.82,0.76,0.583,-14.07,72.72,3.01,-15.55,0,0,0,0,1,0,0
EuroLeague,2022-2023,Round 9,2022-11-23,LDLC ASVEL Villeurbanne,FC Bayern München,74,75,71.5,103.5,104.9,104.9,103.5,14,3,11,0,75,74,1,LDLC ASVEL Villeurbanne,1.25,68.0,77.0,71.5,95.1,107.7,-12.6,0.0,89.0,63.0,72.0,123.6,87.5,36.1,1.0,-48.7,71.75,7.6,15.9,67.18,75.9,71.5,93.95,106.16,-12.22,0.0,79.93,72.57,71.75,111.36,101.21,10.15,0.496,-22.36,71.62,-7.26,5.19,67.24,75.91,71.5,94.04,106.18,-12.14,0.003,79.67,73.81,71.68,111.12,103.01,8.1,0.636,-20.24,71.59,-8.98,4.94,67.24,75.91,71.5,94.03,106.18,-12.15,0.003,80.93,73.84,71.91,112.49,102.72,9.77,0.691,-21.92,71.7,-8.69,6.31,67.24,75.91,71.5,94.03,106.18,-12.15,0.003,80.94,74.39,71.85,112.6,103.57,9.03,0.732,-21.17,71.68,-9.54,6.42,67.24,75.91,71.5,94.03,106.18,-12.15,0.003,80.71,73.97,71.83,112.32,103.02,9.31,0.753,-21.45,71.66,-8.99,6.15,67.24,75.91,71.5,94.03,106.18,-12.15,0.003,80.06,74.27,71.8,111.45,103.47,7.98,0.697,-20.13,71.65,-9.44,5.28,67.24,75.91,71.5,94.03,106.18,-12.15,0.003,80.1,73.94,71.76,111.59,103.07,8.51,0.711,-20.66,71.63,-9.04,5.41,67.24,75.91,71.5,94.03,106.18,-12.15,0.003,80.14,74.34,71.75,111.66,103.64,8.02,0.68,-20.17,71.62,-9.61,5.48,67.24,75.91,71.5,94.03,106.18,-12.15,0.003,79.89,74.68,71.74,111.33,104.13,7.2,0.656,-19.35,71.62,-10.1,5.15,0,0,0,1,0,0,0
EuroLeague,2022-2023,Round 10,2022-11-25,AS Monaco,FC Bayern München,80,79,71.5,111.9,110.5,110.5,111.9,14,2,12,0,79,80,0,AS Monaco,1.25,83.0,78.0,71.5,116.1,109.1,7.0,1.0,75.0,74.0,71.5,104.9,103.5,1.4,1.0,5.6,71.5,12.6,-4.2,85.76,76.24,71.5,119.97,106.64,13.33,1.0,80.52,69.67,71.7,112.27,97.2,15.07,1.0,-1.74,71.6,22.77,5.63,85.76,76.24,71.5,119.97,106.64,13.33,1.0,77.8,73.19,71.64,108.56,102.2,6.36,0.714,6.97,71.57,17.77,1.92,85.76,76.24,71.5,119.97,106.64,13.33,1.0,78.01,73.87,71.62,108.91,103.19,5.72,0.765,7.61,71.56,16.78,2.27,85.76,76.24,71.5,119.97,106.64,13.33,1.0,79.04,73.89,71.78,110.07,102.97,7.1,0.79,6.23,71.64,17.0,3.43,85.76,76.24,71.5,119.97,106.64,13.33,1.0,79.23,74.28,71.75,110.38,103.55,6.83,0.81,6.5,71.63,16.42,3.74,85.76,76.24,71.5,119.97,106.64,13.33,1.0,79.16,73.98,71.74,110.31,103.15,7.16,0.82,6.17,71.62,16.82,3.67,85.76,76.24,71.5,119.97,106.64,13.33,1.0,78.76,74.2,71.72,109.77,103.48,6.29,0.775,7.04,71.61,16.49,3.13,85.76,76.24,71.5,119.97,106.64,13.33,1.0,78.83,73.96,71.69,109.93,103.18,6.75,0.782,6.58,71.6,16.79,3.29,85.76,76.24,71.5,119.97,106.64,13.33,1.0,78.91,74.26,71.69,110.04,103.61,6.43,0.756,6.9,71.59,16.36,3.4,0,1,1,1,0,0,1
BBL,2022-2023,Round 7,2022-11-27,FC Bayern München,Würzburg Baskets,83,73,71.2,116.6,102.5,102.5,116.6,2,14,-12,1,83,73,1,Würzburg Baskets,1.0,79.0,80.0,71.5,110.5,111.9,-1.4,0.0,90.0,70.0,72.5,124.1,96.6,27.5,1.0,-28.9,72.0,13.9,12.2,77.19,77.29,71.5,107.97,108.1,-0.13,0.452,87.72,72.28,72.33,121.2,100.04,21.16,0.886,-21.3,71.91,7.93,13.1,79.87,74.04,71.61,111.52,103.42,8.09,0.576,87.7,72.33,72.33,121.16,100.11,21.05,0.883,-12.95,71.97,11.4,17.74,78.21,75.53,71.59,109.23,105.54,3.69,0.468,87.69,72.33,72.33,121.15,100.12,21.03,0.882,-17.34,71.96,9.11,15.61,78.31,75.72,71.58,109.39,105.81,3.58,0.535,87.69,72.33,72.33,121.15,100.12,21.03,0.882,-17.45,71.95,9.27,15.34,79.03,75.59,71.7,110.19,105.46,4.73,0.57,87.69,72.33,72.33,121.15,100.12,21.03,0.882,-16.3,72.01,10.07,15.69,79.17,75.76,71.69,110.41,105.71,4.7,0.6,87.69,72.33,72.33,121.15,100.12,21.03,0.882,-16.34,72.01,10.29,15.44,79.12,75.47,71.68,110.35,105.32,5.04,0.617,87.69,72.33,72.33,121.15,100.12,21.03,0.882,-16.0,72.0,10.23,15.83,78.82,75.58,71.67,109.94,105.48,4.47,0.591,87.69,72.33,72.33,121.15,100.12,21.03,0.882,-16.57,72.0,9.82,15.67,78.87,75.35,71.65,110.06,105.19,4.87,0.602,87.69,72.33,72.33,121.15,100.12,21.03,0.882,-16.17,71.99,9.94,15.96,1,0,-1,0,1,0,1
EuroLeague,2022-2023,Round 11,2022-12-02,FC Bayern München,Maccabi Playtika Tel Aviv,98,89,71.5,137.1,124.5,124.5,137.1,5,14,-9,1,98,89,1,Maccabi Playtika Tel Aviv,1.25,83.0,73.0,71.2,116.6,102.5,14.1,1.0,52.0,70.0,71.5,72.7,97.9,-25.2,0.0,39.3,71.35,18.7,-29.8,80.97,76.55,71.35,113.5,107.27,6.23,0.492,53.93,69.77,71.5,75.41,97.58,-22.17,0.114,28.4,71.43,15.92,-31.86,79.21,75.8,71.4,110.96,106.16,4.81,0.642,53.99,69.78,71.5,75.49,97.59,-22.1,0.113,26.91,71.45,13.37,-30.67,80.78,73.74,71.49,113.0,103.15,9.84,0.7,54.01,69.79,71.5,75.51,97.6,-22.09,0.113,31.94,71.5,15.4,-27.65,79.41,74.9,71.49,111.07,104.78,6.3,0.601,54.01,69.79,71.5,75.51,97.6,-22.09,0.113,28.39,71.5,13.47,-29.27,79.37,75.1,71.49,111.02,105.06,5.96,0.64,54.01,69.79,71.5,75.51,97.6,-22.09,0.113,28.05,71.5,13.42,-29.55,79.87,75.04,71.59,111.56,104.83,6.73,0.661,54.01,69.79,71.5,75.51,97.6,-22.09,0.113,28.82,71.55,13.95,-29.32,79.94,75.21,71.59,111.65,105.07,6.58,0.68,54.01,69.79,71.5,75.51,97.6,-22.09,0.113,28.68,71.54,14.05,-29.56,79.87,74.99,71.59,111.56,104.77,6.79,0.691,54.01,69.79,71.5,75.51,97.6,-22.09,0.113,28.89,71.54,13.96,-29.26,79.6,75.09,71.58,111.19,104.92,6.27,0.667,54.01,69.79,71.5,75.51,97.6,-22.09,0.113,28.36,71.54,13.59,-29.41,0,0,0,1,0,0,1
BBL-Pokal,2022-2023,Quarterfinal,2022-12-04,medi bayreuth,FC Bayern München,63,80,70.5,89.4,113.5,113.5,89.4,14,2,12,0,80,63,1,medi bayreuth,1.05,60.0,83.0,69.8,86.0,118.9,-32.9,0.0,98.0,89.0,71.5,137.1,124.5,12.6,1.0,-45.5,70.65,-38.5,18.2,61.7,83.38,70.01,88.1,119.08,-30.98,0.0,92.2,82.81,71.38,129.17,115.99,13.18,1.0,-44.16,70.7,-27.89,10.09,61.7,83.38,70.01,88.1,119.08,-30.97,0.0,88.43,82.01,71.42,123.85,114.82,9.02,0.715,-40.0,70.71,-26.72,4.77,61.7,83.38,70.01,88.1,119.08,-30.97,0.0,85.88,80.48,71.43,120.24,112.67,7.57,0.769,-38.54,70.72,-24.56,1.16,61.7,83.38,70.01,88.1,119.08,-30.97,0.0,86.22,78.56,71.5,120.61,109.9,10.71,0.795,-41.69,70.75,-21.79,1.53,61.7,83.38,70.01,88.1,119.08,-30.97,0.0,84.69,78.9,71.5,118.46,110.38,8.09,0.715,-39.06,70.75,-22.27,-0.61,61.7,83.38,70.01,88.1,119.08,-30.97,0.0,84.28,78.77,71.5,117.9,110.19,7.71,0.735,-38.68,70.75,-22.08,-1.18,61.7,83.38,70.01,88.1,119.08,-30.97,0.0,84.44,78.56,71.57,118.0,109.79,8.21,0.747,-39.18,70.79,-21.68,-1.08,61.7,83.38,70.01,88.1,119.08,-30.97,0.0,84.3,78.54,71.57,117.8,109.76,8.04,0.757,-39.01,70.79,-21.66,-1.28,61.7,83.38,70.01,88.1,119.08,-30.97,0.0,84.13,78.28,71.57,117.57,109.41,8.16,0.764,-39.13,70.79,-21.3,-1.51,0,1,1,0,0,1,0
EuroLeague,2022-2023,Round 12,2022-12-09,Cazoo Baskonia Vitoria-Gasteiz,FC Bayern München,78,53,71.5,109.1,74.1,74.1,109.1,7,5,2,0,53,78,0,Cazoo Baskonia Vitoria-Gasteiz,1.25,78.0,78.0,72.0,108.0,108.0,0.0,0.5,80.0,63.0,70.5,113.5,89.4,24.1,1.0,-24.1,71.25,18.6,5.5,78.0,78.0,72.0,108.0,108.0,0.0,0.5,88.92,75.88,71.0,125.19,106.79,18.4,1.0,-18.4,71.5,1.21,17.19,78.0,78.0,72.0,108.0,108.0,0.0,0.5,87.51,75.2,71.04,123.15,105.77,17.38,1.0,-17.38,71.52,2.23,15.15,78.0,78.0,72.0,108.0,108.0,0.0,0.5,85.83,76.14,71.13,120.65,106.98,13.68,0.803,-13.68,71.57,1.02,12.65,78.0,78.0,72.0,108.0,108.0,0.0,0.5,84.32,75.84,71.19,118.45,106.49,11.96,0.83,-11.96,71.59,1.51,10.45,78.0,78.0,72.0,108.0,108.0,0.0,0.5,84.71,74.77,71.25,118.88,104.91,13.97,0.845,-13.97,71.63,3.09,10.88,78.0,78.0,72.0,108.0,108.0,0.0,0.5,83.64,75.34,71.27,117.35,105.67,11.68,0.779,-11.68,71.64,2.33,9.35,78.0,78.0,72.0,108.0,108.0,0.0,0.5,83.38,75.43,71.29,116.96,105.79,11.18,0.791,-11.18,71.64,2.21,8.96,78.0,78.0,72.0,108.0,108.0,0.0,0.5,83.54,75.38,71.35,117.08,105.62,11.45,0.798,-11.45,71.68,2.38,9.08,78.0,78.0,72.0,108.0,108.0,0.0,0.5,83.45,75.47,71.36,116.95,105.74,11.21,0.805,-11.21,71.68,2.26,8.95,0,0,0,1,0,0,1
BBL,2022-2023,Round 8,2022-12-11,Telekom Baskets Bonn,FC Bayern München,78,68,72.4,107.7,93.9,93.9,107.7,14,2,12,0,68,78,0,Telekom Baskets Bonn,1.0,83.0,84.0,72.5,114.5,115.9,-1.4,0.0,53.0,78.0,71.5,74.1,109.1,-35.0,0.0,33.6,72.0,5.4,-41.8,84.34,84.0,73.08,115.4,114.96,0.44,0.448,63.76,72.02,71.1,89.8,101.25,-11.45,0.398,11.89,72.09,14.15,-25.16,83.45,83.47,72.79,114.62,114.68,-0.05,0.329,73.39,76.8,71.21,103.1,107.79,-4.69,0.568,4.63,72.0,6.83,-11.57,80.66,82.84,72.56,111.1,114.17,-3.08,0.269,74.84,76.23,71.21,105.14,106.99,-1.86,0.633,-1.22,71.89,4.11,-9.04,80.68,83.94,72.73,110.88,115.38,-4.5,0.252,75.4,76.73,71.25,105.86,107.65,-1.79,0.548,-2.7,71.99,3.23,-9.52,80.8,83.77,72.75,111.0,115.12,-4.13,0.258,75.36,76.46,71.28,105.76,107.24,-1.48,0.593,-2.65,72.01,3.76,-9.36,80.79,83.77,72.75,110.99,115.12,-4.13,0.258,76.19,75.64,71.32,106.85,106.03,0.81,0.618,-4.94,72.04,4.96,-8.27,80.79,83.77,72.75,110.99,115.12,-4.13,0.258,75.89,76.01,71.33,106.41,106.54,-0.13,0.582,-4.0,72.04,4.45,-8.71,80.79,83.77,72.75,110.99,115.12,-4.13,0.258,76.02,76.05,71.34,106.58,106.59,-0.01,0.6,-4.12,72.04,4.4,-8.54,80.79,83.77,72.75,110.99,115.12,-4.13,0.258,76.34,76.0,71.39,106.95,106.44,0.5,0.61,-4.63,72.07,4.55,-8.17,0,1,1,0,1,0,1
EuroLeague,2022-2023,Round 13,2022-12-13,FC Bayern München,Real Madrid,64,68,71.5,89.5,95.1,95.1,89.5,2,14,-12,1,64,68,0,Real Madrid,1.25,68.0,78.0,72.4,93.9,107.7,-13.8,0.0,88.0,97.0,71.5,123.1,135.7,-12.6,0.0,-1.2,71.95,-41.8,15.4,60.39,78.0,71.94,83.85,108.41,-24.56,0.0,87.38,95.37,71.5,122.23,133.41,-11.18,0.078,-13.38,71.72,-49.56,13.82,65.32,74.23,71.58,91.31,103.63,-12.32,0.252,87.37,95.35,71.5,122.22,133.39,-11.17,0.079,-1.15,71.54,-42.08,18.59,71.8,77.15,71.56,100.38,107.76,-7.38,0.4,87.38,95.35,71.5,122.23,133.39,-11.16,0.079,3.78,71.53,-33.0,14.46,73.04,76.69,71.52,102.19,107.18,-4.99,0.467,87.38,95.35,71.5,122.23,133.39,-11.16,0.079,6.17,71.51,-31.2,15.05,73.65,77.03,71.52,103.04,107.66,-4.62,0.419,87.38,95.35,71.5,122.23,133.39,-11.16,0.079,6.54,71.51,-30.35,14.56,73.76,76.79,71.52,103.19,107.34,-4.15,0.464,87.38,95.35,71.5,122.23,133.39,-11.16,0.079,7.01,71.51,-30.2,14.89,74.5,76.13,71.54,104.17,106.38,-2.21,0.49,87.38,95.35,71.5,122.23,133.39,-11.16,0.079,8.96,71.52,-29.21,15.85,74.33,76.4,71.54,103.94,106.77,-2.82,0.467,87.38,95.35,71.5,122.23,133.39,-11.16,0.079,8.34,71.52,-29.44,15.46,74.49,76.42,71.54,104.17,106.8,-2.63,0.485,87.38,95.35,71.5,122.23,133.39,-11.16,0.079,8.53,71.52,-29.22,15.42,1,0,-1,1,0,0,0
EuroLeague,2022-2023,Round 14,2022-12-15,FC Bayern München,Valencia Basket,97,92,71.5,135.7,128.7,128.7,135.7,2,14,-12,1,97,92,1,Valencia Basket,1.25,64.0,68.0,71.5,89.5,95.1,-5.6,0.0,83.0,76.0,71.5,116.1,106.3,9.8,1.0,-15.4,71.5,-16.8,21.0,65.59,71.98,71.86,91.25,100.11,-8.86,0.0,82.58,77.47,71.5,115.51,108.36,7.15,0.895,-16.01,71.68,-17.11,15.4,61.93,73.73,71.75,86.26,102.72,-16.46,0.0,82.56,77.45,71.5,115.48,108.32,7.16,0.895,-23.62,71.63,-22.06,12.76,64.85,71.99,71.55,90.66,100.57,-9.91,0.161,82.56,77.44,71.5,115.48,108.31,7.17,0.895,-17.08,71.53,-17.65,14.91,69.39,74.32,71.54,97.02,103.85,-6.83,0.276,82.56,77.44,71.5,115.48,108.31,7.17,0.895,-14.0,71.52,-11.3,11.63,70.47,74.22,71.52,98.57,103.74,-5.17,0.334,82.56,77.44,71.5,115.48,108.31,7.17,0.895,-12.33,71.51,-9.74,11.74,71.11,74.66,71.52,99.48,104.36,-4.88,0.309,82.56,77.44,71.5,115.48,108.31,7.17,0.895,-12.05,71.51,-8.84,11.12,71.34,74.62,71.51,99.8,104.31,-4.51,0.349,82.56,77.44,71.5,115.48,108.31,7.17,0.895,-11.68,71.51,-8.52,11.17,71.99,74.19,71.53,100.67,103.69,-3.02,0.373,82.56,77.44,71.5,115.48,108.31,7.17,0.895,-10.18,71.52,-7.64,11.79,71.96,74.47,71.53,100.62,104.09,-3.46,0.36,82.56,77.44,71.5,115.48,108.31,7.17,0.895,-10.63,71.52,-7.69,11.39,1,0,-1,1,0,0,1
BBL,2022-2023,Round 9,2022-12-18,FC Bayern München,EWE Baskets Oldenburg,81,77,73.0,111.0,105.5,105.5,111.0,3,14,-11,1,81,77,1,EWE Baskets Oldenburg,1.0,97.0,92.0,71.5,135.7,128.7,7.0,1.0,106.0,75.0,77.0,137.7,97.4,40.3,1.0,-33.3,74.25,38.3,9.0,82.08,81.15,71.5,114.82,113.51,1.3,0.548,103.04,77.05,76.72,134.25,100.52,33.73,0.886,-32.43,74.11,14.3,20.74,78.85,80.43,71.71,110.01,112.18,-2.17,0.422,103.04,77.06,76.72,134.25,100.53,33.71,0.886,-35.88,74.21,9.48,22.07,73.9,79.96,71.67,103.13,111.59,-8.45,0.341,103.04,77.06,76.72,134.25,100.53,33.71,0.886,-42.17,74.19,2.6,22.66,74.58,78.05,71.54,104.3,109.09,-4.79,0.415,103.04,77.06,76.72,134.25,100.53,33.71,0.886,-38.5,74.13,3.77,25.16,76.92,79.14,71.53,107.57,110.62,-3.06,0.474,103.04,77.06,76.72,134.25,100.53,33.71,0.886,-36.77,74.12,7.03,23.62,77.27,78.78,71.51,108.1,110.14,-2.04,0.505,103.04,77.06,76.72,134.25,100.53,33.71,0.886,-35.76,74.11,7.57,24.1,77.37,78.85,71.51,108.24,110.24,-2.01,0.476,103.04,77.06,76.72,134.25,100.53,33.71,0.886,-35.72,74.11,7.7,24.0,77.27,78.63,71.51,108.09,109.94,-1.85,0.499,103.04,77.06,76.72,134.25,100.53,33.71,0.886,-35.57,74.11,7.55,24.31,77.6,78.18,71.53,108.53,109.3,-0.77,0.514,103.04,77.06,76.72,134.25,100.53,33.71,0.886,-34.48,74.12,8.0,24.95,0,0,0,0,1,0,1
EuroLeague,2022-2023,Round 15,2022-12-23,Zalgiris Kaunas,FC Bayern München,75,67,71.5,104.9,93.7,93.7,104.9,14,5,9,0,67,75,0,Zalgiris Kaunas,1.25,65.0,74.0,71.5,90.9,103.5,-12.6,0.0,81.0,77.0,73.0,111.0,105.5,5.5,1.0,-18.1,72.25,-14.6,7.5,66.59,74.2,71.5,93.13,103.78,-10.65,0.0,89.06,84.56,72.24,123.45,117.19,6.26,1.0,-16.91,71.87,-24.06,19.67,66.62,74.17,71.5,93.17,103.74,-10.58,0.0,81.7,79.7,72.03,113.48,110.7,2.77,0.706,-13.35,71.76,-17.54,9.74,66.63,74.17,71.5,93.18,103.74,-10.56,0.002,79.48,79.42,72.09,110.3,110.22,0.08,0.592,-10.64,71.79,-17.03,6.56,66.63,74.17,71.5,93.18,103.74,-10.56,0.002,75.68,79.22,72.0,105.11,110.06,-4.95,0.507,-5.61,71.75,-16.87,1.37,66.63,74.17,71.5,93.18,103.74,-10.56,0.002,76.06,77.81,71.87,105.84,108.27,-2.43,0.55,-8.13,71.69,-15.08,2.1,66.63,74.17,71.5,93.18,103.74,-10.56,0.002,77.78,78.69,71.84,108.29,109.54,-1.25,0.585,-9.31,71.67,-16.36,4.55,66.63,74.17,71.5,93.18,103.74,-10.56,0.002,78.03,78.42,71.81,108.68,109.21,-0.52,0.605,-10.03,71.66,-16.02,4.94,66.63,74.17,71.5,93.18,103.74,-10.56,0.002,78.07,78.49,71.8,108.77,109.33,-0.56,0.577,-9.99,71.65,-16.15,5.03,66.63,74.17,71.5,93.18,103.74,-10.56,0.002,77.96,78.33,71.79,108.63,109.12,-0.49,0.592,-10.07,71.64,-15.93,4.89,0,0,0,1,0,0,1
BBL,2022-2023,Round 10,2022-12-26,medi bayreuth,FC Bayern München,79,80,73.5,107.5,108.8,108.8,107.5,14,3,11,0,80,79,1,medi bayreuth,1.0,63.0,80.0,70.5,89.4,113.5,-24.1,0.0,67.0,75.0,71.5,93.7,104.9,-11.2,0.0,-12.9,71.0,-15.5,-19.8,62.96,80.04,70.49,89.35,113.57,-24.22,0.0,72.42,75.77,72.08,100.39,105.13,-4.74,0.387,-19.48,71.29,-15.78,-13.18,62.98,80.05,70.49,89.38,113.58,-24.2,0.0,79.35,80.35,71.92,110.35,111.78,-1.43,0.56,-22.77,71.2,-22.4,-3.23,62.98,80.05,70.49,89.38,113.58,-24.2,0.0,76.45,78.02,71.84,106.42,108.63,-2.22,0.454,-21.99,71.17,-19.25,-7.17,62.98,80.05,70.49,89.38,113.58,-24.2,0.0,75.52,78.02,71.9,105.03,108.53,-3.5,0.404,-20.7,71.2,-19.15,-8.55,62.98,80.05,70.49,89.38,113.58,-24.2,0.0,73.21,78.02,71.86,101.86,108.59,-6.73,0.362,-17.47,71.18,-19.21,-11.72,62.98,80.05,70.49,89.38,113.58,-24.2,0.0,73.64,77.06,71.77,102.6,107.37,-4.77,0.403,-19.43,71.13,-17.99,-10.98,62.98,80.05,70.49,89.38,113.58,-24.2,0.0,75.07,77.76,71.76,104.63,108.37,-3.75,0.438,-20.45,71.12,-18.99,-8.96,62.98,80.05,70.49,89.38,113.58,-24.2,0.0,75.36,77.59,71.74,105.05,108.16,-3.11,0.458,-21.09,71.11,-18.78,-8.53,62.98,80.05,70.49,89.38,113.58,-24.2,0.0,75.48,77.68,71.73,105.25,108.3,-3.05,0.442,-21.15,71.11,-18.92,-8.33,0,0,0,0,1,0,0
EuroLeague,2022-2023,Round 16,2022-12-29,Partizan Mozzart Bet Belgrade,FC Bayern München,83,77,71.5,116.1,107.7,107.7,116.1,7,3,4,0,77,83,0,Partizan Mozzart Bet Belgrade,1.25,78.0,78.0,72.0,108.0,108.0,0.0,0.5,80.0,79.0,73.5,108.8,107.5,1.3,1.0,-1.3,72.75,0.5,0.8,78.0,78.0,72.0,108.0,108.0,0.0,0.5,73.45,76.98,72.49,101.19,106.19,-5.0,0.496,5.0,72.25,1.81,-6.81,78.0,78.0,72.0,108.0,108.0,0.0,0.5,75.27,76.99,72.61,103.56,106.02,-2.47,0.618,2.47,72.31,1.98,-4.44,78.0,78.0,72.0,108.0,108.0,0.0,0.5,79.55,79.94,72.4,109.88,110.49,-0.6,0.693,0.6,72.2,-2.49,1.88,78.0,78.0,72.0,108.0,108.0,0.0,0.5,77.38,78.27,72.27,107.04,108.34,-1.3,0.596,1.3,72.14,-0.34,-0.96,78.0,78.0,72.0,108.0,108.0,0.0,0.5,76.58,78.25,72.28,105.93,108.28,-2.36,0.546,2.36,72.14,-0.28,-2.07,78.0,78.0,72.0,108.0,108.0,0.0,0.5,74.7,78.23,72.22,103.38,108.35,-4.97,0.502,4.97,72.11,-0.35,-4.62,78.0,78.0,72.0,108.0,108.0,0.0,0.5,74.96,77.46,72.13,103.89,107.39,-3.51,0.527,3.51,72.07,0.61,-4.11,78.0,78.0,72.0,108.0,108.0,0.0,0.5,76.05,78.01,72.1,105.45,108.2,-2.75,0.549,2.75,72.05,-0.2,-2.55,78.0,78.0,72.0,108.0,108.0,0.0,0.5,76.25,77.86,72.08,105.78,108.04,-2.26,0.562,2.26,72.04,-0.04,-2.22,0,0,0,1,0,0,1
BBL,2022-2023,Round 11,2022-12-30,FC Bayern München,Bamberg Baskets,73,72,70.2,104.0,102.6,102.6,104.0,1,14,-13,1,73,72,1,Bamberg Baskets,1.0,77.0,83.0,71.5,107.7,116.1,-8.4,0.0,68.0,85.0,72.0,94.4,118.1,-23.7,0.0,15.3,71.75,-10.4,-21.7,78.18,81.42,72.29,108.13,112.71,-4.58,0.394,69.21,85.67,72.19,95.79,118.7,-22.91,0.0,18.33,72.24,-10.57,-16.92,74.99,79.59,72.06,104.01,110.48,-6.47,0.281,69.15,85.65,72.17,95.72,118.69,-22.97,0.0,16.5,72.12,-14.69,-14.76,75.9,79.19,72.21,105.08,109.72,-4.64,0.391,69.18,85.65,72.18,95.76,118.69,-22.93,0.0,18.29,72.19,-13.61,-13.96,78.74,80.91,72.11,109.19,112.27,-3.08,0.473,69.19,85.66,72.18,95.76,118.69,-22.93,0.0,19.85,72.14,-9.5,-16.5,77.27,79.62,72.05,107.23,110.56,-3.33,0.426,69.19,85.66,72.18,95.76,118.69,-22.93,0.0,19.6,72.11,-11.47,-14.79,76.7,79.52,72.07,106.4,110.38,-3.98,0.399,69.19,85.66,72.18,95.76,118.69,-22.93,0.0,18.95,72.12,-12.29,-14.62,75.28,79.43,72.04,104.47,110.3,-5.83,0.376,69.19,85.66,72.18,95.76,118.69,-22.93,0.0,17.09,72.11,-14.22,-14.54,75.46,78.81,71.98,104.81,109.51,-4.69,0.399,69.19,85.66,72.18,95.76,118.69,-22.93,0.0,18.24,72.08,-13.88,-13.74,76.27,79.17,71.96,105.98,110.05,-4.07,0.421,69.19,85.66,72.18,95.76,118.69,-22.93,0.0,18.86,72.07,-12.71,-14.28,1,0,-1,0,1,0,1
BBL,2022-2023,Round 12,2023-01-03,ROSTOCK SEAWOLVES,FC Bayern München,65,78,71.8,90.5,108.6,108.6,90.5,7,4,3,0,78,65,1,ROSTOCK SEAWOLVES,1.0,78.0,78.0,72.0,108.0,108.0,0.0,0.5,73.0,72.0,70.2,104.0,102.6,1.4,1.0,-1.4,71.1,5.4,-4.0,78.0,78.0,72.0,108.0,108.0,0.0,0.5,75.05,77.63,70.86,105.89,109.5,-3.61,0.489,3.61,71.43,-1.5,-2.11,78.0,78.0,72.0,108.0,108.0,0.0,0.5,76.28,77.97,71.52,106.62,109.0,-2.39,0.616,2.39,71.76,-1.0,-1.38,78.0,78.0,72.0,108.0,108.0,0.0,0.5,74.41,77.37,71.52,104.01,108.17,-4.17,0.492,4.17,71.76,-0.17,-3.99,78.0,78.0,72.0,108.0,108.0,0.0,0.5,75.15,77.33,71.69,104.8,107.87,-3.07,0.549,3.07,71.84,0.13,-3.2,78.0,78.0,72.0,108.0,108.0,0.0,0.5,77.4,78.84,71.67,107.98,110.02,-2.04,0.596,2.04,71.83,-2.02,-0.02,78.0,78.0,72.0,108.0,108.0,0.0,0.5,76.35,77.99,71.65,106.53,108.85,-2.32,0.549,2.32,71.83,-0.85,-1.47,78.0,78.0,72.0,108.0,108.0,0.0,0.5,75.94,77.99,71.69,105.91,108.79,-2.88,0.522,2.88,71.85,-0.79,-2.09,78.0,78.0,72.0,108.0,108.0,0.0,0.5,74.84,77.99,71.68,104.38,108.81,-4.43,0.497,4.43,71.84,-0.81,-3.62,78.0,78.0,72.0,108.0,108.0,0.0,0.5,75.0,77.53,71.64,104.66,108.21,-3.55,0.512,3.55,71.82,-0.21,-3.34,0,0,0,0,1,0,0
EuroLeague,2022-2023,Round 17,2023-01-05,FC Bayern München,Panathinaikos Athens,84,68,71.5,117.5,95.1,95.1,117.5,2,7,-5,1,84,68,1,Panathinaikos Athens,1.25,78.0,65.0,71.8,108.6,90.5,18.1,1.0,78.0,78.0,72.0,108.0,108.0,0.0,0.5,18.1,71.9,0.6,17.5,75.78,68.11,71.09,106.55,95.88,10.68,1.0,78.0,78.0,72.0,108.0,108.0,0.0,0.5,10.68,71.54,-1.45,12.12,76.17,72.84,71.22,106.92,102.3,4.62,0.682,78.0,78.0,72.0,108.0,108.0,0.0,0.5,4.62,71.61,-1.08,5.7,76.82,73.89,71.61,107.24,103.19,4.05,0.737,78.0,78.0,72.0,108.0,108.0,0.0,0.5,4.05,71.8,-0.76,4.81,75.37,74.06,71.59,105.24,103.44,1.79,0.628,78.0,78.0,72.0,108.0,108.0,0.0,0.5,1.79,71.8,-2.76,4.56,75.85,74.31,71.71,105.73,103.62,2.11,0.659,78.0,78.0,72.0,108.0,108.0,0.0,0.5,2.11,71.86,-2.27,4.38,77.54,75.72,71.7,108.12,105.62,2.5,0.687,78.0,78.0,72.0,108.0,108.0,0.0,0.5,2.5,71.85,0.12,2.38,76.7,75.24,71.68,106.97,104.97,2.0,0.644,78.0,78.0,72.0,108.0,108.0,0.0,0.5,2.0,71.84,-1.03,3.03,76.36,75.35,71.71,106.46,105.08,1.38,0.619,78.0,78.0,72.0,108.0,108.0,0.0,0.5,1.38,71.86,-1.54,2.92,75.45,75.46,71.7,105.2,105.23,-0.03,0.595,78.0,78.0,72.0,108.0,108.0,0.0,0.5,-0.03,71.85,-2.8,2.77,1,0,-1,1,0,0,1
BBL,2022-2023,Round 13,2023-01-08,FC Bayern München,ALBA Berlin,79,80,74.0,106.8,108.1,108.1,106.8,3,14,-11,1,79,80,0,ALBA Berlin,1.0,84.0,68.0,71.5,117.5,95.1,22.4,1.0,77.0,79.0,71.5,107.7,110.5,-2.8,0.0,25.2,71.5,7.0,12.6,81.61,66.81,71.62,113.96,93.27,20.69,1.0,77.15,77.98,71.48,107.94,109.1,-1.16,0.073,21.85,71.55,4.86,14.67,79.53,68.06,71.28,111.56,95.52,16.03,1.0,76.18,78.66,71.54,106.51,109.95,-3.44,0.069,19.47,71.41,1.61,10.98,79.02,71.07,71.32,110.78,99.67,11.1,0.798,75.95,77.75,71.39,106.41,108.86,-2.45,0.11,13.55,71.35,1.92,6.74,79.14,71.99,71.57,110.55,100.58,9.97,0.822,76.29,77.59,71.47,106.75,108.51,-1.77,0.14,11.74,71.52,2.04,6.16,77.86,72.31,71.57,108.77,101.04,7.74,0.735,76.37,77.61,71.51,106.82,108.49,-1.68,0.151,9.42,71.54,0.28,5.78,78.05,72.6,71.66,108.91,101.31,7.6,0.752,76.29,77.55,71.51,106.7,108.4,-1.7,0.15,9.3,71.58,0.51,5.38,79.18,73.76,71.65,110.51,102.94,7.56,0.766,76.29,77.55,71.51,106.69,108.4,-1.72,0.15,9.28,71.58,2.1,3.74,78.47,73.49,71.64,109.52,102.58,6.95,0.731,76.28,77.55,71.51,106.68,108.41,-1.73,0.15,8.67,71.57,1.12,4.1,78.16,73.62,71.66,109.06,102.73,6.33,0.709,76.28,77.55,71.51,106.68,108.41,-1.73,0.15,8.05,71.59,0.65,3.95,0,0,0,0,1,0,0
EuroLeague,2022-2023,Round 18,2023-01-10,FC Bayern München,Cazoo Baskonia Vitoria-Gasteiz,92,79,71.5,128.7,110.5,110.5,128.7,2,14,-12,1,92,79,1,Cazoo Baskonia Vitoria-Gasteiz,1.25,79.0,80.0,74.0,106.8,108.1,-1.3,0.0,78.0,53.0,71.5,109.1,74.1,35.0,1.0,-36.3,72.75,32.7,1.0,81.52,73.95,72.74,112.19,101.55,10.64,0.504,78.0,53.0,71.5,109.1,74.1,35.0,1.0,-24.36,72.12,38.09,7.55,80.64,71.72,72.51,111.3,98.79,12.5,0.628,78.0,53.0,71.5,109.1,74.1,35.0,1.0,-22.5,72.0,37.2,10.31,79.37,71.77,72.12,110.08,99.43,10.65,0.69,78.0,53.0,71.5,109.1,74.1,35.0,1.0,-24.35,71.81,35.98,9.67,79.02,73.43,72.03,109.73,101.9,7.83,0.587,78.0,53.0,71.5,109.1,74.1,35.0,1.0,-27.17,71.76,35.63,7.2,79.1,73.92,72.16,109.65,102.39,7.25,0.624,78.0,53.0,71.5,109.1,74.1,35.0,1.0,-27.75,71.83,35.55,6.71,78.11,74.01,72.1,108.34,102.6,5.74,0.572,78.0,53.0,71.5,109.1,74.1,35.0,1.0,-29.26,71.8,34.24,6.5,78.25,74.16,72.15,108.47,102.74,5.73,0.594,78.0,53.0,71.5,109.1,74.1,35.0,1.0,-29.27,71.82,34.37,6.36,79.15,75.01,72.12,109.76,103.98,5.79,0.613,78.0,53.0,71.5,109.1,74.1,35.0,1.0,-29.21,71.81,35.66,5.12,78.57,74.74,72.09,109.0,103.64,5.36,0.59,78.0,53.0,71.5,109.1,74.1,35.0,1.0,-29.64,71.8,34.9,5.46,1,0,-1,1,0,0,1
EuroLeague,2022-2023,Round 19,2023-01-12,Fenerbahce Beko Istanbul,FC Bayern München,79,71,71.5,110.5,99.3,99.3,110.5,14,2,12,0,71,79,0,Fenerbahce Beko Istanbul,1.25,74.0,62.0,71.5,103.5,86.7,16.8,1.0,92.0,79.0,71.5,128.7,110.5,18.2,1.0,-1.4,71.5,-7.0,42.0,74.35,62.7,71.5,103.99,87.69,16.31,1.0,86.83,79.4,72.49,119.99,109.55,10.45,0.602,5.86,72.0,-5.55,32.31,74.29,62.75,71.5,103.91,87.75,16.16,0.995,86.02,76.12,72.21,119.28,105.39,13.89,0.717,2.28,71.85,-1.48,31.53,74.29,62.75,71.5,103.91,87.75,16.16,0.995,84.74,74.35,72.14,117.57,103.01,14.56,0.762,1.6,71.82,0.89,29.82,74.29,62.75,71.5,103.91,87.75,16.16,0.995,83.41,74.08,71.92,116.04,102.97,13.07,0.789,3.09,71.71,0.94,28.29,74.29,62.75,71.5,103.91,87.75,16.16,0.995,82.73,75.02,71.88,115.15,104.36,10.79,0.705,5.37,71.69,-0.45,27.4,74.29,62.75,71.5,103.91,87.75,16.16,0.995,82.55,75.28,71.98,114.74,104.56,10.18,0.724,5.98,71.74,-0.65,26.99,74.29,62.75,71.5,103.91,87.75,16.16,0.995,81.6,75.26,71.95,113.45,104.58,8.87,0.68,7.29,71.73,-0.67,25.7,74.29,62.75,71.5,103.91,87.75,16.16,0.995,81.58,75.33,71.99,113.36,104.62,8.74,0.692,7.42,71.75,-0.71,25.61,74.29,62.75,71.5,103.91,87.75,16.16,0.995,82.14,75.94,71.97,114.17,105.5,8.68,0.703,7.48,71.74,-1.59,26.43,0,1,1,1,0,0,1
BBL,2022-2023,Round 14,2023-01-15,MHP RIESEN Ludwigsburg,FC Bayern München,96,68,75.2,127.7,90.4,90.4,127.7,14,3,11,0,68,96,0,MHP RIESEN Ludwigsburg,1.0,78.0,79.0,72.0,108.3,109.7,-1.4,0.0,71.0,79.0,71.5,99.3,110.5,-11.2,0.0,9.8,71.75,-2.2,-10.4,77.97,79.19,72.03,108.22,109.92,-1.7,0.0,80.49,79.0,71.5,112.59,110.5,2.09,0.452,-3.79,71.76,-2.28,2.67,77.97,79.23,72.02,108.23,109.99,-1.75,0.0,80.15,79.23,72.07,111.26,109.95,1.31,0.348,-3.07,72.05,-1.72,1.27,77.87,79.28,72.03,108.07,110.05,-1.97,0.0,80.88,77.1,71.97,112.44,107.14,5.3,0.472,-7.27,72.0,0.93,2.39,78.2,79.55,72.1,108.41,110.3,-1.89,0.015,80.56,75.76,71.95,112.01,105.29,6.72,0.53,-8.61,72.02,3.12,1.72,78.15,79.65,72.11,108.33,110.41,-2.09,0.014,79.94,75.45,71.8,111.36,105.07,6.29,0.569,-8.37,71.96,3.25,0.95,78.15,79.64,72.11,108.33,110.41,-2.08,0.015,79.71,76.05,71.78,111.07,105.94,5.13,0.524,-7.21,71.94,2.39,0.67,78.15,79.64,72.11,108.32,110.41,-2.08,0.015,79.72,76.19,71.86,110.96,106.02,4.95,0.547,-7.03,71.99,2.31,0.55,78.15,79.64,72.11,108.33,110.41,-2.08,0.015,79.12,76.14,71.85,110.15,105.96,4.18,0.521,-6.27,71.98,2.36,-0.26,78.15,79.64,72.11,108.33,110.41,-2.08,0.015,79.18,76.16,71.88,110.17,105.95,4.22,0.535,-6.3,71.99,2.38,-0.23,0,0,0,0,1,0,1
EuroLeague,2022-2023,Round 20,2023-01-20,Anadolu Efes Istanbul,FC Bayern München,81,89,71.5,113.3,124.5,124.5,113.3,14,5,9,0,89,81,1,Anadolu Efes Istanbul,1.25,78.0,81.0,71.5,109.1,113.3,-4.2,0.0,68.0,96.0,75.2,90.4,127.7,-37.3,0.0,33.1,73.35,-18.6,-22.9,78.1,80.83,71.5,109.25,113.06,-3.81,0.035,69.51,87.43,73.34,94.88,119.03,-24.15,0.0,20.34,72.42,-9.79,-18.17,78.07,80.84,71.5,109.2,113.07,-3.88,0.034,76.11,84.96,72.8,104.81,116.53,-11.71,0.294,7.84,72.15,-7.33,-8.26,78.07,80.84,71.5,109.2,113.07,-3.88,0.034,76.58,84.15,72.99,105.14,115.16,-10.02,0.246,6.15,72.25,-5.96,-7.94,78.07,80.84,71.5,109.2,113.07,-3.88,0.034,77.63,81.87,72.78,106.89,112.32,-5.43,0.353,1.56,72.14,-3.12,-6.19,78.07,80.84,71.5,109.2,113.07,-3.88,0.034,77.66,80.43,72.7,107.03,110.46,-3.42,0.408,-0.45,72.1,-1.26,-6.04,78.07,80.84,71.5,109.2,113.07,-3.88,0.034,77.37,79.89,72.54,106.84,109.95,-3.12,0.446,-0.76,72.02,-0.76,-6.23,78.07,80.84,71.5,109.2,113.07,-3.88,0.034,77.34,80.08,72.47,106.89,110.34,-3.45,0.418,-0.43,71.99,-1.14,-6.18,78.07,80.84,71.5,109.2,113.07,-3.88,0.034,77.45,80.04,72.51,106.97,110.23,-3.26,0.441,-0.62,72.01,-1.03,-6.11,78.07,80.84,71.5,109.2,113.07,-3.88,0.034,77.05,79.85,72.47,106.46,110.02,-3.57,0.424,-0.31,71.99,-0.83,-6.61,0,0,0,1,0,0,0
BBL,2022-2023,Round 15,2023-01-22,FC Bayern München,BG Göttingen,105,74,76.5,137.3,96.7,96.7,137.3,2,14,-12,1,105,74,1,BG Göttingen,1.0,89.0,81.0,71.5,124.5,113.3,11.2,1.0,66.0,80.0,71.1,92.8,112.5,-19.7,0.0,30.9,71.3,12.0,-20.5,80.88,86.8,72.93,111.31,118.87,-7.56,0.613,66.35,80.31,71.19,93.15,112.77,-19.62,0.0,12.06,72.06,-1.46,-25.72,78.09,84.6,72.53,107.92,116.51,-8.59,0.44,66.36,80.32,71.19,93.16,112.79,-19.63,0.0,11.04,71.86,-4.87,-23.35,80.72,83.54,72.33,111.84,115.37,-3.53,0.546,66.36,80.33,71.19,93.15,112.79,-19.64,0.0,16.1,71.76,-0.95,-22.22,80.53,83.15,72.52,111.29,114.57,-3.28,0.485,66.36,80.33,71.19,93.15,112.79,-19.64,0.0,16.35,71.85,-1.5,-21.41,80.88,81.62,72.42,111.91,112.6,-0.69,0.537,66.36,80.33,71.19,93.15,112.79,-19.64,0.0,18.95,71.8,-0.88,-19.45,80.7,80.58,72.38,111.71,111.22,0.49,0.566,66.36,80.33,71.19,93.15,112.79,-19.64,0.0,20.12,71.78,-1.08,-18.06,80.33,80.17,72.27,111.34,110.81,0.53,0.587,66.36,80.33,71.19,93.15,112.79,-19.64,0.0,20.17,71.73,-1.45,-17.65,80.17,80.3,72.24,111.17,111.06,0.11,0.559,66.36,80.33,71.19,93.15,112.79,-19.64,0.0,19.74,71.71,-1.62,-17.9,80.17,80.27,72.27,111.09,110.95,0.14,0.572,66.36,80.33,71.19,93.15,112.79,-19.64,0.0,19.78,71.73,-1.7,-17.8,1,0,-1,0,1,0,1
EuroLeague,2022-2023,Round 21,2023-01-27,FC Bayern München,Virtus Segafredo Bologna,91,84,71.5,127.3,117.5,117.5,127.3,5,14,-9,1,91,84,1,Virtus Segafredo Bologna,1.25,105.0,74.0,76.5,137.3,96.7,40.6,1.0,66.0,63.0,71.5,92.3,88.1,4.2,1.0,36.4,74.0,49.2,-4.4,96.88,77.55,73.96,130.8,105.13,25.67,1.0,66.0,63.0,71.5,92.3,88.1,4.2,1.0,21.47,72.73,42.7,-12.83,89.87,82.03,74.26,121.0,110.6,10.4,0.757,66.0,63.0,71.5,92.3,88.1,4.2,1.0,6.2,72.88,32.9,-18.3,86.14,81.43,73.72,116.71,110.58,6.13,0.608,66.0,63.0,71.5,92.3,88.1,4.2,1.0,1.93,72.61,28.61,-18.28,86.96,81.09,73.41,118.39,110.57,7.82,0.663,66.0,63.0,71.5,92.3,88.1,4.2,1.0,3.62,72.45,30.29,-18.27,86.29,81.0,73.46,117.41,110.36,7.05,0.607,66.0,63.0,71.5,92.3,88.1,4.2,1.0,2.85,72.48,29.31,-18.06,86.11,79.97,73.3,117.42,109.15,8.26,0.638,66.0,63.0,71.5,92.3,88.1,4.2,1.0,4.06,72.4,29.32,-16.85,85.7,79.22,73.23,116.98,108.23,8.75,0.656,66.0,63.0,71.5,92.3,88.1,4.2,1.0,4.55,72.36,28.88,-15.93,85.22,78.95,73.11,116.48,108.01,8.47,0.669,66.0,63.0,71.5,92.3,88.1,4.2,1.0,4.27,72.31,28.38,-15.71,84.9,79.1,73.05,116.15,108.32,7.82,0.643,66.0,63.0,71.5,92.3,88.1,4.2,1.0,3.62,72.27,28.05,-16.02,0,0,0,1,0,0,1
BBL,2022-2023,Round 16,2023-01-29,MLP Academics Heidelberg,FC Bayern München,83,87,73.6,112.8,118.2,118.2,112.8,7,2,5,0,87,83,1,MLP Academics Heidelberg,1.0,78.0,78.0,72.0,108.0,108.0,0.0,0.5,91.0,84.0,71.5,127.3,117.5,9.8,1.0,-9.8,71.75,-9.5,19.3,78.0,78.0,72.0,108.0,108.0,0.0,0.5,96.42,80.13,73.43,131.17,109.45,21.71,1.0,-21.71,72.72,-1.45,23.17,78.0,78.0,72.0,108.0,108.0,0.0,0.5,94.3,80.38,72.88,129.27,110.55,18.72,1.0,-18.72,72.44,-2.55,21.27,78.0,78.0,72.0,108.0,108.0,0.0,0.5,90.29,82.76,73.24,123.34,113.17,10.18,0.848,-10.18,72.62,-5.17,15.34,78.0,78.0,72.0,108.0,108.0,0.0,0.5,87.7,82.26,73.0,120.12,112.81,7.31,0.734,-7.31,72.5,-4.81,12.12,78.0,78.0,72.0,108.0,108.0,0.0,0.5,88.13,81.93,72.85,120.97,112.58,8.39,0.76,-8.39,72.43,-4.58,12.97,78.0,78.0,72.0,108.0,108.0,0.0,0.5,87.57,81.81,72.92,120.1,112.3,7.8,0.714,-7.8,72.46,-4.3,12.1,78.0,78.0,72.0,108.0,108.0,0.0,0.5,87.36,81.0,72.84,119.95,111.29,8.66,0.73,-8.66,72.42,-3.29,11.95,78.0,78.0,72.0,108.0,108.0,0.0,0.5,87.01,80.4,72.8,119.52,110.51,9.01,0.74,-9.01,72.4,-2.51,11.52,78.0,78.0,72.0,108.0,108.0,0.0,0.5,86.6,80.16,72.73,119.07,110.28,8.79,0.748,-8.79,72.36,-2.28,11.07,0,1,1,0,1,0,0
EuroLeague,2022-2023,Round 22,2023-01-31,Valencia Basket,FC Bayern München,82,73,71.5,114.7,102.1,102.1,114.7,14,2,12,0,73,82,0,Valencia Basket,1.25,92.0,97.0,71.5,128.7,135.7,-7.0,0.0,87.0,83.0,73.6,118.2,112.8,5.4,1.0,-12.4,72.55,15.9,-17.5,92.0,97.0,71.5,128.7,135.7,-7.0,0.0,89.03,83.51,72.53,122.82,115.19,7.63,1.0,-14.63,72.02,13.51,-12.88,92.0,97.0,71.5,128.7,135.7,-7.0,0.0,92.9,81.2,73.5,126.33,110.7,15.63,1.0,-22.63,72.5,18.0,-9.37,92.0,97.0,71.5,128.7,135.7,-7.0,0.0,92.12,81.16,73.1,125.97,111.22,14.74,1.0,-21.74,72.3,17.48,-9.73,92.0,97.0,71.5,128.7,135.7,-7.0,0.0,89.42,82.82,73.33,121.98,113.07,8.91,0.888,-15.91,72.42,15.63,-13.72,92.0,97.0,71.5,128.7,135.7,-7.0,0.0,87.54,82.43,73.15,119.66,112.81,6.86,0.797,-13.85,72.32,15.89,-16.04,92.0,97.0,71.5,128.7,135.7,-7.0,0.0,87.88,82.17,73.02,120.36,112.63,7.74,0.813,-14.74,72.26,16.07,-15.33,92.0,97.0,71.5,128.7,135.7,-7.0,0.0,87.45,82.06,73.07,119.7,112.41,7.3,0.773,-14.3,72.28,16.29,-16.0,92.0,97.0,71.5,128.7,135.7,-7.0,0.0,87.29,81.4,72.99,119.6,111.59,8.01,0.784,-15.01,72.25,17.11,-16.1,92.0,97.0,71.5,128.7,135.7,-7.0,0.0,87.01,80.9,72.96,119.27,110.95,8.32,0.791,-15.31,72.23,17.75,-16.43,0,1,1,1,0,0,1
EuroLeague,2022-2023,Round 23,2023-02-02,FC Barcelona,FC Bayern München,72,70,71.5,100.7,97.9,97.9,100.7,14,2,12,0,70,72,0,FC Barcelona,1.25,84.0,73.0,71.5,117.5,102.1,15.4,1.0,73.0,82.0,71.5,102.1,114.7,-12.6,0.0,28.0,71.5,2.8,0.0,83.81,72.94,71.5,117.23,102.01,15.22,1.0,78.57,82.4,72.33,108.5,113.94,-5.44,0.398,20.66,71.92,3.29,6.49,82.26,72.26,71.5,115.06,101.06,14.0,0.951,82.18,82.86,72.09,113.97,114.98,-1.01,0.573,15.01,71.8,0.08,12.91,81.98,72.01,71.5,114.67,100.72,13.95,0.953,85.72,81.49,72.78,117.58,112.15,5.44,0.639,8.51,72.14,2.52,16.86,81.77,72.54,71.5,114.38,101.45,12.93,0.925,86.17,81.42,72.6,118.54,112.3,6.23,0.689,6.7,72.05,2.08,17.08,81.66,72.41,71.5,114.23,101.27,12.95,0.927,84.72,82.59,72.81,116.29,113.54,2.75,0.634,10.2,72.15,0.69,15.01,81.59,72.37,71.5,114.13,101.22,12.92,0.928,83.69,82.32,72.71,115.01,113.31,1.7,0.586,11.21,72.1,0.83,13.79,81.59,72.37,71.5,114.13,101.22,12.91,0.928,84.17,82.12,72.64,115.81,113.14,2.66,0.61,10.25,72.07,0.99,14.59,81.59,72.37,71.5,114.13,101.22,12.91,0.928,83.98,82.05,72.69,115.47,112.96,2.52,0.588,10.4,72.09,1.17,14.26,81.59,72.37,71.5,114.13,101.22,12.91,0.928,83.98,81.54,72.65,115.55,112.31,3.24,0.603,9.67,72.07,1.82,14.33,0,1,1,1,0,0,1
BBL,2022-2023,Round 17,2023-02-05,FC Bayern München,SYNTAINICS MBC,87,66,72.1,120.7,91.5,91.5,120.7,3,14,-11,1,87,66,1,SYNTAINICS MBC,1.0,70.0,72.0,71.5,97.9,100.7,-2.8,0.0,74.0,85.0,73.0,101.4,116.4,-15.0,0.0,12.2,72.25,-18.5,0.7,71.36,76.52,71.5,99.8,107.03,-7.23,0.0,74.06,85.07,73.01,101.46,116.47,-15.01,0.0,7.78,72.26,-16.67,-5.57,74.95,78.01,71.98,104.03,108.35,-4.33,0.23,74.06,85.07,73.01,101.46,116.47,-15.01,0.0,10.68,72.5,-12.44,-6.89,78.02,79.16,71.89,108.48,110.11,-1.62,0.377,74.06,85.07,73.01,101.46,116.47,-15.01,0.0,13.38,72.45,-7.98,-8.64,80.93,78.6,72.39,111.59,108.66,2.93,0.444,74.06,85.07,73.01,101.46,116.47,-15.01,0.0,17.94,72.7,-4.88,-7.2,81.74,78.84,72.3,112.88,109.12,3.76,0.5,74.06,85.07,73.01,101.46,116.47,-15.01,0.0,18.76,72.66,-3.59,-7.66,80.92,79.86,72.47,111.55,110.23,1.32,0.47,74.06,85.07,73.01,101.46,116.47,-15.01,0.0,16.33,72.74,-4.92,-8.77,80.36,79.81,72.42,110.85,110.24,0.61,0.444,74.06,85.07,73.01,101.46,116.47,-15.01,0.0,15.61,72.71,-5.62,-8.78,80.88,79.77,72.37,111.65,110.25,1.4,0.468,74.06,85.07,73.01,101.46,116.47,-15.01,0.0,16.4,72.69,-4.82,-8.79,80.83,79.78,72.42,111.51,110.19,1.32,0.455,74.06,85.07,73.01,101.46,116.47,-15.01,0.0,16.32,72.72,-4.96,-8.73,0,0,0,0,1,0,1
EuroLeague,2022-2023,Round 24,2023-02-09,FC Bayern München,Partizan Mozzart Bet Belgrade,71,82,71.5,99.3,114.7,114.7,99.3,4,14,-10,1,71,82,0,Partizan Mozzart Bet Belgrade,1.25,87.0,66.0,72.1,120.7,91.5,29.2,1.0,83.0,77.0,71.5,116.1,107.7,8.4,1.0,20.8,71.8,13.0,24.6,78.43,69.02,71.8,109.21,96.14,13.08,0.496,83.0,77.0,71.5,116.1,107.7,8.4,1.0,4.68,71.65,1.51,19.96,76.84,72.83,71.71,107.12,101.59,5.54,0.35,83.0,77.0,71.5,116.1,107.7,8.4,1.0,-2.86,71.61,-0.58,14.51,78.49,74.48,72.02,108.92,103.41,5.51,0.456,83.0,77.0,71.5,116.1,107.7,8.4,1.0,-2.89,71.76,1.22,12.69,80.28,75.85,71.94,111.56,105.43,6.13,0.534,83.0,77.0,71.5,116.1,107.7,8.4,1.0,-2.27,71.72,3.86,10.67,82.33,75.69,72.32,113.69,104.7,8.99,0.573,83.0,77.0,71.5,116.1,107.7,8.4,1.0,0.59,71.91,5.99,11.4,82.86,76.11,72.26,114.54,105.38,9.16,0.606,83.0,77.0,71.5,116.1,107.7,8.4,1.0,0.76,71.88,6.84,10.72,82.15,77.05,72.4,113.4,106.44,6.96,0.578,83.0,77.0,71.5,116.1,107.7,8.4,1.0,-1.44,71.95,5.7,9.66,81.64,77.14,72.35,112.75,106.62,6.13,0.551,83.0,77.0,71.5,116.1,107.7,8.4,1.0,-2.27,71.93,5.05,9.48,82.02,77.21,72.32,113.33,106.77,6.57,0.567,83.0,77.0,71.5,116.1,107.7,8.4,1.0,-1.83,71.91,5.63,9.33,0,0,0,1,0,0,0
BBL,2022-2023,Round 18,2023-02-12,ratiopharm ulm,FC Bayern München,77,64,71.5,107.7,89.5,89.5,107.7,14,3,11,0,64,77,0,ratiopharm ulm,1.0,80.0,87.0,74.5,107.4,116.8,-9.4,0.0,71.0,82.0,71.5,99.3,114.7,-15.4,0.0,6.0,73.0,-7.3,-17.5,79.86,86.76,74.43,107.31,116.58,-9.28,0.0,77.25,75.75,71.73,107.65,105.64,2.01,0.39,-11.29,73.08,1.66,-8.93,79.87,86.75,74.43,107.33,116.57,-9.24,0.003,75.19,74.69,71.67,104.88,104.24,0.65,0.28,-9.89,73.05,3.09,-11.68,79.88,86.76,74.43,107.33,116.57,-9.24,0.003,74.77,76.08,71.64,104.36,106.22,-1.87,0.226,-7.37,73.03,1.11,-12.22,79.88,86.76,74.43,107.33,116.57,-9.24,0.003,76.13,76.85,71.85,105.9,106.96,-1.06,0.313,-8.18,73.14,0.38,-10.67,79.88,86.76,74.43,107.33,116.57,-9.24,0.003,77.66,77.58,71.82,108.1,108.04,0.06,0.383,-9.3,73.12,-0.71,-8.47,79.88,86.76,74.43,107.33,116.57,-9.24,0.003,79.33,77.36,72.1,109.88,107.35,2.53,0.421,-11.77,73.27,-0.02,-6.69,79.88,86.76,74.43,107.33,116.57,-9.24,0.003,79.9,77.58,72.07,110.75,107.7,3.04,0.455,-12.28,73.25,-0.37,-5.83,79.88,86.76,74.43,107.33,116.57,-9.24,0.003,79.48,78.24,72.18,110.01,108.42,1.59,0.439,-10.83,73.31,-1.09,-6.56,79.88,86.76,74.43,107.33,116.57,-9.24,0.003,79.18,78.27,72.16,109.64,108.49,1.14,0.423,-10.38,73.29,-1.16,-6.94,0,0,0,0,1,0,1
BBL-Pokal,2022-2023,Semifinal,2023-02-18,FC Bayern München,ALBA Berlin,83,77,73.8,112.5,104.3,104.3,112.5,6,14,-8,1,83,77,1,ALBA Berlin,1.05,64.0,77.0,71.5,89.5,107.7,-18.2,0.0,80.0,79.0,74.0,108.1,106.8,1.3,1.0,-19.5,72.75,-17.3,0.4,67.53,79.52,71.5,94.44,111.23,-16.79,0.0,79.09,79.0,73.24,107.98,107.93,0.05,0.695,-16.84,72.37,-13.49,-3.25,72.28,76.22,71.65,100.85,106.41,-5.57,0.244,79.08,78.67,73.19,108.05,107.54,0.51,0.702,-6.08,72.42,-6.69,1.63,71.83,75.38,71.62,100.26,105.28,-5.02,0.196,78.72,78.89,73.18,107.57,107.85,-0.28,0.689,-4.74,72.4,-7.59,2.29,71.99,76.31,71.6,100.52,106.61,-6.09,0.168,78.61,78.57,73.1,107.52,107.51,0.01,0.694,-6.1,72.35,-6.99,0.91,73.27,76.88,71.77,102.02,107.13,-5.11,0.239,78.69,78.5,73.11,107.62,107.4,0.22,0.697,-5.33,72.44,-5.38,0.49,74.7,77.46,71.75,104.06,107.97,-3.91,0.3,78.71,78.51,73.12,107.64,107.4,0.24,0.699,-4.15,72.43,-3.34,-0.32,76.16,77.29,71.98,105.67,107.42,-1.76,0.334,78.68,78.48,73.11,107.6,107.37,0.23,0.698,-1.99,72.55,-1.7,0.18,76.77,77.47,71.96,106.56,107.7,-1.14,0.366,78.68,78.48,73.11,107.6,107.37,0.23,0.697,-1.37,72.53,-0.81,-0.1,76.52,78.0,72.05,106.09,108.28,-2.19,0.355,78.68,78.48,73.11,107.59,107.37,0.22,0.697,-2.41,72.58,-1.28,-0.69,0,0,0,0,0,1,1
BBL-Pokal,2022-2023,Final,2023-02-19,EWE Baskets Oldenburg,FC Bayern München,78,90,74.5,104.7,120.8,120.8,104.7,14,1,13,0,90,78,1,EWE Baskets Oldenburg,1.05,77.0,81.0,73.0,105.5,111.0,-5.5,0.0,83.0,77.0,73.8,112.5,104.3,8.2,1.0,-13.7,73.4,1.2,1.5,77.68,80.86,73.09,106.25,110.68,-4.43,0.023,74.92,77.0,72.82,102.72,105.75,-3.03,0.575,-1.4,72.96,0.51,-7.96,77.68,80.9,73.1,106.26,110.72,-4.47,0.023,73.74,78.51,72.42,101.69,108.45,-6.76,0.401,2.29,72.76,-2.19,-9.04,77.69,80.9,73.1,106.26,110.72,-4.47,0.023,75.89,76.48,72.37,104.77,105.7,-0.94,0.498,-3.53,72.73,0.55,-5.96,77.69,80.9,73.1,106.26,110.72,-4.47,0.023,75.05,75.85,72.25,103.8,105.0,-1.2,0.428,-3.27,72.67,1.26,-6.93,77.69,80.9,73.1,106.26,110.72,-4.47,0.023,74.84,76.49,72.17,103.62,106.01,-2.39,0.383,-2.08,72.63,0.25,-7.11,77.69,80.9,73.1,106.26,110.72,-4.47,0.023,75.62,76.91,72.26,104.56,106.45,-1.89,0.423,-2.58,72.68,-0.19,-6.17,77.69,80.9,73.1,106.26,110.72,-4.47,0.023,76.58,77.35,72.21,105.98,107.13,-1.16,0.459,-3.31,72.66,-0.88,-4.75,77.69,80.9,73.1,106.26,110.72,-4.47,0.023,77.66,77.23,72.38,107.16,106.74,0.42,0.479,-4.89,72.74,-0.48,-3.57,77.69,80.9,73.1,106.26,110.72,-4.47,0.023,78.08,77.37,72.34,107.81,106.99,0.82,0.499,-5.29,72.72,-0.73,-2.91,0,1,1,0,0,1,0
EuroLeague,2022-2023,Round 25,2023-02-23,Maccabi Playtika Tel Aviv,FC Bayern München,90,82,71.5,125.9,114.7,114.7,125.9,14,4,10,0,82,90,0,Maccabi Playtika Tel Aviv,1.25,89.0,98.0,71.5,124.5,137.1,-12.6,0.0,90.0,78.0,74.5,120.8,104.7,16.1,1.0,-28.7,73.0,19.8,-16.3,88.66,97.75,71.5,124.03,136.74,-12.71,0.0,86.81,77.54,74.18,117.02,104.52,12.5,1.0,-25.21,72.84,19.51,-19.73,88.64,97.71,71.5,124.0,136.7,-12.7,0.001,81.06,77.41,73.5,110.08,105.32,4.76,0.748,-17.46,72.5,18.68,-26.62,88.64,97.71,71.5,124.0,136.69,-12.7,0.001,79.01,78.34,73.1,107.88,107.23,0.65,0.595,-13.35,72.3,16.76,-28.81,88.64,97.71,71.5,124.0,136.69,-12.7,0.001,79.93,76.92,72.98,109.36,105.42,3.95,0.642,-16.64,72.24,18.58,-27.33,88.64,97.71,71.5,124.0,136.69,-12.7,0.001,78.89,76.4,72.83,108.16,104.92,3.24,0.575,-15.94,72.16,19.08,-28.54,88.64,97.71,71.5,124.0,136.69,-12.7,0.001,78.42,76.85,72.72,107.68,105.7,1.98,0.529,-14.67,72.11,18.3,-29.02,88.64,97.71,71.5,124.0,136.69,-12.7,0.001,78.85,77.16,72.76,108.2,106.05,2.15,0.552,-14.84,72.13,17.94,-28.49,88.64,97.71,71.5,124.0,136.69,-12.7,0.001,79.44,77.49,72.7,109.14,106.62,2.52,0.574,-15.22,72.1,17.38,-27.56,88.64,97.71,71.5,124.0,136.69,-12.7,0.001,80.21,77.39,72.82,109.98,106.32,3.66,0.587,-16.36,72.16,17.68,-26.71,0,0,0,1,0,0,1
EuroLeague,2022-2023,Round 26,2023-03-02,FC Bayern München,Crvena Zvezda Meridianbet Belgrade,87,80,71.5,121.7,111.9,111.9,121.7,7,14,-7,1,87,80,1,Crvena Zvezda Meridianbet Belgrade,1.25,82.0,90.0,71.5,114.7,125.9,-11.2,0.0,78.0,72.0,71.5,109.1,100.7,8.4,1.0,-19.6,71.5,14.0,-16.8,85.22,85.18,72.71,117.15,117.38,-0.22,0.402,78.0,72.0,71.5,109.1,100.7,8.4,1.0,-8.62,72.1,16.45,-8.28,84.66,83.12,72.98,115.98,114.08,1.9,0.553,78.0,72.0,71.5,109.1,100.7,8.4,1.0,-6.5,72.24,15.28,-4.98,81.41,82.16,72.75,111.82,113.08,-1.26,0.466,78.0,72.0,71.5,109.1,100.7,8.4,1.0,-9.66,72.12,11.12,-3.98,79.98,82.13,72.58,110.1,113.3,-3.2,0.402,78.0,72.0,71.5,109.1,100.7,8.4,1.0,-11.6,72.04,9.4,-4.2,80.55,80.83,72.54,110.96,111.54,-0.58,0.45,78.0,72.0,71.5,109.1,100.7,8.4,1.0,-8.98,72.02,10.26,-2.44,79.75,80.16,72.46,109.96,110.71,-0.75,0.416,78.0,72.0,71.5,109.1,100.7,8.4,1.0,-9.15,71.98,9.26,-1.61,79.35,80.27,72.4,109.5,110.95,-1.45,0.391,78.0,72.0,71.5,109.1,100.7,8.4,1.0,-9.85,71.95,8.8,-1.85,79.64,80.37,72.45,109.83,111.02,-1.19,0.414,78.0,72.0,71.5,109.1,100.7,8.4,1.0,-9.59,71.97,9.13,-1.92,80.06,80.5,72.41,110.48,111.26,-0.78,0.436,78.0,72.0,71.5,109.1,100.7,8.4,1.0,-9.18,71.96,9.78,-2.16,0,0,0,1,0,0,1
BBL,2022-2023,Round 19,2023-03-05,FC Bayern München,SKYLINERS Frankfurt,87,76,71.0,122.5,107.0,107.0,122.5,3,14,-11,1,87,76,1,SKYLINERS Frankfurt,1.0,87.0,80.0,71.5,121.7,111.9,9.8,1.0,74.0,83.0,71.0,104.2,116.9,-12.7,0.0,22.5,71.25,4.8,-7.7,84.83,84.34,71.5,118.67,117.97,0.7,0.566,73.6,82.79,70.93,103.71,116.71,-12.99,0.0,13.69,71.22,1.96,-14.26,86.0,82.91,72.18,119.15,114.97,4.17,0.664,73.6,82.79,70.93,103.71,116.7,-13.0,0.0,17.17,71.56,2.44,-11.27,85.52,81.97,72.44,118.09,113.28,4.81,0.718,73.6,82.79,70.93,103.71,116.7,-13.0,0.0,17.81,71.68,1.39,-9.57,83.26,81.44,72.34,115.08,112.69,2.39,0.642,73.6,82.79,70.93,103.71,116.7,-13.0,0.0,15.39,71.63,-1.62,-8.98,82.07,81.5,72.26,113.56,112.88,0.67,0.58,73.6,82.79,70.93,103.71,116.7,-13.0,0.0,13.67,71.59,-3.15,-9.18,82.36,80.6,72.25,113.97,111.64,2.33,0.605,73.6,82.79,70.93,103.71,116.7,-13.0,0.0,15.33,71.59,-2.73,-7.93,81.67,80.12,72.21,113.08,111.03,2.05,0.571,73.6,82.79,70.93,103.71,116.7,-13.0,0.0,15.05,71.57,-3.63,-7.32,81.29,80.2,72.17,112.59,111.19,1.4,0.546,73.6,82.79,70.93,103.71,116.7,-13.0,0.0,14.4,71.55,-4.11,-7.48,81.45,80.28,72.21,112.75,111.24,1.52,0.559,73.6,82.79,70.93,103.71,116.7,-13.0,0.0,14.51,71.57,-3.95,-7.53,0,0,0,0,1,0,1
EuroLeague,2022-2023,Round 27,2023-03-07,FC Bayern München,LDLC ASVEL Villeurbanne,76,72,71.5,106.3,100.7,100.7,106.3,2,14,-12,1,76,72,1,LDLC ASVEL Villeurbanne,1.25,87.0,76.0,71.0,122.5,107.0,15.5,1.0,74.0,75.0,71.5,103.5,104.9,-1.4,0.0,16.9,71.25,17.6,-3.5,87.0,78.02,71.25,122.1,109.47,12.63,1.0,73.95,75.02,71.5,103.42,104.93,-1.5,0.0,14.13,71.38,17.17,-6.05,85.61,81.35,71.32,120.04,114.04,6.0,0.722,73.91,75.01,71.5,103.38,104.92,-1.53,0.0,7.53,71.41,15.12,-10.66,86.3,80.82,71.82,120.16,112.57,7.59,0.766,73.92,75.01,71.5,103.38,104.92,-1.53,0.0,9.12,71.66,15.24,-9.19,85.92,80.38,72.05,119.27,111.61,7.66,0.793,73.92,75.01,71.5,103.38,104.92,-1.53,0.0,9.19,71.78,14.35,-8.22,84.18,80.11,72.01,116.9,111.29,5.61,0.73,73.92,75.01,71.5,103.38,104.92,-1.53,0.0,7.14,71.75,11.99,-7.91,83.19,80.25,71.97,115.59,111.55,4.04,0.675,73.92,75.01,71.5,103.38,104.92,-1.53,0.0,5.57,71.74,10.67,-8.17,83.37,79.6,71.98,115.82,110.63,5.19,0.69,73.92,75.01,71.5,103.38,104.92,-1.53,0.0,6.72,71.74,10.9,-7.25,82.77,79.26,71.96,115.03,110.19,4.83,0.66,73.92,75.01,71.5,103.38,104.92,-1.53,0.0,6.37,71.73,10.11,-6.81,82.43,79.36,71.94,114.57,110.35,4.22,0.636,73.92,75.01,71.5,103.38,104.92,-1.53,0.0,5.75,71.72,9.66,-6.97,1,0,-1,1,0,0,1
EuroLeague,2022-2023,Round 28,2023-03-09,Olympiacos Piraeus,FC Bayern München,102,74,71.5,142.7,103.5,103.5,142.7,14,2,12,0,74,102,0,Olympiacos Piraeus,1.25,82.0,71.0,71.5,114.7,99.3,15.4,1.0,76.0,72.0,71.5,106.3,100.7,5.6,1.0,9.8,71.5,14.0,7.0,82.28,71.3,71.5,115.09,99.71,15.38,1.0,80.37,73.59,71.3,112.74,103.2,9.54,1.0,5.84,71.4,11.89,13.03,82.28,71.25,71.5,115.09,99.64,15.45,1.0,82.28,75.43,71.36,115.32,105.71,9.61,1.0,5.84,71.43,9.39,15.67,82.28,71.25,71.5,115.09,99.64,15.45,1.0,82.23,78.06,71.38,115.21,109.35,5.86,0.82,9.59,71.44,5.75,15.56,82.28,71.25,71.5,115.09,99.64,15.45,1.0,83.07,78.06,71.72,115.81,108.85,6.97,0.839,8.49,71.61,6.25,16.17,82.28,71.25,71.5,115.09,99.64,15.45,1.0,83.06,77.97,71.89,115.54,108.47,7.07,0.852,8.38,71.7,6.63,15.89,82.28,71.25,71.5,115.09,99.64,15.45,1.0,81.96,77.91,71.87,114.03,108.42,5.6,0.803,9.85,71.69,6.67,14.39,82.28,71.25,71.5,115.09,99.64,15.45,1.0,81.35,78.14,71.85,113.21,108.77,4.44,0.759,11.01,71.68,6.32,13.57,82.28,71.25,71.5,115.09,99.64,15.45,1.0,81.55,77.72,71.86,113.47,108.18,5.29,0.767,10.16,71.68,6.92,13.82,82.28,71.25,71.5,115.09,99.64,15.45,1.0,81.16,77.53,71.85,112.94,107.93,5.02,0.741,10.44,71.67,7.17,13.3,0,1,1,1,0,0,1
BBL,2022-2023,Round 20,2023-03-12,Hamburg Towers,FC Bayern München,81,70,72.8,111.3,96.2,96.2,111.3,14,3,11,0,70,81,0,Hamburg Towers,1.0,67.0,81.0,70.8,94.6,114.4,-19.8,0.0,74.0,102.0,71.5,103.5,142.7,-39.2,0.0,19.4,71.15,-48.1,-10.9,67.25,81.16,70.88,94.84,114.49,-19.65,0.0,74.9,88.44,71.5,104.77,123.72,-18.95,0.452,-0.7,71.19,-28.87,-9.72,67.32,81.16,70.9,94.91,114.47,-19.57,0.003,77.68,85.58,71.39,108.84,119.87,-11.03,0.578,-8.53,71.14,-24.97,-5.63,67.32,81.16,70.9,94.91,114.47,-19.57,0.003,79.45,84.53,71.41,111.27,118.37,-7.09,0.658,-12.47,71.15,-23.46,-3.2,67.32,81.16,70.9,94.91,114.47,-19.57,0.003,79.77,85.22,71.42,111.71,119.32,-7.61,0.575,-11.95,71.16,-24.41,-2.77,67.32,81.16,70.9,94.91,114.47,-19.57,0.003,80.57,84.65,71.66,112.42,118.17,-5.75,0.608,-13.81,71.28,-23.26,-2.05,67.32,81.16,70.9,94.91,114.47,-19.57,0.003,80.72,84.18,71.79,112.42,117.32,-4.89,0.632,-14.67,71.34,-22.41,-2.05,67.32,81.16,70.9,94.91,114.47,-19.57,0.003,79.99,83.87,71.78,111.43,116.9,-5.47,0.605,-14.09,71.34,-21.99,-3.05,67.32,81.16,70.9,94.91,114.47,-19.57,0.003,79.61,83.79,71.77,110.91,116.81,-5.89,0.579,-13.67,71.33,-21.9,-3.56,67.32,81.16,70.9,94.91,114.47,-19.57,0.003,79.81,83.32,71.78,111.17,116.14,-4.97,0.59,-14.6,71.34,-21.23,-3.3,0,0,0,0,1,0,1
EuroLeague,2022-2023,Round 29,2023-03-17,FC Bayern München,ALBA Berlin,75,76,71.5,104.9,106.3,106.3,104.9,5,14,-9,1,75,76,0,ALBA Berlin,1.25,70.0,81.0,72.8,96.2,111.3,-15.1,0.0,77.0,83.0,73.8,104.3,112.5,-8.2,0.0,-6.9,73.3,-16.3,-7.0,72.02,91.58,72.14,99.88,127.12,-27.24,0.0,77.91,81.78,73.86,105.46,110.76,-5.31,0.304,-21.94,73.0,-10.89,-21.67,73.19,85.83,71.96,101.76,119.36,-17.6,0.294,77.81,81.45,73.58,105.72,110.73,-5.01,0.269,-12.59,72.77,-8.97,-13.64,75.43,84.24,71.8,105.13,117.36,-12.23,0.408,77.82,81.3,73.56,105.77,110.56,-4.79,0.275,-7.44,72.68,-5.43,-11.59,77.07,83.64,71.76,107.47,116.59,-9.11,0.492,77.68,81.37,73.55,105.6,110.66,-5.06,0.273,-4.05,72.66,-3.18,-10.99,77.55,84.26,71.73,108.18,117.5,-9.31,0.444,77.64,81.23,73.52,105.59,110.5,-4.91,0.278,-4.4,72.63,-2.32,-11.91,78.32,83.87,71.9,108.96,116.71,-7.75,0.478,77.68,81.19,73.52,105.64,110.45,-4.81,0.281,-2.94,72.71,-1.49,-11.07,78.55,83.54,72.0,109.13,116.1,-6.96,0.504,77.69,81.18,73.52,105.65,110.44,-4.79,0.282,-2.18,72.76,-1.31,-10.45,78.04,83.31,71.98,108.44,115.8,-7.36,0.486,77.68,81.17,73.52,105.64,110.42,-4.79,0.282,-2.57,72.75,-1.98,-10.17,77.79,83.26,71.96,108.13,115.77,-7.63,0.469,77.68,81.17,73.52,105.63,110.42,-4.79,0.282,-2.84,72.74,-2.29,-10.13,0,0,0,1,0,0,0
BBL,2022-2023,Round 21,2023-03-19,FC Bayern München,HAKRO Merlins Crailsheim,82,77,72.0,113.9,106.9,106.9,113.9,2,14,-12,1,82,77,1,HAKRO Merlins Crailsheim,1.0,75.0,76.0,71.5,104.9,106.3,-1.4,0.0,69.0,78.0,71.5,96.5,109.1,-12.6,0.0,11.2,71.5,-4.2,-9.8,73.07,77.93,72.0,101.53,108.23,-6.7,0.0,68.74,78.79,71.53,96.1,110.16,-14.05,0.0,7.36,71.76,-8.62,-12.13,73.33,84.72,71.86,102.09,117.96,-15.87,0.0,68.79,78.72,71.53,96.17,110.04,-13.88,0.007,-1.99,71.7,-7.95,-21.79,73.83,82.32,71.79,102.88,114.7,-11.82,0.189,68.85,78.72,71.54,96.23,110.04,-13.81,0.01,1.99,71.67,-7.15,-18.47,75.29,81.62,71.71,105.06,113.85,-8.79,0.279,68.85,78.72,71.54,96.23,110.04,-13.81,0.01,5.02,71.62,-4.98,-17.62,76.48,81.46,71.68,106.74,113.65,-6.91,0.352,68.85,78.72,71.54,96.23,110.04,-13.81,0.01,6.9,71.61,-3.3,-17.42,76.87,82.07,71.67,107.31,114.53,-7.22,0.326,68.85,78.72,71.54,96.23,110.04,-13.81,0.01,6.59,71.61,-2.73,-18.3,77.48,81.88,71.8,107.93,114.08,-6.14,0.357,68.85,78.72,71.54,96.23,110.04,-13.81,0.01,7.67,71.67,-2.11,-17.84,77.68,81.7,71.88,108.1,113.71,-5.61,0.381,68.85,78.72,71.54,96.23,110.04,-13.81,0.01,8.2,71.71,-1.94,-17.48,77.32,81.58,71.87,107.61,113.55,-5.95,0.371,68.85,78.72,71.54,96.23,110.04,-13.81,0.01,7.86,71.7,-2.44,-17.32,1,0,-1,0,1,0,1
EuroLeague,2022-2023,Round 30,2023-03-24,EA7 Emporio Armani Milan,FC Bayern München,99,74,71.5,138.5,103.5,103.5,138.5,14,5,9,0,74,99,0,EA7 Emporio Armani Milan,1.25,83.0,81.0,71.5,116.1,113.3,2.8,1.0,82.0,77.0,72.0,113.9,106.9,7.0,1.0,-4.2,71.75,9.2,0.6,83.0,81.0,71.5,116.1,113.3,2.8,1.0,78.45,76.49,71.75,109.33,106.6,2.74,0.492,0.06,71.62,9.5,-3.97,83.0,81.0,71.5,116.1,113.3,2.8,1.0,76.4,77.59,72.0,106.15,107.74,-1.59,0.373,4.39,71.75,8.36,-7.15,83.0,81.0,71.5,116.1,113.3,2.8,1.0,75.92,82.41,71.9,105.62,114.65,-9.03,0.299,11.83,71.7,1.45,-7.68,83.0,81.0,71.5,116.1,113.3,2.8,1.0,75.93,80.95,71.85,105.72,112.69,-6.98,0.397,9.78,71.67,3.41,-7.58,83.0,81.0,71.5,116.1,113.3,2.8,1.0,76.87,80.53,71.77,107.14,112.21,-5.07,0.448,7.87,71.64,3.89,-6.16,83.0,81.0,71.5,116.1,113.3,2.8,1.0,77.67,80.49,71.75,108.29,112.19,-3.89,0.492,6.69,71.63,3.91,-5.01,83.0,81.0,71.5,116.1,113.3,2.8,1.0,77.92,81.03,71.74,108.66,112.97,-4.31,0.464,7.11,71.62,3.13,-4.64,83.0,81.0,71.5,116.1,113.3,2.8,1.0,78.37,80.92,71.84,109.11,112.66,-3.56,0.484,6.36,71.67,3.44,-4.19,83.0,81.0,71.5,116.1,113.3,2.8,1.0,78.51,80.8,71.9,109.21,112.41,-3.2,0.499,6.0,71.7,3.69,-4.09,0,0,0,1,0,0,1
BBL,2022-2023,Round 22,2023-03-26,NINERS Chemnitz,FC Bayern München,58,79,70.0,82.9,112.9,112.9,82.9,14,2,12,0,79,58,1,NINERS Chemnitz,1.0,74.0,88.0,73.2,101.1,120.2,-19.1,0.0,74.0,99.0,71.5,103.5,138.5,-35.0,0.0,15.9,72.35,-37.4,-16.7,74.37,87.94,73.19,101.63,120.14,-18.51,0.0,77.09,90.49,71.69,107.52,126.28,-18.75,0.387,0.24,72.44,-24.65,-12.61,74.5,87.8,73.15,101.86,120.01,-18.15,0.0,76.5,86.36,71.64,106.78,120.58,-13.81,0.277,-4.34,72.39,-18.72,-13.23,73.68,87.38,72.99,100.9,119.68,-18.78,0.0,75.51,85.54,71.82,105.16,119.17,-14.0,0.234,-4.78,72.4,-18.26,-14.52,73.73,86.93,72.96,101.02,119.1,-18.08,0.015,75.3,87.75,71.77,104.94,122.32,-17.38,0.203,-0.7,72.37,-21.3,-14.16,73.73,86.93,72.96,101.02,119.11,-18.09,0.015,75.37,86.18,71.75,105.08,120.17,-15.09,0.282,-2.99,72.35,-19.15,-14.03,73.73,86.93,72.96,101.02,119.11,-18.09,0.015,76.09,85.55,71.7,106.15,119.36,-13.21,0.327,-4.88,72.33,-18.34,-12.96,73.73,86.93,72.96,101.02,119.11,-18.09,0.015,76.73,85.22,71.69,107.07,118.92,-11.85,0.366,-6.24,72.32,-17.9,-12.04,73.73,86.93,72.96,101.02,119.11,-18.09,0.015,76.96,85.43,71.68,107.4,119.22,-11.82,0.35,-6.26,72.32,-18.2,-11.71,73.73,86.93,72.96,101.02,119.11,-18.09,0.015,77.33,85.22,71.76,107.77,118.81,-11.03,0.369,-7.05,72.36,-17.79,-11.33,0,1,1,0,1,0,0
EuroLeague,2022-2023,Round 31,2023-03-28,Panathinaikos Athens,FC Bayern München,86,76,71.5,120.3,106.3,106.3,120.3,14,2,12,0,76,86,0,Panathinaikos Athens,1.25,68.0,84.0,71.5,95.1,117.5,-22.4,0.0,79.0,58.0,70.0,112.9,82.9,30.0,1.0,-52.4,70.75,12.2,-4.6,68.0,84.0,71.5,95.1,117.5,-22.4,0.0,76.46,78.81,70.76,108.13,111.13,-3.0,0.492,-19.4,71.13,-16.03,-9.37,68.0,84.0,71.5,95.1,117.5,-22.4,0.0,77.81,78.37,71.06,109.53,110.1,-0.57,0.615,-21.83,71.28,-15.0,-7.97,68.0,84.0,71.5,95.1,117.5,-22.4,0.0,77.24,77.9,71.15,108.6,109.34,-0.74,0.492,-21.66,71.32,-14.24,-8.9,68.0,84.0,71.5,95.1,117.5,-22.4,0.0,76.43,78.25,71.33,107.21,109.56,-2.35,0.437,-20.05,71.42,-14.46,-10.29,68.0,84.0,71.5,95.1,117.5,-22.4,0.0,76.18,80.67,71.35,106.83,112.95,-6.11,0.392,-16.29,71.43,-17.85,-10.67,68.0,84.0,71.5,95.1,117.5,-22.4,0.0,76.17,80.0,71.36,106.79,111.99,-5.2,0.44,-17.2,71.43,-16.89,-10.71,68.0,84.0,71.5,95.1,117.5,-22.4,0.0,76.7,79.8,71.35,107.56,111.75,-4.19,0.467,-18.21,71.42,-16.65,-9.94,68.0,84.0,71.5,95.1,117.5,-22.4,0.0,77.18,79.81,71.35,108.23,111.76,-3.53,0.492,-18.87,71.43,-16.66,-9.27,68.0,84.0,71.5,95.1,117.5,-22.4,0.0,77.35,80.17,71.36,108.45,112.25,-3.8,0.475,-18.6,71.43,-17.15,-9.05,0,1,1,1,0,0,1
EuroLeague,2022-2023,Round 32,2023-03-31,FC Bayern München,AS Monaco,81,84,71.5,113.3,117.5,117.5,113.3,3,14,-11,1,81,84,0,AS Monaco,1.25,76.0,86.0,71.5,106.3,120.3,-14.0,0.0,80.0,79.0,71.5,111.9,110.5,1.4,1.0,-15.4,71.5,-4.2,-8.4,77.19,74.87,70.9,108.92,105.43,3.49,0.398,80.02,78.99,71.5,111.93,110.49,1.44,1.0,2.05,71.2,-1.57,6.5,76.26,81.88,71.08,107.35,115.05,-7.7,0.282,80.06,78.97,71.5,111.98,110.46,1.52,1.0,-9.22,71.29,-3.12,-3.07,77.15,81.13,71.22,108.36,113.78,-5.42,0.393,80.06,78.97,71.5,111.98,110.46,1.52,1.0,-6.94,71.36,-2.1,-1.8,76.86,80.42,71.26,107.89,112.75,-4.87,0.339,80.06,78.97,71.5,111.98,110.46,1.52,1.0,-6.38,71.38,-2.58,-0.77,76.31,80.47,71.38,106.95,112.64,-5.69,0.312,80.06,78.97,71.5,111.98,110.46,1.52,1.0,-7.2,71.44,-3.51,-0.66,76.13,82.08,71.39,106.69,114.89,-8.2,0.289,80.06,78.97,71.5,111.98,110.46,1.52,1.0,-9.72,71.45,-3.77,-2.92,76.13,81.5,71.4,106.67,114.07,-7.4,0.33,80.06,78.97,71.5,111.98,110.46,1.52,1.0,-8.91,71.45,-3.79,-2.09,76.53,81.29,71.38,107.26,113.8,-6.55,0.355,80.06,78.97,71.5,111.98,110.46,1.52,1.0,-8.07,71.44,-3.21,-1.83,76.91,81.25,71.39,107.78,113.74,-5.96,0.378,80.06,78.97,71.5,111.98,110.46,1.52,1.0,-7.47,71.44,-2.68,-1.76,0,0,0,1,0,0,0
BBL,2022-2023,Round 23,2023-04-02,FC Bayern München,Basketball Löwen Braunschweig,97,78,74.2,130.7,105.1,105.1,130.7,2,14,-12,1,97,78,1,Basketball Löwen Braunschweig,1.0,81.0,84.0,71.5,113.3,117.5,-4.2,0.0,63.0,89.0,72.0,87.5,123.6,-36.1,0.0,31.9,71.75,-10.3,-30.0,78.76,84.9,71.5,110.16,118.76,-8.59,0.0,63.24,89.03,72.02,87.8,123.6,-35.8,0.0,27.21,71.76,-13.43,-30.96,78.81,78.76,71.16,110.79,110.57,0.22,0.228,63.27,89.04,72.03,87.83,123.61,-35.78,0.0,35.99,71.59,-12.82,-22.74,77.9,82.61,71.22,109.4,115.89,-6.49,0.185,63.27,89.04,72.03,87.83,123.61,-35.78,0.0,29.28,71.62,-14.21,-28.06,78.34,82.01,71.31,109.88,114.93,-5.05,0.272,63.27,89.04,72.03,87.83,123.61,-35.78,0.0,30.73,71.67,-13.73,-27.1,78.0,81.41,71.33,109.39,114.07,-4.68,0.245,63.27,89.04,72.03,87.83,123.61,-35.78,0.0,31.09,71.68,-14.22,-26.24,77.53,81.39,71.41,108.61,113.9,-5.3,0.231,63.27,89.04,72.03,87.83,123.61,-35.78,0.0,30.48,71.72,-15.0,-26.07,77.33,82.56,71.42,108.32,115.54,-7.22,0.218,63.27,89.04,72.03,87.83,123.61,-35.78,0.0,28.56,71.72,-15.29,-27.7,77.27,82.08,71.42,108.23,114.87,-6.65,0.253,63.27,89.04,72.03,87.83,123.61,-35.78,0.0,29.13,71.72,-15.38,-27.04,77.55,81.91,71.41,108.63,114.65,-6.01,0.274,63.27,89.04,72.03,87.83,123.61,-35.78,0.0,29.76,71.72,-14.97,-26.82,1,0,-1,0,1,0,1
EuroLeague,2022-2023,Round 33,2023-04-06,Real Madrid,FC Bayern München,79,67,71.5,110.5,93.7,93.7,110.5,14,4,10,0,67,79,0,Real Madrid,1.25,68.0,64.0,71.5,95.1,89.5,5.6,1.0,97.0,78.0,74.2,130.7,105.1,25.6,1.0,-20.0,72.85,-10.0,41.2,68.4,64.66,71.5,95.66,90.42,5.24,0.98,88.88,81.05,72.83,121.87,111.39,10.47,0.492,-5.23,72.16,-15.74,31.45,68.42,64.68,71.5,95.68,90.45,5.24,0.98,85.12,82.49,72.44,117.32,114.0,3.32,0.349,1.91,71.97,-18.31,26.88,68.42,64.68,71.5,95.68,90.45,5.24,0.98,84.13,78.54,72.05,116.61,108.97,7.64,0.454,-2.4,71.77,-13.29,26.16,68.42,64.68,71.5,95.68,90.45,5.24,0.98,82.68,81.46,71.97,114.73,113.19,1.55,0.389,3.69,71.73,-17.5,24.29,68.42,64.68,71.5,95.68,90.45,5.24,0.98,82.63,81.09,71.97,114.67,112.67,2.0,0.44,3.24,71.74,-16.98,24.22,68.42,64.68,71.5,95.68,90.45,5.24,0.98,82.03,80.69,71.93,113.9,112.17,1.73,0.405,3.51,71.72,-16.48,23.45,68.42,64.68,71.5,95.68,90.45,5.24,0.98,81.46,80.7,71.98,113.06,112.13,0.94,0.386,4.3,71.74,-16.44,22.62,68.42,64.68,71.5,95.68,90.45,5.24,0.98,81.12,81.68,71.95,112.63,113.53,-0.9,0.368,6.14,71.73,-17.84,22.18,68.42,64.68,71.5,95.68,90.45,5.24,0.98,80.93,81.33,71.94,112.4,113.06,-0.66,0.391,5.9,71.72,-17.38,21.95,0,0,0,1,0,0,1
BBL,2022-2023,Round 24,2023-04-09,Würzburg Baskets,FC Bayern München,73,85,71.8,101.7,118.4,118.4,101.7,14,3,11,0,85,73,1,Würzburg Baskets,1.0,73.0,83.0,71.2,102.5,116.6,-14.1,0.0,67.0,79.0,71.5,93.7,110.5,-16.8,0.0,2.7,71.35,-8.0,-22.9,73.44,82.66,71.23,103.06,116.08,-13.02,0.026,78.71,78.61,72.55,108.14,108.39,-0.25,0.39,-12.78,71.89,-5.33,-7.94,73.43,82.69,71.23,103.04,116.12,-13.07,0.026,79.37,80.16,72.25,109.62,111.01,-1.38,0.278,-11.69,71.74,-7.96,-6.49,73.43,82.69,71.23,103.05,116.12,-13.07,0.026,78.73,81.26,72.11,109.0,112.76,-3.77,0.226,-9.3,71.67,-9.72,-7.12,73.43,82.69,71.23,103.05,116.12,-13.07,0.026,78.76,78.68,71.88,109.43,109.45,-0.02,0.312,-13.05,71.55,-6.4,-6.69,73.43,82.69,71.23,103.05,116.12,-13.07,0.026,78.27,80.77,71.84,108.82,112.43,-3.61,0.28,-9.46,71.53,-9.39,-7.3,73.43,82.69,71.23,103.05,116.12,-13.07,0.026,78.5,80.54,71.85,109.13,112.1,-2.97,0.323,-10.11,71.54,-9.05,-6.99,73.43,82.69,71.23,103.05,116.12,-13.07,0.026,78.29,80.27,71.83,108.88,111.75,-2.87,0.304,-10.2,71.53,-8.71,-7.24,73.43,82.69,71.23,103.05,116.12,-13.07,0.026,78.0,80.3,71.86,108.42,111.74,-3.31,0.293,-9.76,71.55,-8.69,-7.69,73.43,82.69,71.23,103.05,116.12,-13.07,0.026,77.85,81.06,71.85,108.25,112.83,-4.58,0.283,-8.5,71.54,-9.78,-7.87,0,0,0,0,1,0,0
EuroLeague,2022-2023,Round 34,2023-04-14,FC Bayern München,Zalgiris Kaunas,80,83,71.5,111.9,116.1,116.1,111.9,5,14,-9,1,80,83,0,Zalgiris Kaunas,1.25,85.0,73.0,71.8,118.4,101.7,16.7,1.0,75.0,67.0,71.5,104.9,93.7,11.2,1.0,5.5,71.65,24.7,3.2,75.93,76.02,71.65,105.95,106.13,-0.18,0.496,74.95,67.03,71.5,104.83,93.75,11.09,0.995,-11.27,71.57,12.21,-1.3,81.07,76.51,72.27,111.99,105.88,6.11,0.619,74.95,67.04,71.5,104.83,93.76,11.07,0.994,-4.96,71.89,18.23,-1.05,81.06,78.01,72.12,112.25,108.22,4.04,0.495,74.95,67.04,71.5,104.83,93.76,11.07,0.994,-7.03,71.81,18.49,-3.39,80.35,79.13,72.03,111.42,109.91,1.5,0.425,74.95,67.04,71.5,104.83,93.76,11.07,0.994,-9.57,71.76,17.66,-5.08,80.23,77.34,71.86,111.54,107.62,3.92,0.474,74.95,67.04,71.5,104.83,93.76,11.07,0.994,-7.15,71.68,17.78,-2.79,79.73,79.08,71.83,110.9,110.11,0.79,0.436,74.95,67.04,71.5,104.83,93.76,11.07,0.994,-10.28,71.66,17.14,-5.28,79.84,78.98,71.84,111.04,109.95,1.09,0.463,74.95,67.04,71.5,104.83,93.76,11.07,0.994,-9.98,71.67,17.28,-5.12,79.61,78.84,71.82,110.75,109.78,0.97,0.441,74.95,67.04,71.5,104.83,93.76,11.07,0.994,-10.1,71.66,16.99,-4.95,79.33,78.9,71.85,110.33,109.82,0.51,0.428,74.95,67.04,71.5,104.83,93.76,11.07,0.994,-10.56,71.67,16.57,-4.99,0,0,0,1,0,0,0
BBL,2022-2023,Round 25,2023-04-16,FC Bayern München,Telekom Baskets Bonn,73,77,72.4,100.8,106.4,106.4,100.8,2,14,-12,1,73,77,0,Telekom Baskets Bonn,1.0,80.0,83.0,71.5,111.9,116.1,-4.2,0.0,78.0,68.0,72.4,107.7,93.9,13.8,1.0,-18.0,71.95,18.0,-8.4,81.93,79.13,71.62,114.41,110.53,3.88,0.387,78.23,68.75,72.4,108.02,94.93,13.09,0.953,-9.2,72.01,19.48,-2.51,77.72,79.09,71.58,108.57,110.52,-1.95,0.278,78.52,69.31,72.46,108.33,95.62,12.71,0.955,-14.66,72.02,12.95,-2.19,80.67,78.93,71.98,111.96,109.69,2.27,0.388,78.59,69.68,72.44,108.45,96.15,12.3,0.927,-10.03,72.21,15.8,-1.24,80.72,79.62,71.92,112.14,110.76,1.38,0.335,78.34,69.92,72.42,108.14,96.52,11.62,0.906,-10.24,72.17,15.62,-2.62,80.25,80.25,71.88,111.56,111.71,-0.15,0.302,78.37,70.18,72.44,108.14,96.84,11.3,0.898,-11.45,72.16,14.72,-3.57,80.17,78.88,71.76,111.64,109.93,1.71,0.345,78.39,70.17,72.45,108.15,96.82,11.33,0.898,-9.62,72.1,14.82,-1.78,79.8,80.08,71.74,111.15,111.64,-0.49,0.324,78.38,70.17,72.45,108.15,96.82,11.33,0.898,-11.82,72.1,14.33,-3.49,79.88,79.97,71.75,111.25,111.47,-0.21,0.349,78.38,70.17,72.45,108.15,96.82,11.33,0.898,-11.54,72.1,14.43,-3.31,79.7,79.83,71.74,111.02,111.28,-0.26,0.336,78.38,70.17,72.45,108.15,96.82,11.33,0.898,-11.59,72.1,14.2,-3.13,1,0,-1,0,1,0,0
BBL,2022-2023,Round 26,2023-04-23,EWE Baskets Oldenburg,FC Bayern München,88,76,74.0,118.9,102.7,102.7,118.9,14,7,7,0,76,88,0,EWE Baskets Oldenburg,1.0,78.0,90.0,74.5,104.7,120.8,-16.1,0.0,73.0,77.0,72.4,100.8,106.4,-5.6,0.0,-10.5,73.45,-1.7,-20.0,77.76,87.85,74.14,104.89,118.45,-13.56,0.0,76.55,80.05,71.94,106.43,111.32,-4.89,0.0,-8.67,73.04,-6.43,-12.02,77.92,87.77,74.16,105.08,118.33,-13.26,0.006,78.6,78.34,71.91,109.34,108.99,0.35,0.243,-13.6,73.03,-3.91,-9.0,77.92,87.78,74.16,105.08,118.34,-13.26,0.006,76.31,78.47,71.83,106.25,109.29,-3.04,0.195,-10.22,72.99,-4.21,-12.09,77.92,87.78,74.16,105.08,118.34,-13.26,0.006,78.63,78.42,72.09,108.99,108.82,0.18,0.285,-13.44,73.13,-3.74,-9.35,77.92,87.78,74.16,105.08,118.34,-13.26,0.006,78.88,79.0,72.03,109.44,109.72,-0.28,0.256,-12.98,73.1,-4.64,-8.9,77.92,87.78,74.16,105.08,118.34,-13.26,0.006,78.66,79.54,71.99,109.2,110.54,-1.35,0.236,-11.91,73.07,-5.46,-9.14,77.92,87.78,74.16,105.08,118.34,-13.26,0.006,78.67,78.49,71.89,109.38,109.19,0.19,0.273,-13.44,73.03,-4.11,-8.96,77.92,87.78,74.16,105.08,118.34,-13.26,0.006,78.45,79.47,71.87,109.1,110.6,-1.5,0.26,-11.76,73.02,-5.52,-9.24,77.92,87.78,74.16,105.08,118.34,-13.26,0.006,78.55,79.4,71.88,109.24,110.49,-1.25,0.282,-12.01,73.02,-5.41,-9.1,0,0,0,0,1,0,1
BBL,2022-2023,Round 27,2023-04-30,FC Bayern München,medi bayreuth,81,68,71.0,114.1,95.8,95.8,114.1,7,14,-7,1,81,68,1,medi bayreuth,1.0,76.0,88.0,74.0,102.7,118.9,-16.2,0.0,79.0,80.0,73.5,107.5,108.8,-1.3,0.0,-14.9,73.75,-6.1,-11.4,74.7,83.23,73.31,101.88,113.48,-11.6,0.0,72.75,80.0,72.33,100.43,110.64,-10.21,0.0,-1.39,72.82,-8.76,-13.06,76.34,83.16,72.75,104.97,114.29,-9.32,0.0,72.68,80.02,72.31,100.35,110.68,-10.33,0.0,1.01,72.53,-5.71,-13.94,77.75,81.5,72.59,107.16,112.24,-5.07,0.163,72.68,80.02,72.31,100.35,110.69,-10.33,0.0,5.26,72.45,-3.52,-11.88,76.22,81.15,72.44,105.25,111.99,-6.74,0.14,72.68,80.02,72.31,100.35,110.69,-10.33,0.0,3.59,72.38,-5.44,-11.64,77.96,80.88,72.59,107.37,111.42,-4.04,0.212,72.68,80.02,72.31,100.35,110.69,-10.33,0.0,6.29,72.45,-3.31,-11.06,78.2,81.13,72.5,107.84,111.9,-4.06,0.195,72.68,80.02,72.31,100.35,110.69,-10.33,0.0,6.28,72.41,-2.84,-11.54,78.06,81.43,72.44,107.75,112.41,-4.66,0.183,72.68,80.02,72.31,100.35,110.69,-10.33,0.0,5.68,72.38,-2.94,-12.05,78.1,80.53,72.35,107.95,111.27,-3.33,0.214,72.68,80.02,72.31,100.35,110.69,-10.33,0.0,7.01,72.33,-2.74,-10.92,77.94,81.23,72.31,107.78,112.31,-4.53,0.206,72.68,80.02,72.31,100.35,110.69,-10.33,0.0,5.8,72.31,-2.91,-11.96,0,0,0,0,1,0,1
BBL,2022-2023,Round 28,2023-05-04,Bamberg Baskets,FC Bayern München,87,84,73.5,118.4,114.3,114.3,118.4,14,4,10,0,84,87,0,Bamberg Baskets,1.0,72.0,73.0,70.2,102.6,104.0,-1.4,0.0,81.0,68.0,71.0,114.1,95.8,18.3,1.0,-19.7,70.6,6.8,10.1,71.1,75.7,70.6,100.76,107.17,-6.41,0.0,78.83,76.67,72.3,109.16,105.81,3.34,0.566,-9.75,71.45,-5.06,1.99,71.34,76.0,70.67,100.99,107.48,-6.5,0.0,77.38,76.75,72.33,107.08,105.96,1.12,0.425,-7.61,71.5,-4.97,-0.41,71.32,76.02,70.67,100.96,107.51,-6.55,0.0,77.92,78.03,72.16,108.06,108.03,0.03,0.338,-6.58,71.41,-7.07,0.56,71.33,76.02,70.67,100.97,107.51,-6.55,0.0,78.72,77.45,72.12,109.24,107.31,1.93,0.414,-8.48,71.39,-6.34,1.73,71.33,76.02,70.67,100.97,107.51,-6.55,0.0,77.51,77.62,72.05,107.63,107.64,-0.01,0.371,-6.53,71.36,-6.67,0.12,71.33,76.02,70.67,100.97,107.51,-6.55,0.0,78.72,77.64,72.19,109.07,107.48,1.58,0.41,-8.13,71.43,-6.52,1.56,71.33,76.02,70.67,100.97,107.51,-6.55,0.0,78.86,78.02,72.14,109.32,108.09,1.23,0.385,-7.78,71.41,-7.12,1.81,71.33,76.02,70.67,100.97,107.51,-6.55,0.0,78.73,78.4,72.11,109.18,108.66,0.52,0.367,-7.07,71.39,-7.69,1.67,71.33,76.02,70.67,100.97,107.51,-6.55,0.0,78.73,77.79,72.05,109.29,107.89,1.41,0.386,-7.95,71.36,-6.92,1.78,0,0,0,0,1,0,1
BBL,2022-2023,Round 29,2023-05-07,FC Bayern München,ROSTOCK SEAWOLVES,78,89,74.8,104.3,119.0,119.0,104.3,3,14,-11,1,78,89,0,ROSTOCK SEAWOLVES,1.0,84.0,87.0,73.5,114.3,118.4,-4.1,0.0,65.0,78.0,71.8,90.5,108.6,-18.1,0.0,14.0,72.65,5.7,-27.9,82.67,78.55,72.39,114.21,108.35,5.86,0.445,65.0,78.0,71.8,90.5,108.6,-18.1,0.0,23.96,72.09,5.61,-17.85,80.97,80.95,72.8,111.29,111.03,0.26,0.332,65.0,78.0,71.8,90.5,108.6,-18.1,0.0,18.36,72.3,2.69,-20.53,79.68,80.31,72.73,109.58,110.28,-0.69,0.278,65.0,78.0,71.8,90.5,108.6,-18.1,0.0,17.41,72.27,0.98,-19.78,79.72,80.69,72.56,109.92,111.11,-1.2,0.238,65.0,78.0,71.8,90.5,108.6,-18.1,0.0,16.9,72.18,1.32,-20.61,80.16,80.06,72.49,110.62,110.33,0.29,0.301,65.0,78.0,71.8,90.5,108.6,-18.1,0.0,18.39,72.15,2.02,-19.83,79.14,79.97,72.42,109.3,110.34,-1.04,0.278,65.0,78.0,71.8,90.5,108.6,-18.1,0.0,17.06,72.11,0.7,-19.84,79.99,79.88,72.5,110.32,110.1,0.22,0.312,65.0,78.0,71.8,90.5,108.6,-18.1,0.0,18.32,72.15,1.72,-19.6,80.03,80.07,72.45,110.46,110.44,0.02,0.297,65.0,78.0,71.8,90.5,108.6,-18.1,0.0,18.12,72.13,1.86,-19.94,79.89,80.29,72.42,110.31,110.8,-0.49,0.287,65.0,78.0,71.8,90.5,108.6,-18.1,0.0,17.61,72.11,1.71,-20.3,0,0,0,0,1,0,0
BBL,2022-2023,Playoffs QF G1,2023-05-16,Telekom Baskets Bonn,FC Bayern München,94,63,75.0,125.3,84.0,84.0,125.3,14,9,5,0,63,94,0,Telekom Baskets Bonn,1.0,77.0,73.0,72.4,106.4,100.8,5.6,1.0,78.0,89.0,74.8,104.3,119.0,-14.7,0.0,20.3,73.6,-12.6,3.5,77.11,72.43,72.4,106.55,100.01,6.53,1.0,80.69,88.1,74.22,108.78,118.73,-9.95,0.0,16.48,73.31,-12.18,8.77,77.15,72.5,72.4,106.59,100.1,6.49,0.994,80.77,82.79,73.37,110.19,112.68,-2.49,0.264,8.98,72.88,-6.08,10.08,77.19,72.55,72.41,106.64,100.16,6.47,0.994,79.97,83.67,73.47,108.93,113.72,-4.79,0.22,11.27,72.94,-7.08,8.76,77.2,72.58,72.41,106.66,100.21,6.44,0.991,79.18,82.91,73.35,108.0,112.89,-4.89,0.195,11.33,72.88,-6.23,7.79,77.17,72.6,72.4,106.62,100.25,6.37,0.988,79.26,82.92,73.16,108.41,113.22,-4.81,0.174,11.19,72.78,-6.6,8.16,77.18,72.63,72.41,106.62,100.29,6.34,0.987,79.62,82.3,73.07,109.03,112.51,-3.47,0.226,9.81,72.74,-5.88,8.75,77.18,72.63,72.41,106.63,100.28,6.34,0.987,78.87,82.11,72.98,108.12,112.39,-4.27,0.212,10.61,72.69,-5.76,7.84,77.18,72.63,72.41,106.63,100.28,6.34,0.987,79.53,81.95,73.02,108.95,112.12,-3.17,0.241,9.51,72.71,-5.49,8.67,77.18,72.63,72.41,106.63,100.28,6.34,0.987,79.59,82.03,72.97,109.11,112.32,-3.21,0.232,9.55,72.69,-5.69,8.82,0,0,0,0,1,0,1
BBL,2022-2023,Playoffs QF G2,2023-05-18,FC Bayern München,Telekom Baskets Bonn,70,89,73.2,95.6,121.6,121.6,95.6,2,2,0,1,70,89,0,Telekom Baskets Bonn,1.0,63.0,94.0,75.0,84.0,125.3,-41.3,0.0,94.0,63.0,75.0,125.3,84.0,41.3,1.0,-82.6,75.0,0.0,0.0,69.39,91.87,74.91,92.65,122.62,-29.96,0.0,88.02,66.51,74.09,118.66,89.9,28.75,1.0,-58.72,74.5,2.75,-3.96,73.15,90.62,74.55,98.22,121.53,-23.31,0.0,87.59,66.58,74.01,118.18,90.08,28.11,1.0,-51.42,74.28,8.14,-3.35,74.49,86.75,73.94,100.93,117.14,-16.21,0.171,87.58,66.62,74.01,118.18,90.13,28.04,0.998,-44.25,73.98,10.8,1.04,74.66,86.9,73.95,101.14,117.34,-16.21,0.151,87.58,66.65,74.01,118.17,90.17,28.0,0.998,-44.21,73.98,10.96,0.83,74.53,86.09,73.82,101.11,116.45,-15.34,0.139,87.57,66.67,74.01,118.17,90.21,27.96,0.996,-43.3,73.92,10.9,1.71,74.95,85.86,73.65,101.94,116.42,-14.48,0.128,87.55,66.68,74.0,118.14,90.23,27.91,0.995,-42.39,73.82,11.71,1.71,75.42,85.26,73.56,102.71,115.74,-13.03,0.169,87.54,66.7,74.0,118.13,90.25,27.88,0.995,-40.92,73.78,12.46,2.39,75.04,84.98,73.47,102.3,115.5,-13.2,0.161,87.55,66.7,74.0,118.13,90.25,27.89,0.995,-41.09,73.74,12.05,2.63,75.66,84.78,73.49,103.1,115.21,-12.11,0.185,87.55,66.7,74.0,118.13,90.25,27.89,0.995,-40.0,73.75,12.85,2.92,1,1,0,0,1,0,0
BBL,2022-2023,Playoffs QF G3,2023-05-21,Telekom Baskets Bonn,FC Bayern München,83,68,72.0,115.3,94.4,94.4,115.3,3,3,0,0,68,83,0,Telekom Baskets Bonn,1.0,89.0,70.0,73.2,121.6,95.6,26.0,1.0,70.0,89.0,73.2,95.6,121.6,-26.0,0.0,52.0,73.2,0.0,0.0,91.26,66.84,74.01,123.27,90.36,32.92,1.0,66.84,91.26,74.01,90.36,123.27,-32.92,0.0,65.83,74.01,0.0,0.0,88.45,68.05,73.7,119.95,92.41,27.54,1.0,69.64,90.69,74.21,93.86,122.2,-28.34,0.0,55.88,73.95,-2.25,1.45,88.2,68.05,73.66,119.65,92.45,27.2,1.0,72.08,90.07,74.09,97.33,121.55,-24.23,0.0,51.43,73.88,-1.9,4.88,88.19,68.07,73.66,119.64,92.48,27.17,0.999,73.14,87.43,73.72,99.33,118.48,-19.14,0.12,46.31,73.69,1.17,6.86,88.19,68.08,73.66,119.64,92.5,27.14,0.999,73.38,87.48,73.74,99.61,118.51,-18.9,0.11,46.04,73.7,1.13,7.12,88.18,68.09,73.66,119.64,92.51,27.12,0.998,73.36,86.84,73.66,99.69,117.78,-18.1,0.103,45.22,73.66,1.85,7.17,88.17,68.1,73.66,119.62,92.53,27.09,0.997,73.75,86.62,73.54,100.4,117.68,-17.28,0.097,44.37,73.6,1.94,7.87,88.17,68.11,73.66,119.62,92.54,27.08,0.997,74.15,86.14,73.48,101.04,117.11,-16.07,0.129,43.15,73.57,2.5,8.5,88.17,68.11,73.66,119.62,92.54,27.08,0.997,73.9,85.89,73.41,100.79,116.88,-16.1,0.125,43.18,73.53,2.73,8.25,0,0,0,0,1,0,1
BBL,2023-2024,Round 1,2023-09-29,FC Bayern München,SYNTAINICS MBC,96,87,75.5,127.2,115.2,115.2,127.2,14,14,0,1,96,87,1,SYNTAINICS MBC,1.0,68.0,83.0,72.0,94.4,115.3,-20.9,0.0,66.0,87.0,72.1,91.5,120.7,-29.2,0.0,8.3,72.05,-26.3,-23.8,68.9,85.69,72.54,94.94,118.12,-23.19,0.0,66.02,86.99,72.1,91.53,120.69,-29.16,0.0,5.97,72.32,-25.75,-26.6,67.3,87.93,73.2,91.99,120.06,-28.08,0.0,66.02,86.99,72.1,91.53,120.69,-29.16,0.0,1.08,72.65,-28.7,-28.53,69.09,88.11,73.47,94.04,119.88,-25.84,0.0,66.02,86.99,72.1,91.53,120.69,-29.16,0.0,3.32,72.79,-26.65,-28.35,70.87,87.98,73.47,96.46,119.71,-23.24,0.0,66.02,86.99,72.1,91.53,120.69,-29.16,0.0,5.91,72.79,-24.23,-28.18,71.76,86.23,73.26,98.0,117.62,-19.62,0.087,66.02,86.99,72.1,91.53,120.69,-29.16,0.0,9.54,72.68,-22.69,-26.09,72.02,86.34,73.3,98.3,117.7,-19.4,0.082,66.02,86.99,72.1,91.53,120.69,-29.16,0.0,9.75,72.7,-22.39,-26.17,72.07,85.92,73.26,98.41,117.18,-18.77,0.078,66.02,86.99,72.1,91.53,120.69,-29.16,0.0,10.39,72.68,-22.28,-25.65,72.42,85.79,73.18,99.02,117.13,-18.12,0.075,66.02,86.99,72.1,91.53,120.69,-29.16,0.0,11.04,72.64,-21.67,-25.61,72.77,85.43,73.14,99.55,116.71,-17.15,0.1,66.02,86.99,72.1,91.53,120.69,-29.16,0.0,12.0,72.62,-21.13,-25.18,0,0,0,0,1,0,1
BBL,2023-2024,Round 2,2023-10-02,EWE Baskets Oldenburg,FC Bayern München,77,67,73.0,105.5,91.8,91.8,105.5,14,3,11,0,67,77,0,EWE Baskets Oldenburg,1.0,88.0,76.0,74.0,118.9,102.7,16.2,1.0,96.0,87.0,75.5,127.2,115.2,12.0,1.0,4.2,74.75,3.7,24.5,85.42,79.61,74.13,115.24,107.36,7.88,0.742,93.02,86.57,75.13,123.71,115.21,8.5,0.894,-0.62,74.63,0.03,16.35,84.79,79.71,74.04,114.51,107.63,6.88,0.687,91.19,86.77,74.97,121.47,115.72,5.75,0.822,1.13,74.51,-1.21,13.84,84.83,79.7,74.05,114.55,107.62,6.94,0.687,89.45,87.21,74.98,119.16,116.31,2.85,0.772,4.09,74.51,-1.76,11.55,84.83,79.7,74.05,114.55,107.62,6.93,0.687,88.95,87.29,74.97,118.51,116.43,2.08,0.738,4.85,74.51,-1.88,10.89,84.83,79.7,74.05,114.55,107.62,6.93,0.687,88.78,87.28,74.92,118.37,116.5,1.87,0.713,5.06,74.48,-1.94,10.75,84.83,79.7,74.05,114.55,107.62,6.93,0.687,88.57,86.77,74.81,118.25,115.94,2.31,0.72,4.62,74.43,-1.39,10.63,84.83,79.7,74.05,114.55,107.62,6.93,0.687,88.32,86.79,74.8,117.94,116.0,1.94,0.706,4.99,74.42,-1.45,10.32,84.83,79.7,74.05,114.55,107.62,6.93,0.687,88.09,86.64,74.76,117.68,115.86,1.83,0.695,5.11,74.4,-1.3,10.06,84.83,79.7,74.05,114.55,107.62,6.93,0.687,87.96,86.59,74.71,117.59,115.86,1.73,0.685,5.2,74.38,-1.31,9.97,0,0,0,0,1,0,1
EuroLeague,2023-2024,Round 1,2023-10-05,FC Bayern München,ALBA Berlin,80,68,71.5,111.9,95.1,95.1,111.9,3,14,-11,1,80,68,1,ALBA Berlin,1.25,67.0,77.0,73.0,91.8,105.5,-13.7,0.0,76.0,75.0,71.5,106.3,104.9,1.4,1.0,-15.1,72.25,-13.1,0.8,80.0,81.48,74.12,107.67,109.85,-2.18,0.448,76.32,77.58,72.24,105.65,107.35,-1.7,0.677,-0.48,73.18,0.32,-4.19,79.39,81.56,74.01,107.0,110.12,-3.13,0.426,76.78,77.76,72.46,105.96,107.28,-1.33,0.717,-1.8,73.24,-0.29,-4.17,79.02,81.85,73.98,106.55,110.58,-4.03,0.409,76.79,77.82,72.41,106.05,107.45,-1.4,0.68,-2.63,73.2,-0.9,-4.53,78.51,82.24,74.01,105.83,111.04,-5.21,0.396,76.8,77.77,72.41,106.07,107.38,-1.32,0.682,-3.89,73.21,-1.55,-4.98,78.5,82.39,74.03,105.8,111.23,-5.43,0.387,76.74,77.81,72.41,105.99,107.44,-1.45,0.679,-3.98,73.22,-1.64,-5.24,78.6,82.48,74.02,105.95,111.36,-5.4,0.38,76.73,77.76,72.39,105.99,107.38,-1.39,0.68,-4.01,73.21,-1.43,-5.37,78.64,82.27,73.98,106.07,111.13,-5.06,0.389,76.75,77.75,72.4,106.01,107.36,-1.35,0.681,-3.71,73.19,-1.29,-5.13,78.61,82.33,73.98,106.03,111.22,-5.18,0.384,76.75,77.75,72.4,106.01,107.36,-1.35,0.681,-3.84,73.19,-1.33,-5.21,78.56,82.29,73.97,105.99,111.18,-5.19,0.381,76.75,77.74,72.4,106.0,107.36,-1.35,0.681,-3.84,73.18,-1.36,-5.17,0,0,0,1,0,0,1
BBL,2023-2024,Round 3,2023-10-09,FC Bayern München,Hamburg Towers,90,79,74.0,121.6,106.8,106.8,121.6,4,14,-10,1,90,79,1,Hamburg Towers,1.0,80.0,68.0,71.5,111.9,95.1,16.8,1.0,81.0,70.0,72.8,111.3,96.2,15.1,1.0,1.7,72.15,15.7,16.2,74.88,71.55,72.09,103.98,99.2,4.78,0.606,79.68,71.04,72.61,109.73,97.92,11.81,0.906,-7.03,72.35,6.07,10.53,80.0,75.29,72.92,109.61,103.08,6.53,0.702,79.67,71.08,72.61,109.7,97.98,11.73,0.903,-5.19,72.77,11.64,6.62,79.66,75.51,72.89,109.18,103.42,5.76,0.682,79.67,71.09,72.61,109.7,97.98,11.73,0.903,-5.96,72.75,11.21,6.28,79.45,75.81,72.9,108.88,103.83,5.05,0.667,79.67,71.09,72.61,109.7,97.98,11.72,0.903,-6.67,72.76,10.9,5.88,79.15,76.14,72.94,108.43,104.21,4.22,0.655,79.67,71.09,72.61,109.7,97.98,11.72,0.903,-7.51,72.78,10.45,5.49,79.14,76.31,72.96,108.38,104.41,3.97,0.646,79.67,71.09,72.61,109.7,97.98,11.72,0.903,-7.76,72.79,10.4,5.29,79.19,76.42,72.97,108.44,104.56,3.88,0.639,79.67,71.09,72.61,109.7,97.98,11.72,0.903,-7.84,72.79,10.46,5.14,79.2,76.35,72.95,108.49,104.49,4.0,0.642,79.67,71.09,72.61,109.7,97.98,11.72,0.903,-7.72,72.78,10.51,5.22,79.18,76.43,72.96,108.45,104.58,3.87,0.638,79.67,71.09,72.61,109.7,97.98,11.72,0.903,-7.85,72.79,10.47,5.13,0,0,0,0,1,0,1
EuroLeague,2023-2024,Round 2,2023-10-12,Panathinaikos AKTOR Athens,FC Bayern München,78,71,71.5,109.1,99.3,99.3,109.1,7,3,4,0,71,78,0,Panathinaikos AKTOR Athens,1.25,78.0,78.0,72.0,108.0,108.0,0.0,0.5,90.0,79.0,74.0,121.6,106.8,14.8,1.0,-14.8,73.0,1.2,13.6,78.0,78.0,72.0,108.0,108.0,0.0,0.5,85.0,73.5,72.75,116.75,100.95,15.8,1.0,-15.8,72.37,7.05,8.75,78.0,78.0,72.0,108.0,108.0,0.0,0.5,80.58,74.36,72.81,110.63,102.07,8.56,0.755,-8.56,72.41,5.93,2.63,78.0,78.0,72.0,108.0,108.0,0.0,0.5,83.15,76.46,73.26,113.38,104.25,9.13,0.795,-9.13,72.63,3.75,5.38,78.0,78.0,72.0,108.0,108.0,0.0,0.5,82.85,76.59,73.23,113.01,104.46,8.55,0.78,-8.55,72.62,3.54,5.01,78.0,78.0,72.0,108.0,108.0,0.0,0.5,82.65,76.78,73.23,112.74,104.73,8.01,0.768,-8.01,72.62,3.27,4.74,78.0,78.0,72.0,108.0,108.0,0.0,0.5,82.4,77.0,73.26,112.38,104.99,7.39,0.758,-7.39,72.63,3.01,4.38,78.0,78.0,72.0,108.0,108.0,0.0,0.5,82.36,77.11,73.27,112.3,105.12,7.18,0.751,-7.18,72.63,2.88,4.3,78.0,78.0,72.0,108.0,108.0,0.0,0.5,82.37,77.18,73.27,112.32,105.22,7.1,0.745,-7.1,72.64,2.78,4.32,78.0,78.0,72.0,108.0,108.0,0.0,0.5,82.37,77.13,73.26,112.33,105.16,7.17,0.747,-7.17,72.63,2.84,4.33,0,0,0,1,0,0,1
BBL-Pokal,2023-2024,Round of 16,2023-10-15,EWE Baskets Oldenburg,FC Bayern München,73,75,72.2,101.1,103.9,103.9,101.1,13,3,10,0,75,73,1,EWE Baskets Oldenburg,1.05,77.0,67.0,73.0,105.5,91.8,13.7,1.0,71.0,78.0,71.5,99.3,109.1,-9.8,0.0,23.5,72.25,-3.6,7.5,77.77,67.63,73.07,106.43,92.56,13.87,1.0,78.49,78.39,72.48,108.09,108.19,-0.11,0.394,13.98,72.78,-1.76,15.53,77.77,68.15,73.1,106.39,93.22,13.17,0.976,78.91,75.46,72.21,109.16,104.49,4.67,0.565,8.49,72.65,1.9,15.94,77.77,68.25,73.1,106.39,93.36,13.03,0.969,77.06,75.69,72.33,106.47,104.65,1.82,0.478,11.21,72.72,1.74,13.11,77.77,68.25,73.1,106.39,93.36,13.03,0.969,79.19,76.96,72.68,108.79,105.83,2.96,0.536,10.07,72.89,0.56,15.43,77.77,68.25,73.1,106.39,93.36,13.03,0.969,79.04,77.04,72.68,108.6,105.96,2.65,0.529,10.39,72.89,0.44,15.24,77.77,68.25,73.1,106.39,93.36,13.03,0.969,78.94,77.17,72.68,108.46,106.12,2.34,0.523,10.69,72.89,0.27,15.11,77.77,68.25,73.1,106.39,93.36,13.03,0.969,78.8,77.31,72.7,108.25,106.29,1.96,0.519,11.07,72.9,0.1,14.89,77.77,68.25,73.1,106.39,93.36,13.03,0.969,78.8,77.39,72.71,108.23,106.37,1.86,0.516,11.18,72.91,0.02,14.87,77.77,68.25,73.1,106.39,93.36,13.03,0.969,78.83,77.44,72.72,108.26,106.43,1.83,0.513,11.21,72.91,-0.04,14.9,0,0,0,0,0,1,0
EuroLeague,2023-2024,Round 3,2023-10-17,Baskonia Vitoria-Gasteiz,FC Bayern München,68,76,71.5,95.1,106.3,106.3,95.1,7,2,5,0,76,68,1,Baskonia Vitoria-Gasteiz,1.25,78.0,78.0,72.0,108.0,108.0,0.0,0.5,75.0,73.0,72.2,103.9,101.1,2.8,1.0,-2.8,72.1,6.9,-4.1,78.0,78.0,72.0,108.0,108.0,0.0,0.5,73.03,75.46,71.86,101.64,105.03,-3.4,0.508,3.4,71.93,2.97,-6.36,78.0,78.0,72.0,108.0,108.0,0.0,0.5,77.14,76.32,72.38,106.47,105.46,1.01,0.627,-1.01,72.19,2.54,-1.53,78.0,78.0,72.0,108.0,108.0,0.0,0.5,77.7,74.69,72.2,107.53,103.44,4.09,0.7,-4.09,72.1,4.56,-0.47,78.0,78.0,72.0,108.0,108.0,0.0,0.5,76.5,74.95,72.29,105.76,103.67,2.09,0.621,-2.09,72.15,4.33,-2.24,78.0,78.0,72.0,108.0,108.0,0.0,0.5,78.13,75.96,72.56,107.56,104.64,2.92,0.653,-2.92,72.28,3.36,-0.44,78.0,78.0,72.0,108.0,108.0,0.0,0.5,78.03,76.03,72.56,107.43,104.74,2.68,0.647,-2.68,72.28,3.26,-0.57,78.0,78.0,72.0,108.0,108.0,0.0,0.5,77.97,76.14,72.56,107.33,104.88,2.46,0.641,-2.46,72.28,3.12,-0.67,78.0,78.0,72.0,108.0,108.0,0.0,0.5,77.87,76.25,72.58,107.18,105.01,2.17,0.637,-2.17,72.29,2.99,-0.82,78.0,78.0,72.0,108.0,108.0,0.0,0.5,77.87,76.31,72.59,107.17,105.08,2.09,0.634,-2.09,72.29,2.92,-0.83,0,1,1,1,0,0,0
EuroLeague,2023-2024,Round 4,2023-10-20,FC Barcelona,FC Bayern München,98,59,71.5,137.1,82.5,82.5,137.1,14,3,11,0,59,98,0,FC Barcelona,1.25,72.0,70.0,71.5,100.7,97.9,2.8,1.0,76.0,68.0,71.5,106.3,95.1,11.2,1.0,-8.4,71.5,5.6,8.4,73.75,70.44,71.5,103.15,98.51,4.64,1.0,75.59,70.05,71.79,105.32,97.56,7.76,1.0,-3.12,71.64,5.59,6.81,73.82,70.45,71.5,103.25,98.53,4.72,1.0,74.29,72.3,71.71,103.61,100.83,2.78,0.716,1.94,71.6,2.42,5.08,73.65,70.36,71.5,103.01,98.41,4.6,0.992,76.73,73.35,72.06,106.41,101.76,4.65,0.761,-0.05,71.78,1.25,8.0,73.66,70.34,71.5,103.02,98.37,4.65,0.992,77.17,72.62,71.99,107.15,100.86,6.29,0.793,-1.64,71.74,2.16,8.78,73.67,70.43,71.5,103.03,98.51,4.53,0.987,76.36,72.98,72.07,105.91,101.24,4.68,0.729,-0.15,71.78,1.8,7.41,73.68,70.42,71.5,103.05,98.49,4.57,0.987,77.56,73.84,72.28,107.22,102.09,5.13,0.746,-0.56,71.89,0.96,8.74,73.68,70.41,71.5,103.05,98.48,4.57,0.987,77.49,73.91,72.28,107.13,102.19,4.94,0.74,-0.37,71.89,0.86,8.65,73.68,70.41,71.5,103.05,98.48,4.57,0.987,77.45,73.99,72.28,107.06,102.3,4.76,0.736,-0.19,71.89,0.75,8.58,73.68,70.41,71.5,103.05,98.48,4.57,0.987,77.38,74.09,72.3,106.95,102.41,4.54,0.732,0.03,71.9,0.63,8.47,0,0,0,1,0,0,1
BBL,2023-2024,Round 4,2023-10-22,HAKRO Merlins Crailsheim,FC Bayern München,62,97,73.8,84.0,131.4,131.4,84.0,14,2,12,0,97,62,1,HAKRO Merlins Crailsheim,1.0,77.0,82.0,72.0,106.9,113.9,-7.0,0.0,59.0,98.0,71.5,82.5,137.1,-54.6,0.0,47.6,71.75,-30.2,-31.4,76.25,81.62,71.95,105.92,113.45,-7.53,0.0,66.62,84.55,71.5,93.17,118.27,-25.1,0.448,17.57,71.73,-12.35,-20.28,76.18,81.68,71.95,105.83,113.53,-7.7,0.0,68.61,81.81,71.67,95.71,114.2,-18.49,0.579,10.79,71.81,-8.37,-17.82,76.18,81.67,71.95,105.83,113.52,-7.68,0.001,69.05,81.1,71.63,96.38,113.25,-16.87,0.471,9.18,71.79,-7.42,-17.13,76.19,81.67,71.95,105.83,113.51,-7.68,0.001,71.32,80.87,71.89,99.11,112.55,-13.44,0.528,5.76,71.92,-6.72,-14.41,76.19,81.67,71.95,105.83,113.51,-7.68,0.001,72.17,79.62,71.85,100.36,110.85,-10.49,0.574,2.81,71.9,-5.01,-13.16,76.19,81.67,71.95,105.83,113.51,-7.68,0.001,71.86,79.46,71.92,99.85,110.53,-10.68,0.54,3.0,71.94,-4.69,-13.67,76.19,81.67,71.95,105.83,113.51,-7.68,0.001,72.97,79.81,72.09,101.11,110.75,-9.63,0.561,1.95,72.02,-4.91,-12.4,76.19,81.67,71.95,105.83,113.51,-7.68,0.001,72.95,79.83,72.09,101.08,110.77,-9.69,0.558,2.01,72.02,-4.94,-12.44,76.19,81.67,71.95,105.83,113.51,-7.68,0.001,72.93,79.87,72.09,101.05,110.82,-9.77,0.556,2.09,72.02,-4.98,-12.46,0,1,1,0,1,0,0
EuroLeague,2023-2024,Round 5,2023-10-27,FC Bayern München,Fenerbahce Beko Istanbul,67,76,71.5,93.7,106.3,106.3,93.7,5,14,-9,1,67,76,0,Fenerbahce Beko Istanbul,1.25,97.0,62.0,73.8,131.4,84.0,47.4,1.0,79.0,71.0,71.5,110.5,99.3,11.2,1.0,36.2,72.65,32.1,26.5,77.71,80.28,72.63,106.58,110.96,-4.38,0.492,78.18,69.53,71.5,109.36,97.24,12.12,1.0,-16.5,72.07,9.34,-1.6,77.21,76.69,72.3,106.5,106.33,0.17,0.641,78.21,69.58,71.5,109.39,97.32,12.07,1.0,-11.9,71.9,9.18,3.06,76.84,76.07,72.28,106.06,105.45,0.61,0.701,78.19,69.59,71.5,109.37,97.32,12.05,0.999,-11.44,71.89,8.74,3.92,76.02,76.34,72.17,105.11,105.96,-0.85,0.603,78.19,69.59,71.5,109.37,97.32,12.05,0.999,-12.9,71.84,7.79,3.41,77.19,76.56,72.33,106.49,106.03,0.46,0.636,78.19,69.59,71.5,109.37,97.32,12.05,0.999,-11.59,71.91,9.17,3.34,77.4,75.9,72.26,106.9,105.19,1.72,0.664,78.19,69.59,71.5,109.37,97.32,12.05,0.999,-10.33,71.88,9.58,4.18,76.91,75.95,72.3,106.18,105.2,0.98,0.632,78.19,69.59,71.5,109.37,97.32,12.05,0.999,-11.07,71.9,8.86,4.17,77.62,76.37,72.42,106.97,105.57,1.39,0.646,78.19,69.59,71.5,109.37,97.32,12.05,0.999,-10.66,71.96,9.65,3.8,77.58,76.4,72.42,106.91,105.62,1.3,0.643,78.19,69.59,71.5,109.37,97.32,12.05,0.999,-10.75,71.96,9.59,3.75,0,0,0,1,0,0,0
BBL,2023-2024,Round 5,2023-10-29,FC Bayern München,Würzburg Baskets,87,64,71.0,122.5,90.1,90.1,122.5,2,14,-12,1,87,64,1,Würzburg Baskets,1.0,67.0,76.0,71.5,93.7,106.3,-12.6,0.0,73.0,85.0,71.8,101.7,118.4,-16.7,0.0,4.1,71.65,-24.7,-4.6,78.6,70.58,72.39,108.28,97.67,10.61,0.387,73.0,84.79,71.74,101.78,118.21,-16.43,0.0,27.04,72.06,-9.93,4.11,73.01,78.4,72.14,100.93,108.92,-7.98,0.277,73.05,84.75,71.74,101.84,118.15,-16.31,0.003,8.33,71.94,-17.22,-7.07,73.58,76.44,72.02,101.94,106.32,-4.37,0.413,73.05,84.75,71.74,101.84,118.16,-16.31,0.003,11.94,71.88,-16.22,-4.47,73.74,76.05,72.04,102.17,105.72,-3.55,0.48,73.05,84.75,71.74,101.84,118.16,-16.31,0.003,12.77,71.89,-15.99,-3.87,73.47,76.24,71.98,101.88,106.05,-4.18,0.432,73.05,84.75,71.74,101.84,118.16,-16.31,0.003,12.14,71.86,-16.28,-4.21,74.48,76.41,72.11,103.09,106.1,-3.01,0.467,73.05,84.75,71.74,101.84,118.16,-16.31,0.003,13.3,71.92,-15.07,-4.26,74.8,75.93,72.07,103.6,105.47,-1.87,0.498,73.05,84.75,71.74,101.84,118.16,-16.31,0.003,14.45,71.91,-14.56,-3.62,74.51,75.97,72.11,103.17,105.47,-2.3,0.48,73.05,84.75,71.74,101.84,118.16,-16.31,0.003,14.02,71.92,-14.99,-3.62,75.13,76.28,72.2,103.86,105.74,-1.89,0.495,73.05,84.75,71.74,101.84,118.16,-16.31,0.003,14.43,71.97,-14.3,-3.9,1,0,-1,0,1,0,1
EuroLeague,2023-2024,Round 6,2023-11-02,Crvena Zvezda Meridianbet Belgrade,FC Bayern München,74,68,71.5,103.5,95.1,95.1,103.5,14,4,10,0,68,74,0,Crvena Zvezda Meridianbet Belgrade,1.25,80.0,87.0,71.5,111.9,121.7,-9.8,0.0,87.0,64.0,71.0,122.5,90.1,32.4,1.0,-42.2,71.25,21.8,0.8,79.77,85.27,71.5,111.58,119.28,-7.7,0.115,76.85,70.09,71.25,107.88,98.32,9.56,0.492,-17.26,71.38,13.25,-11.4,79.77,85.27,71.5,111.58,119.28,-7.7,0.115,81.74,68.13,71.87,113.58,94.85,18.74,0.615,-26.44,71.69,16.73,-5.69,79.77,85.27,71.5,111.58,119.28,-7.7,0.115,77.19,74.11,71.8,107.37,103.3,4.06,0.492,-11.76,71.65,8.27,-11.91,79.77,85.27,71.5,111.58,119.28,-7.7,0.115,77.02,73.25,71.76,107.22,102.16,5.06,0.563,-12.76,71.63,9.42,-12.06,79.77,85.27,71.5,111.58,119.28,-7.7,0.115,76.84,73.23,71.79,106.92,102.06,4.86,0.602,-12.56,71.65,9.51,-12.35,79.77,85.27,71.5,111.58,119.28,-7.7,0.115,76.38,73.6,71.77,106.32,102.62,3.71,0.555,-11.41,71.64,8.96,-12.95,79.77,85.27,71.5,111.58,119.28,-7.7,0.115,77.05,73.87,71.88,107.07,102.82,4.25,0.576,-11.95,71.69,8.76,-12.21,79.77,85.27,71.5,111.58,119.28,-7.7,0.115,77.18,73.6,71.86,107.29,102.46,4.83,0.596,-12.53,71.68,9.12,-11.99,79.77,85.27,71.5,111.58,119.28,-7.7,0.115,76.88,73.69,71.9,106.84,102.55,4.29,0.578,-11.99,71.7,9.03,-12.44,0,0,0,1,0,0,1
BBL,2023-2024,Round 6,2023-11-05,Basketball Löwen Braunschweig,FC Bayern München,61,70,69.5,87.8,100.7,100.7,87.8,14,3,11,0,70,61,1,Basketball Löwen Braunschweig,1.0,78.0,97.0,74.2,105.1,130.7,-25.6,0.0,68.0,74.0,71.5,95.1,103.5,-8.4,0.0,-17.2,72.85,1.6,-35.6,76.45,96.17,73.97,103.28,129.96,-26.69,0.0,75.42,70.1,71.3,105.8,98.27,7.53,0.39,-34.22,72.64,5.01,-24.17,76.45,96.16,73.97,103.29,129.96,-26.67,0.0,73.0,71.79,71.36,102.32,100.57,1.75,0.278,-28.42,72.67,2.71,-27.63,76.45,96.16,73.97,103.29,129.96,-26.67,0.0,76.68,70.29,71.73,106.78,98.03,8.75,0.389,-35.42,72.85,5.25,-23.17,76.45,96.16,73.97,103.29,129.96,-26.67,0.0,74.27,74.07,71.7,103.47,103.37,0.1,0.336,-26.77,72.84,-0.08,-26.49,76.45,96.16,73.97,103.29,129.96,-26.67,0.0,74.44,73.47,71.68,103.75,102.54,1.21,0.402,-27.88,72.83,0.75,-26.2,76.45,96.16,73.97,103.29,129.96,-26.67,0.0,74.48,73.44,71.72,103.76,102.45,1.31,0.441,-27.98,72.84,0.84,-26.2,76.45,96.16,73.97,103.29,129.96,-26.67,0.0,74.27,73.7,71.7,103.5,102.84,0.66,0.415,-27.33,72.84,0.45,-26.46,76.45,96.16,73.97,103.29,129.96,-26.67,0.0,74.85,73.9,71.79,104.17,102.98,1.18,0.436,-27.85,72.88,0.3,-25.79,76.45,96.16,73.97,103.29,129.96,-26.67,0.0,75.04,73.69,71.78,104.44,102.7,1.74,0.457,-28.4,72.87,0.58,-25.52,0,0,0,0,1,0,0
EuroLeague,2023-2024,Round 7,2023-11-09,Maccabi Playtika Tel Aviv,FC Bayern München,93,90,71.5,130.1,125.9,125.9,130.1,14,4,10,0,90,93,0,Maccabi Playtika Tel Aviv,1.25,90.0,82.0,71.5,125.9,114.7,11.2,1.0,70.0,61.0,69.5,100.7,87.8,12.9,1.0,-1.7,70.5,38.1,-14.0,89.8,85.15,71.5,125.62,119.1,6.52,0.803,68.99,67.55,70.51,97.88,95.71,2.17,0.496,4.35,71.0,29.91,-21.23,89.74,85.12,71.5,125.53,119.07,6.46,0.802,73.39,66.68,70.63,103.89,94.34,9.54,0.619,-3.08,71.06,31.19,-15.18,89.73,85.11,71.5,125.52,119.06,6.46,0.802,72.1,68.56,70.8,101.84,96.75,5.09,0.495,1.37,71.15,28.78,-17.22,89.73,85.11,71.5,125.52,119.06,6.46,0.802,74.9,67.82,71.14,105.16,95.31,9.85,0.551,-3.39,71.32,30.21,-13.9,89.73,85.11,71.5,125.52,119.06,6.46,0.802,73.25,70.96,71.18,102.81,99.66,3.15,0.494,3.31,71.34,25.87,-16.25,89.73,85.11,71.5,125.52,119.06,6.46,0.802,73.46,70.73,71.2,103.08,99.3,3.78,0.534,2.68,71.35,26.22,-15.98,89.73,85.11,71.5,125.52,119.06,6.46,0.802,73.54,70.84,71.25,103.12,99.39,3.73,0.557,2.73,71.38,26.13,-15.94,89.73,85.11,71.5,125.52,119.06,6.46,0.802,73.42,71.18,71.27,102.94,99.85,3.09,0.531,3.37,71.38,25.67,-16.12,89.73,85.11,71.5,125.52,119.06,6.46,0.802,73.92,71.41,71.35,103.5,100.06,3.44,0.545,3.02,71.42,25.46,-15.56,0,0,0,1,0,0,1
BBL,2023-2024,Round 7,2023-11-12,FC Bayern München,Telekom Baskets Bonn,90,68,73.2,123.0,92.9,92.9,123.0,3,14,-11,1,90,68,1,Telekom Baskets Bonn,1.0,90.0,93.0,71.5,125.9,130.1,-4.2,0.0,83.0,68.0,72.0,115.3,94.4,20.9,1.0,-25.1,71.75,31.5,-14.8,82.19,80.51,70.72,116.06,113.59,2.48,0.39,85.69,68.9,72.54,118.12,94.94,23.19,1.0,-20.71,71.63,21.12,4.54,78.16,78.66,70.94,110.11,110.72,-0.61,0.28,87.93,67.3,73.2,120.06,91.99,28.08,1.0,-28.69,72.07,18.12,9.34,79.52,76.4,70.95,112.02,107.55,4.47,0.39,86.54,68.03,73.1,118.32,93.11,25.21,1.0,-20.74,72.03,18.91,10.77,77.81,76.35,71.03,109.51,107.38,2.13,0.337,86.4,68.03,73.09,118.15,93.12,25.02,1.0,-22.89,72.06,16.39,10.77,79.33,75.21,71.25,111.25,105.52,5.73,0.39,86.4,68.04,73.09,118.14,93.14,25.0,0.999,-19.27,72.17,18.11,12.62,77.79,76.93,71.27,109.07,107.91,1.16,0.36,86.4,68.05,73.09,118.14,93.15,24.99,0.999,-23.83,72.18,15.92,10.23,77.69,76.42,71.28,108.91,107.17,1.74,0.397,86.39,68.06,73.09,118.14,93.17,24.97,0.999,-23.23,72.18,15.74,10.97,77.58,76.28,71.31,108.72,106.93,1.78,0.421,86.39,68.07,73.09,118.13,93.17,24.96,0.998,-23.17,72.2,15.54,11.19,77.35,76.35,71.32,108.38,107.01,1.36,0.405,86.39,68.07,73.09,118.13,93.18,24.95,0.998,-23.58,72.2,15.2,11.12,0,0,0,0,1,0,1
EuroLeague,2023-2024,Round 8,2023-11-15,FC Bayern München,Partizan Mozzart Bet Belgrade,94,85,71.5,131.5,118.9,118.9,131.5,3,14,-11,1,94,85,1,Partizan Mozzart Bet Belgrade,1.25,90.0,68.0,73.2,123.0,92.9,30.1,1.0,82.0,71.0,71.5,114.7,99.3,15.4,1.0,14.7,72.35,23.7,21.8,90.0,80.6,72.34,124.46,111.65,12.82,0.496,82.31,72.87,71.5,115.14,101.92,13.22,1.0,-0.4,71.92,22.54,3.49,85.12,75.82,71.65,118.66,105.83,12.84,0.619,82.31,72.87,71.5,115.14,101.92,13.22,1.0,-0.38,71.57,16.75,9.31,81.72,75.46,71.62,113.98,105.37,8.62,0.496,82.31,72.87,71.5,115.14,101.92,13.22,1.0,-4.6,71.56,12.07,9.77,82.32,74.16,71.55,114.95,103.64,11.3,0.553,82.31,72.87,71.5,115.14,101.92,13.22,1.0,-1.92,71.52,13.03,11.49,80.72,74.35,71.54,112.73,103.92,8.81,0.495,82.31,72.87,71.5,115.14,101.92,13.22,1.0,-4.41,71.52,10.81,11.22,81.72,73.59,71.68,113.88,102.69,11.19,0.526,82.31,72.87,71.5,115.14,101.92,13.22,1.0,-2.03,71.59,11.97,12.45,80.37,75.05,71.67,112.01,104.75,7.26,0.495,82.31,72.87,71.5,115.14,101.92,13.22,1.0,-5.96,71.59,10.09,10.39,80.16,74.73,71.66,111.74,104.3,7.44,0.518,82.31,72.87,71.5,115.14,101.92,13.22,1.0,-5.78,71.58,9.82,10.83,80.0,74.67,71.68,111.5,104.2,7.3,0.533,82.31,72.87,71.5,115.14,101.92,13.22,1.0,-5.92,71.59,9.58,10.93,0,0,0,1,0,0,1
EuroLeague,2023-2024,Round 9,2023-11-17,Zalgiris Kaunas,FC Bayern München,74,73,71.5,103.5,102.1,102.1,103.5,14,2,12,0,73,74,0,Zalgiris Kaunas,1.25,83.0,80.0,71.5,116.1,111.9,4.2,1.0,94.0,85.0,71.5,131.5,118.9,12.6,1.0,-8.4,71.5,-2.8,19.6,81.91,78.22,71.5,114.57,109.41,5.16,1.0,92.42,78.3,72.17,128.15,108.66,19.49,1.0,-14.34,71.83,5.91,18.74,81.9,78.22,71.5,114.55,109.41,5.15,0.999,91.73,82.5,71.98,127.51,114.79,12.72,0.714,-7.58,71.74,-0.23,18.1,81.89,78.22,71.5,114.55,109.41,5.14,0.999,88.37,79.18,71.59,123.36,110.61,12.75,0.758,-7.61,71.55,3.94,13.95,81.89,78.22,71.5,114.55,109.41,5.14,0.999,85.6,78.47,71.58,119.52,109.64,9.88,0.655,-4.73,71.54,4.91,10.12,81.89,78.22,71.5,114.55,109.41,5.14,0.999,85.71,77.32,71.54,119.76,108.08,11.68,0.683,-6.54,71.52,6.47,10.35,81.89,78.22,71.5,114.55,109.41,5.14,0.999,84.29,77.22,71.53,117.77,107.95,9.83,0.631,-4.68,71.52,6.61,8.37,81.89,78.22,71.5,114.55,109.41,5.14,0.999,84.87,76.52,71.64,118.4,106.85,11.55,0.648,-6.41,71.57,7.7,8.99,81.89,78.22,71.5,114.55,109.41,5.14,0.999,83.7,77.49,71.63,116.78,108.21,8.57,0.619,-3.42,71.57,6.34,7.37,81.89,78.22,71.5,114.55,109.41,5.14,0.999,83.43,77.15,71.63,116.41,107.75,8.66,0.632,-3.51,71.56,6.8,7.0,0,1,1,1,0,0,1
BBL,2023-2024,Round 8,2023-11-19,NINERS Chemnitz,FC Bayern München,77,73,71.4,107.8,102.2,102.2,107.8,14,2,12,0,73,77,0,NINERS Chemnitz,1.0,58.0,79.0,70.0,82.9,112.9,-30.0,0.0,73.0,74.0,71.5,102.1,103.5,-1.4,0.0,-28.6,70.75,-20.6,-10.8,59.51,79.85,70.3,84.62,113.59,-28.97,0.0,82.49,78.97,71.5,115.39,110.46,4.93,0.452,-33.9,70.9,-25.85,1.8,59.64,79.89,70.32,84.77,113.62,-28.85,0.0,84.2,76.48,71.89,117.12,106.47,10.65,0.576,-39.5,71.1,-21.7,3.49,59.72,79.92,70.33,84.88,113.64,-28.76,0.0,85.29,79.58,71.81,118.76,110.9,7.86,0.468,-36.62,71.07,-26.02,5.12,59.7,79.91,70.32,84.85,113.63,-28.79,0.0,83.65,77.59,71.57,116.83,108.43,8.4,0.525,-37.19,70.94,-23.58,3.19,59.72,79.87,70.32,84.89,113.58,-28.69,0.002,82.11,77.23,71.56,114.69,107.94,6.75,0.474,-35.45,70.94,-23.06,1.11,59.73,79.87,70.32,84.89,113.58,-28.69,0.002,82.4,76.45,71.53,115.16,106.89,8.27,0.505,-36.96,70.93,-22.0,1.58,59.73,79.87,70.32,84.89,113.58,-28.69,0.002,81.51,76.43,71.52,113.92,106.85,7.07,0.476,-35.76,70.92,-21.96,0.34,59.73,79.87,70.32,84.89,113.58,-28.69,0.002,82.06,75.92,71.6,114.53,106.05,8.48,0.494,-37.17,70.96,-21.16,0.95,59.73,79.87,70.32,84.89,113.58,-28.69,0.002,81.25,76.69,71.6,113.42,107.13,6.28,0.477,-34.98,70.96,-22.25,-0.16,0,1,1,0,1,0,1
EuroLeague,2023-2024,Round 10,2023-11-23,LDLC ASVEL Villeurbanne,FC Bayern München,100,101,71.5,139.9,141.3,141.3,139.9,14,4,10,0,101,100,1,LDLC ASVEL Villeurbanne,1.25,72.0,76.0,71.5,100.7,106.3,-5.6,0.0,73.0,77.0,71.4,102.2,107.8,-5.6,0.0,0.0,71.45,-7.1,-4.1,72.3,75.85,71.5,101.12,106.09,-4.96,0.0,73.0,75.48,71.45,102.15,105.62,-3.47,0.0,-1.5,71.48,-4.49,-3.94,72.3,75.85,71.5,101.12,106.09,-4.97,0.0,79.2,78.29,71.47,110.81,109.54,1.27,0.295,-6.25,71.48,-8.42,4.72,72.29,75.85,71.5,101.11,106.09,-4.98,0.0,80.94,76.63,71.74,112.77,106.86,5.92,0.409,-10.89,71.62,-5.75,6.69,72.29,75.85,71.5,101.11,106.09,-4.98,0.0,82.21,78.93,71.71,114.62,110.13,4.49,0.351,-9.47,71.61,-9.01,8.53,72.29,75.85,71.5,101.11,106.09,-4.98,0.0,81.2,77.45,71.53,113.47,108.28,5.19,0.405,-10.16,71.51,-7.17,7.38,72.29,75.85,71.5,101.11,106.09,-4.98,0.0,80.18,77.18,71.53,112.05,107.91,4.14,0.373,-9.11,71.51,-6.8,5.96,72.29,75.85,71.5,101.11,106.09,-4.98,0.0,80.5,76.56,71.5,112.54,107.07,5.47,0.403,-10.45,71.5,-5.96,6.45,72.29,75.85,71.5,101.11,106.09,-4.98,0.0,79.88,76.54,71.5,111.67,107.04,4.63,0.384,-9.61,71.5,-5.92,5.58,72.29,75.85,71.5,101.11,106.09,-4.98,0.0,80.36,76.12,71.57,112.23,106.38,5.85,0.402,-10.83,71.53,-5.27,6.14,0,0,0,1,0,0,0
BBL,2023-2024,Round 9,2023-11-26,FC Bayern München,ratiopharm ulm,95,80,75.0,126.7,106.7,106.7,126.7,3,14,-11,1,95,80,1,ratiopharm ulm,1.0,101.0,100.0,71.5,141.3,139.9,1.4,1.0,77.0,64.0,71.5,107.7,89.5,18.2,1.0,-16.8,71.5,51.8,-32.2,90.07,91.02,71.46,126.04,127.37,-1.33,0.61,77.31,66.35,71.81,107.67,92.29,15.38,0.898,-16.71,71.63,33.74,-19.7,85.17,86.14,71.47,119.17,120.52,-1.35,0.435,77.3,66.38,71.81,107.66,92.33,15.33,0.896,-16.68,71.64,26.84,-12.86,86.86,85.92,71.48,121.53,120.21,1.32,0.543,77.3,66.38,71.81,107.66,92.33,15.33,0.896,-14.01,71.64,29.19,-12.55,87.21,83.94,71.67,121.69,117.19,4.5,0.593,77.3,66.38,71.81,107.66,92.34,15.33,0.896,-10.82,71.74,29.35,-9.52,87.49,84.85,71.65,122.12,118.49,3.62,0.533,77.3,66.38,71.81,107.66,92.34,15.33,0.896,-11.7,71.73,29.78,-10.83,86.43,83.4,71.52,120.81,116.63,4.19,0.562,77.3,66.38,71.81,107.66,92.34,15.33,0.896,-11.14,71.66,28.48,-8.96,85.36,82.86,71.52,119.32,115.86,3.46,0.529,77.3,66.38,71.81,107.66,92.34,15.33,0.896,-11.87,71.66,26.98,-8.2,85.41,82.18,71.5,119.43,114.94,4.5,0.546,77.3,66.38,71.81,107.66,92.34,15.33,0.896,-10.83,71.65,27.1,-7.28,84.76,81.96,71.5,118.51,114.63,3.89,0.527,77.3,66.38,71.81,107.66,92.34,15.33,0.896,-11.44,71.65,26.18,-6.97,0,0,0,0,1,0,1
EuroLeague,2023-2024,Round 11,2023-11-30,FC Bayern München,Virtus Segafredo Bologna,90,76,71.5,125.9,106.3,106.3,125.9,4,14,-10,1,90,76,1,Virtus Segafredo Bologna,1.25,95.0,80.0,75.0,126.7,106.7,20.0,1.0,84.0,91.0,71.5,117.5,127.3,-9.8,0.0,29.8,73.25,-0.6,10.8,98.02,90.08,73.24,134.06,123.43,10.63,1.0,81.34,86.86,71.5,113.78,121.51,-7.73,0.148,18.36,72.37,12.55,-9.65,91.92,86.89,72.79,126.28,119.62,6.67,0.756,81.34,86.86,71.5,113.78,121.51,-7.73,0.148,14.4,72.14,4.78,-5.84,88.12,84.3,72.53,121.42,116.38,5.05,0.604,81.34,86.86,71.5,113.78,121.51,-7.73,0.148,12.78,72.01,-0.09,-2.6,88.95,84.4,72.38,122.86,116.74,6.12,0.66,81.34,86.86,71.5,113.78,121.51,-7.73,0.148,13.85,71.94,1.35,-2.96,89.04,83.01,72.45,122.87,114.72,8.15,0.689,81.34,86.86,71.5,113.78,121.51,-7.73,0.148,15.88,71.98,1.36,-0.94,89.12,83.8,72.38,123.11,115.94,7.17,0.635,81.34,86.86,71.5,113.78,121.51,-7.73,0.148,14.9,71.94,1.6,-2.16,88.19,82.7,72.24,122.03,114.58,7.45,0.652,81.34,86.86,71.5,113.78,121.51,-7.73,0.148,15.18,71.87,0.52,-0.8,87.25,82.29,72.2,120.77,114.06,6.71,0.622,81.34,86.86,71.5,113.78,121.51,-7.73,0.148,14.44,71.85,-0.74,-0.28,87.24,81.76,72.17,120.82,113.37,7.45,0.633,81.34,86.86,71.5,113.78,121.51,-7.73,0.148,15.19,71.83,-0.69,0.41,0,0,0,1,0,0,1
BBL,2023-2024,Round 10,2023-12-03,RASTA Vechta,FC Bayern München,81,85,73.5,110.2,115.6,115.6,110.2,14,3,11,0,85,81,1,RASTA Vechta,1.0,74.0,89.0,72.1,102.6,123.4,-20.8,0.0,90.0,76.0,71.5,125.9,106.3,19.6,1.0,-40.4,71.8,-3.7,2.5,74.41,89.1,72.3,102.89,123.21,-20.32,0.0,91.95,77.56,72.87,126.21,106.46,19.76,1.0,-40.08,72.58,-3.57,3.0,74.41,89.1,72.3,102.88,123.21,-20.32,0.0,94.52,83.93,72.48,130.5,115.95,14.54,1.0,-34.87,72.39,-13.07,7.29,74.41,89.1,72.3,102.88,123.21,-20.32,0.0,91.21,82.87,72.31,126.14,114.7,11.44,0.846,-31.77,72.3,-11.81,2.94,74.41,89.1,72.3,102.88,123.21,-20.32,0.0,88.72,81.65,72.2,122.85,113.16,9.69,0.73,-30.01,72.25,-10.28,-0.36,74.41,89.1,72.3,102.88,123.21,-20.32,0.0,89.25,81.99,72.13,123.73,113.75,9.98,0.758,-30.3,72.21,-10.86,0.52,74.41,89.1,72.3,102.88,123.21,-20.32,0.0,89.3,81.13,72.2,123.68,112.46,11.23,0.773,-31.55,72.25,-9.57,0.48,74.41,89.1,72.3,102.88,123.21,-20.32,0.0,89.34,81.83,72.16,123.81,113.5,10.31,0.727,-30.64,72.23,-10.62,0.61,74.41,89.1,72.3,102.88,123.21,-20.32,0.0,88.63,81.07,72.06,122.97,112.56,10.41,0.737,-30.73,72.18,-9.68,-0.24,74.41,89.1,72.3,102.88,123.21,-20.32,0.0,87.9,80.82,72.04,121.97,112.24,9.74,0.711,-30.06,72.17,-9.35,-1.23,0,0,0,0,1,0,0
EuroLeague,2023-2024,Round 12,2023-12-05,FC Bayern München,EA7 Emporio Armani Milan,91,84,71.5,127.3,117.5,117.5,127.3,2,14,-12,1,91,84,1,EA7 Emporio Armani Milan,1.25,85.0,81.0,73.5,115.6,110.2,5.4,1.0,99.0,74.0,71.5,138.5,103.5,35.0,1.0,-29.6,72.5,12.1,28.3,87.52,78.48,72.49,120.79,108.23,12.56,1.0,97.77,74.54,71.5,136.78,104.25,32.53,1.0,-19.97,72.0,16.54,28.55,89.34,78.85,73.1,122.23,107.86,14.37,1.0,97.77,74.54,71.5,136.78,104.25,32.53,1.0,-18.16,72.3,17.98,28.92,91.66,83.05,72.79,126.02,114.22,11.8,1.0,97.77,74.54,71.5,136.78,104.25,32.53,1.0,-20.73,72.14,21.77,22.56,89.55,82.37,72.63,123.33,113.5,9.83,0.887,97.77,74.54,71.5,136.78,104.25,32.53,1.0,-22.7,72.06,19.08,23.28,87.83,81.5,72.51,121.12,112.46,8.66,0.795,97.77,74.54,71.5,136.78,104.25,32.53,1.0,-23.87,72.01,16.87,24.32,88.32,81.77,72.43,121.94,112.97,8.97,0.811,97.77,74.54,71.5,136.78,104.25,32.53,1.0,-23.56,71.97,17.69,23.81,88.4,81.1,72.47,121.99,111.98,10.01,0.82,97.77,74.54,71.5,136.78,104.25,32.53,1.0,-22.52,71.98,17.74,24.8,88.48,81.66,72.42,122.18,112.84,9.33,0.781,97.77,74.54,71.5,136.78,104.25,32.53,1.0,-23.19,71.96,17.93,23.94,87.93,81.05,72.34,121.55,112.11,9.44,0.788,97.77,74.54,71.5,136.78,104.25,32.53,1.0,-23.09,71.92,17.29,24.68,1,0,-1,1,0,0,1
EuroLeague,2023-2024,Round 13,2023-12-08,Olympiacos Piraeus,FC Bayern München,77,69,71.5,107.7,96.5,96.5,107.7,14,3,11,0,69,77,0,Olympiacos Piraeus,1.25,102.0,74.0,71.5,142.7,103.5,39.2,1.0,91.0,84.0,71.5,127.3,117.5,9.8,1.0,29.4,71.5,25.2,23.8,99.26,73.59,71.5,138.87,102.93,35.95,1.0,88.61,82.81,72.3,122.65,114.6,8.05,1.0,27.89,71.9,24.27,19.72,99.26,73.62,71.5,138.87,102.97,35.89,1.0,89.01,80.85,72.07,123.58,112.21,11.37,1.0,24.52,71.78,26.66,20.61,99.25,73.62,71.5,138.85,102.96,35.89,1.0,89.94,80.72,72.52,124.07,111.35,12.71,1.0,23.17,72.01,27.5,21.11,99.25,73.62,71.5,138.85,102.96,35.89,1.0,91.45,83.35,72.38,126.42,115.25,11.17,1.0,24.72,71.94,23.6,23.46,99.25,73.62,71.5,138.85,102.96,35.89,1.0,89.97,82.84,72.3,124.47,114.65,9.82,0.92,26.07,71.9,24.2,21.51,99.25,73.62,71.5,138.85,102.96,35.89,1.0,88.67,82.16,72.24,122.76,113.8,8.96,0.849,26.93,71.87,25.06,19.8,99.25,73.62,71.5,138.85,102.96,35.89,1.0,88.99,82.33,72.2,123.28,114.1,9.18,0.858,26.71,71.85,24.75,20.32,99.25,73.62,71.5,138.85,102.96,35.89,1.0,89.03,81.8,72.24,123.27,113.31,9.96,0.863,25.93,71.87,25.54,20.31,99.25,73.62,71.5,138.85,102.96,35.89,1.0,89.06,82.21,72.21,123.37,113.92,9.44,0.832,26.45,71.85,24.93,20.4,0,0,0,1,0,0,1
BBL-Pokal,2023-2024,Quarterfinal,2023-12-09,Telekom Baskets Bonn,FC Bayern München,78,86,73.0,106.8,117.8,117.8,106.8,14,1,13,0,86,78,1,Telekom Baskets Bonn,1.05,68.0,90.0,73.2,92.9,123.0,-30.1,0.0,69.0,77.0,71.5,96.5,107.7,-11.2,0.0,-18.9,72.35,-14.8,-26.5,68.87,88.72,73.13,94.2,121.34,-27.14,0.058,78.86,80.14,71.5,110.31,112.09,-1.79,0.448,-25.36,72.32,-17.89,-11.03,69.78,87.88,73.13,95.43,120.18,-24.75,0.1,80.26,80.33,71.96,111.52,111.66,-0.15,0.574,-24.6,72.55,-16.23,-8.67,70.64,86.99,73.2,96.5,118.89,-22.39,0.133,82.1,79.52,71.87,114.22,110.65,3.57,0.654,-25.96,72.54,-14.15,-4.66,70.76,86.72,73.19,96.69,118.54,-21.85,0.149,83.48,79.57,72.21,115.57,110.23,5.34,0.692,-27.19,72.7,-13.54,-2.98,70.78,86.68,73.18,96.72,118.48,-21.77,0.151,85.21,81.58,72.14,118.1,113.15,4.95,0.722,-26.72,72.66,-16.43,-0.38,70.78,86.68,73.18,96.72,118.48,-21.76,0.151,84.49,81.31,72.09,117.16,112.83,4.32,0.679,-26.09,72.64,-16.11,-1.33,70.78,86.68,73.18,96.72,118.48,-21.76,0.151,83.82,80.89,72.06,116.29,112.29,3.99,0.64,-25.76,72.62,-15.57,-2.19,70.79,86.68,73.18,96.72,118.48,-21.76,0.151,84.29,81.08,72.03,116.98,112.59,4.39,0.656,-26.14,72.61,-15.87,-1.5,70.79,86.68,73.18,96.72,118.48,-21.76,0.151,84.45,80.7,72.07,117.15,112.03,5.12,0.666,-26.88,72.63,-15.31,-1.33,0,1,1,0,0,1,0
EuroLeague,2023-2024,Round 14,2023-12-14,Real Madrid,FC Bayern München,88,73,71.5,123.1,102.1,102.1,123.1,14,5,9,0,73,88,0,Real Madrid,1.25,79.0,67.0,71.5,110.5,93.7,16.8,1.0,86.0,78.0,73.0,117.8,106.8,11.0,1.0,5.8,72.25,3.7,24.1,77.53,66.6,71.5,108.45,93.14,15.31,1.0,77.51,77.5,72.25,107.17,107.25,-0.08,0.501,15.39,71.88,1.2,14.03,77.56,66.68,71.5,108.49,93.26,15.23,0.997,81.41,79.38,72.03,112.98,110.21,2.77,0.645,12.46,71.77,-1.72,19.72,77.56,66.68,71.5,108.49,93.26,15.23,0.997,81.98,79.64,72.27,113.4,110.21,3.19,0.702,12.04,71.88,-1.72,20.14,77.56,66.68,71.5,108.49,93.26,15.23,0.997,83.1,79.13,72.16,115.14,109.66,5.48,0.743,9.75,71.83,-1.17,21.89,77.56,66.68,71.5,108.49,93.26,15.23,0.997,84.08,79.2,72.39,116.09,109.42,6.68,0.764,8.55,71.95,-0.93,22.84,77.56,66.68,71.5,108.49,93.26,15.23,0.997,85.38,80.8,72.33,118.04,111.77,6.27,0.783,8.96,71.91,-3.28,24.78,77.56,66.68,71.5,108.49,93.26,15.23,0.997,84.8,80.62,72.28,117.29,111.58,5.71,0.746,9.52,71.89,-3.09,24.03,77.56,66.68,71.5,108.49,93.26,15.23,0.997,84.25,80.32,72.25,116.59,111.21,5.38,0.711,9.85,71.87,-2.72,23.33,77.56,66.68,71.5,108.49,93.26,15.23,0.997,84.61,80.49,72.22,117.14,111.49,5.65,0.722,9.58,71.86,-3.0,23.88,0,0,0,1,0,0,1
BBL,2023-2024,Round 11,2023-12-17,FC Bayern München,BG Göttingen,86,60,70.8,121.5,84.7,84.7,121.5,3,14,-11,1,86,60,1,BG Göttingen,1.0,73.0,88.0,71.5,102.1,123.1,-21.0,0.0,74.0,105.0,76.5,96.7,137.3,-40.6,0.0,19.6,74.0,-35.2,-26.4,78.18,84.02,72.1,108.36,116.61,-8.25,0.398,73.98,104.93,76.48,96.69,137.23,-40.54,0.0,32.29,74.29,-28.87,-19.92,75.57,82.02,71.93,104.99,114.07,-9.09,0.285,73.98,104.93,76.48,96.69,137.23,-40.54,0.0,31.45,74.21,-32.24,-17.38,78.47,82.39,71.85,109.17,114.72,-5.54,0.419,73.98,104.93,76.48,96.69,137.23,-40.54,0.0,34.99,74.17,-28.05,-18.03,79.19,82.24,72.03,109.88,114.22,-4.34,0.483,73.98,104.93,76.48,96.69,137.23,-40.54,0.0,36.2,74.26,-27.35,-17.53,80.27,81.61,71.98,111.49,113.42,-1.93,0.535,73.98,104.93,76.48,96.69,137.23,-40.54,0.0,38.61,74.23,-25.73,-16.73,81.17,81.51,72.16,112.41,113.01,-0.6,0.563,73.98,104.93,76.48,96.69,137.23,-40.54,0.0,39.94,74.32,-24.81,-16.33,82.32,82.58,72.12,114.09,114.57,-0.48,0.589,73.98,104.93,76.48,96.69,137.23,-40.54,0.0,40.05,74.3,-23.14,-17.88,81.98,82.38,72.1,113.66,114.33,-0.67,0.568,73.98,104.93,76.48,96.69,137.23,-40.54,0.0,39.87,74.29,-23.56,-17.64,81.66,82.09,72.07,113.25,113.94,-0.69,0.547,73.98,104.93,76.48,96.69,137.23,-40.54,0.0,39.84,74.28,-23.98,-17.26,0,0,0,0,1,0,1
EuroLeague,2023-2024,Round 15,2023-12-20,FC Bayern München,Anadolu Efes Istanbul,86,71,71.5,120.3,99.3,99.3,120.3,3,14,-11,1,86,71,1,Anadolu Efes Istanbul,1.25,86.0,60.0,70.8,121.5,84.7,36.8,1.0,81.0,89.0,71.5,113.3,124.5,-11.2,0.0,48.0,71.15,-3.0,28.6,79.45,74.11,71.15,111.72,104.05,7.67,0.496,80.37,87.33,71.5,112.42,122.16,-9.74,0.0,17.41,71.33,-10.44,8.37,81.09,75.08,71.62,113.24,104.74,8.51,0.622,80.38,87.25,71.5,112.43,122.04,-9.61,0.007,18.12,71.56,-8.8,7.69,78.68,75.47,71.59,109.9,105.33,4.57,0.498,80.37,87.24,71.5,112.42,122.04,-9.62,0.007,14.19,71.55,-12.14,7.09,80.4,76.66,71.58,112.33,107.03,5.3,0.568,80.37,87.24,71.5,112.42,122.04,-9.62,0.007,14.92,71.54,-9.71,5.39,80.78,77.02,71.74,112.61,107.3,5.31,0.604,80.37,87.24,71.5,112.42,122.04,-9.62,0.007,14.93,71.62,-9.43,5.12,81.51,76.94,71.72,113.66,107.22,6.44,0.636,80.37,87.24,71.5,112.42,122.04,-9.62,0.007,16.06,71.61,-8.38,5.2,82.16,77.09,71.88,114.28,107.19,7.09,0.653,80.37,87.24,71.5,112.42,122.04,-9.62,0.007,16.71,71.69,-7.75,5.22,83.04,78.16,71.86,115.54,108.72,6.83,0.669,80.37,87.24,71.5,112.42,122.04,-9.62,0.007,16.45,71.68,-6.5,3.7,82.75,78.12,71.85,115.15,108.69,6.47,0.65,80.37,87.24,71.5,112.42,122.04,-9.62,0.007,16.09,71.67,-6.88,3.73,0,0,0,1,0,0,1
BBL,2023-2024,Round 12,2023-12-22,MLP Academics Heidelberg,FC Bayern München,89,82,74.6,119.3,109.9,109.9,119.3,14,2,12,0,82,89,0,MLP Academics Heidelberg,1.0,83.0,87.0,73.6,112.8,118.2,-5.4,0.0,86.0,71.0,71.5,120.3,99.3,21.0,1.0,-26.4,72.55,13.5,2.1,83.0,87.0,73.6,112.8,118.2,-5.4,0.0,86.0,66.67,71.22,120.77,93.55,27.22,1.0,-32.62,72.41,19.25,2.57,83.0,87.0,73.6,112.8,118.2,-5.4,0.0,82.28,72.76,71.3,115.44,101.99,13.44,0.714,-18.84,72.45,10.81,-2.76,83.0,87.0,73.6,112.8,118.2,-5.4,0.0,82.88,73.6,71.57,115.81,102.76,13.05,0.76,-18.45,72.59,10.04,-2.39,83.0,87.0,73.6,112.8,118.2,-5.4,0.0,80.98,74.06,71.56,113.17,103.44,9.73,0.656,-15.13,72.58,9.36,-5.03,83.0,87.0,73.6,112.8,118.2,-5.4,0.0,81.98,75.06,71.56,114.58,104.84,9.74,0.69,-15.14,72.58,7.96,-3.62,83.0,87.0,73.6,112.8,118.2,-5.4,0.0,82.17,75.43,71.68,114.65,105.18,9.47,0.709,-14.87,72.64,7.62,-3.55,83.0,87.0,73.6,112.8,118.2,-5.4,0.0,82.63,75.46,71.67,115.31,105.24,10.07,0.727,-15.47,72.63,7.56,-2.89,83.0,87.0,73.6,112.8,118.2,-5.4,0.0,83.08,75.63,71.79,115.73,105.3,10.43,0.737,-15.83,72.69,7.5,-2.47,83.0,87.0,73.6,112.8,118.2,-5.4,0.0,83.72,76.5,71.78,116.64,106.53,10.11,0.746,-15.51,72.69,6.27,-1.56,0,1,1,0,1,0,1
EuroLeague,2023-2024,Round 16,2023-12-22,FC Bayern München,AS Monaco,80,91,71.5,111.9,127.3,127.3,111.9,1,14,-13,1,80,91,0,AS Monaco,1.25,82.0,89.0,74.6,109.9,119.3,-9.4,0.0,84.0,81.0,71.5,117.5,113.3,4.2,1.0,-13.6,73.05,-3.4,-1.8,84.05,79.79,73.01,115.22,109.07,6.15,0.511,83.54,80.77,71.5,116.86,112.98,3.88,1.0,2.27,72.26,2.24,7.79,84.53,74.86,72.46,116.79,102.99,13.79,0.633,83.54,80.77,71.5,116.86,112.98,3.88,1.0,9.91,71.98,3.81,13.87,82.2,77.51,72.27,113.82,107.06,6.76,0.505,83.55,80.77,71.5,116.87,112.97,3.89,1.0,2.87,71.88,0.84,9.81,82.65,77.57,72.35,114.29,107.03,7.26,0.564,83.55,80.77,71.5,116.87,112.97,3.89,1.0,3.37,71.93,1.31,9.84,81.21,77.51,72.26,112.41,107.1,5.32,0.504,83.55,80.77,71.5,116.87,112.97,3.89,1.0,1.42,71.88,-0.56,9.77,81.98,78.02,72.2,113.59,107.92,5.67,0.543,83.55,80.77,71.5,116.87,112.97,3.89,1.0,1.78,71.85,0.61,8.95,82.13,78.17,72.27,113.69,108.03,5.66,0.566,83.55,80.77,71.5,116.87,112.97,3.89,1.0,1.76,71.88,0.71,8.84,82.51,78.07,72.23,114.27,107.95,6.32,0.587,83.55,80.77,71.5,116.87,112.97,3.89,1.0,2.43,71.87,1.3,8.92,82.88,78.12,72.31,114.64,107.91,6.73,0.599,83.55,80.77,71.5,116.87,112.97,3.89,1.0,2.84,71.91,1.67,8.96,1,0,-1,1,0,0,0
BBL,2023-2024,Round 13,2023-12-27,FC Bayern München,Bamberg Baskets,92,84,74.0,124.3,113.5,113.5,124.3,5,14,-9,1,92,84,1,Bamberg Baskets,1.0,80.0,91.0,71.5,111.9,127.3,-15.4,0.0,87.0,84.0,73.5,118.4,114.3,4.1,1.0,-19.5,72.5,-2.4,-8.9,80.81,90.19,72.75,111.09,124.06,-12.97,0.0,85.27,82.73,73.12,116.58,113.11,3.47,0.885,-16.44,72.94,-2.02,-7.48,82.34,84.54,72.39,113.8,116.77,-2.97,0.294,84.71,82.8,73.08,115.86,113.27,2.59,0.856,-5.56,72.73,0.53,-0.91,82.93,80.6,72.13,115.04,111.62,3.42,0.408,84.71,82.83,73.09,115.86,113.31,2.55,0.854,0.87,72.61,1.73,4.24,81.53,81.64,72.04,113.22,113.23,-0.01,0.351,84.71,82.83,73.09,115.85,113.31,2.54,0.854,-2.55,72.56,-0.08,2.62,81.91,81.33,72.12,113.61,112.68,0.93,0.406,84.71,82.83,73.09,115.85,113.31,2.54,0.854,-1.61,72.61,0.31,3.17,80.9,80.99,72.07,112.28,112.29,-0.02,0.374,84.71,82.83,73.09,115.85,113.31,2.54,0.854,-2.56,72.58,-1.03,3.56,81.51,81.17,72.04,113.17,112.6,0.57,0.411,84.71,82.83,73.09,115.85,113.31,2.54,0.854,-1.97,72.56,-0.13,3.25,81.64,81.16,72.1,113.26,112.51,0.75,0.434,84.71,82.83,73.09,115.85,113.31,2.54,0.854,-1.79,72.59,-0.04,3.34,81.95,80.97,72.07,113.73,112.28,1.45,0.455,84.71,82.83,73.09,115.85,113.31,2.54,0.854,-1.09,72.58,0.43,3.57,0,0,0,0,1,0,1
EuroLeague,2023-2024,Round 17,2023-12-28,FC Bayern München,Valencia Basket,85,84,71.5,118.9,117.5,117.5,118.9,1,14,-13,1,85,84,1,Valencia Basket,1.25,92.0,84.0,74.0,124.3,113.5,10.8,1.0,82.0,73.0,71.5,114.7,102.1,12.6,1.0,-1.8,72.75,22.2,1.2,86.04,87.47,72.76,118.14,120.35,-2.21,0.504,84.96,80.1,71.5,118.84,112.04,6.8,0.704,-9.01,72.13,6.11,-1.51,85.02,87.86,73.22,116.06,120.09,-4.02,0.377,84.96,80.1,71.5,118.84,112.04,6.8,0.704,-10.82,72.36,4.03,-1.24,85.22,84.38,72.87,116.94,115.79,1.15,0.505,84.96,80.1,71.5,118.84,112.04,6.8,0.704,-5.66,72.18,4.9,3.05,85.32,81.49,72.62,117.48,112.11,5.36,0.564,84.96,80.1,71.5,118.84,112.04,6.8,0.704,-1.44,72.06,5.44,6.73,83.99,82.19,72.5,115.83,113.29,2.54,0.503,84.96,80.1,71.5,118.84,112.04,6.8,0.704,-4.27,72.0,3.79,5.55,84.13,81.91,72.54,115.96,112.86,3.1,0.536,84.96,80.1,71.5,118.84,112.04,6.8,0.704,-3.71,72.02,3.92,5.98,83.19,81.61,72.47,114.75,112.54,2.21,0.503,84.96,80.1,71.5,118.84,112.04,6.8,0.704,-4.59,71.99,2.71,6.3,83.56,81.72,72.42,115.35,112.78,2.57,0.527,84.96,80.1,71.5,118.84,112.04,6.8,0.704,-4.23,71.96,3.32,6.06,83.61,81.7,72.46,115.36,112.7,2.66,0.541,84.96,80.1,71.5,118.84,112.04,6.8,0.704,-4.14,71.98,3.32,6.14,1,0,-1,1,0,0,1
BBL,2023-2024,Round 14,2023-12-30,ROSTOCK SEAWOLVES,FC Bayern München,85,91,75.2,113.0,121.0,121.0,113.0,14,2,12,0,91,85,1,ROSTOCK SEAWOLVES,1.0,89.0,78.0,74.8,119.0,104.3,14.7,1.0,85.0,84.0,71.5,118.9,117.5,1.4,1.0,13.3,73.15,1.5,14.6,86.2,78.0,74.45,115.67,104.8,10.87,0.883,87.81,84.0,72.5,121.07,115.9,5.17,1.0,5.7,73.48,-0.23,16.26,86.2,78.0,74.45,115.67,104.8,10.87,0.883,85.6,85.98,72.22,118.47,119.13,-0.66,0.717,11.53,73.33,-3.46,13.67,86.2,78.0,74.45,115.67,104.8,10.87,0.883,85.01,86.47,72.6,117.08,119.16,-2.07,0.601,12.94,73.53,-3.49,12.28,86.2,78.0,74.45,115.67,104.8,10.87,0.883,85.16,84.26,72.45,117.54,116.32,1.22,0.658,9.64,73.45,-0.65,12.74,86.2,78.0,74.45,115.67,104.8,10.87,0.883,85.23,82.2,72.31,117.88,113.63,4.25,0.687,6.62,73.38,2.04,13.08,86.2,78.0,74.45,115.67,104.8,10.87,0.883,84.26,82.66,72.24,116.63,114.39,2.24,0.632,8.63,73.35,1.28,11.82,86.2,78.0,74.45,115.67,104.8,10.87,0.883,84.34,82.43,72.28,116.68,114.01,2.68,0.651,8.19,73.36,1.66,11.88,86.2,78.0,74.45,115.67,104.8,10.87,0.883,83.61,82.17,72.24,115.73,113.71,2.02,0.62,8.85,73.35,1.96,10.92,86.2,78.0,74.45,115.67,104.8,10.87,0.883,83.89,82.24,72.22,116.16,113.85,2.31,0.634,8.56,73.33,1.82,11.35,0,1,1,0,1,0,0
EuroLeague,2023-2024,Round 18,2024-01-03,Virtus Segafredo Bologna,FC Bayern München,85,83,71.5,118.9,116.1,116.1,118.9,14,4,10,0,83,85,0,Virtus Segafredo Bologna,1.25,76.0,90.0,71.5,106.3,125.9,-19.6,0.0,91.0,85.0,75.2,121.0,113.0,8.0,1.0,-27.6,73.35,-6.7,-4.9,76.07,90.01,71.5,106.39,125.91,-19.52,0.0,87.95,84.49,73.32,119.93,115.28,4.65,1.0,-24.17,72.41,-8.89,-5.98,76.05,89.97,71.5,106.37,125.86,-19.48,0.001,88.98,84.37,73.49,121.04,114.83,6.21,1.0,-25.69,72.5,-8.46,-4.81,76.05,89.97,71.5,106.37,125.86,-19.48,0.001,87.18,85.69,73.09,119.21,117.33,1.89,0.8,-21.37,72.3,-10.95,-6.64,76.05,89.97,71.5,106.37,125.86,-19.48,0.001,86.56,86.09,73.28,118.1,117.56,0.53,0.704,-20.02,72.39,-11.19,-7.76,76.05,89.97,71.5,106.37,125.86,-19.48,0.001,86.5,84.43,73.08,118.34,115.56,2.78,0.737,-22.27,72.29,-9.18,-7.52,76.05,89.97,71.5,106.37,125.86,-19.48,0.001,86.47,82.8,72.93,118.55,113.5,5.05,0.754,-24.54,72.21,-7.12,-7.31,76.05,89.97,71.5,106.37,125.86,-19.48,0.001,85.61,83.13,72.84,117.51,114.11,3.4,0.706,-22.88,72.17,-7.73,-8.35,76.05,89.97,71.5,106.37,125.86,-19.48,0.001,85.63,82.93,72.84,117.52,113.81,3.71,0.718,-23.19,72.17,-7.44,-8.34,76.05,89.97,71.5,106.37,125.86,-19.48,0.001,84.99,82.7,72.79,116.71,113.58,3.13,0.69,-22.61,72.15,-7.2,-9.15,0,0,0,1,0,0,1
EuroLeague,2023-2024,Round 19,2024-01-05,EA7 Emporio Armani Milan,FC Bayern München,76,62,71.5,106.3,86.7,86.7,106.3,14,2,12,0,62,76,0,EA7 Emporio Armani Milan,1.25,84.0,91.0,71.5,117.5,127.3,-9.8,0.0,83.0,85.0,71.5,116.1,118.9,-2.8,0.0,-7.0,71.5,-1.4,-11.2,84.27,90.69,71.5,117.88,126.87,-9.0,0.018,86.12,85.0,72.94,118.01,116.6,1.42,0.39,-10.41,72.22,1.28,-8.86,84.27,90.68,71.5,117.87,126.85,-8.98,0.019,85.8,84.71,72.53,118.27,116.86,1.41,0.565,-10.39,72.01,1.02,-8.59,84.27,90.68,71.5,117.87,126.85,-8.98,0.019,86.8,84.6,72.77,119.24,116.31,2.93,0.635,-11.9,72.13,1.56,-7.61,84.27,90.68,71.5,117.87,126.85,-8.98,0.019,85.87,85.48,72.59,118.23,117.82,0.41,0.548,-9.39,72.05,0.05,-8.62,84.27,90.68,71.5,117.87,126.85,-8.98,0.019,85.54,85.78,72.76,117.52,117.95,-0.42,0.502,-8.55,72.13,-0.07,-9.33,84.27,90.68,71.5,117.87,126.85,-8.98,0.019,85.58,84.58,72.66,117.75,116.44,1.31,0.542,-10.29,72.08,1.43,-9.11,84.27,90.68,71.5,117.87,126.85,-8.98,0.019,85.6,83.35,72.57,117.93,114.86,3.08,0.565,-12.06,72.03,3.02,-8.92,84.27,90.68,71.5,117.87,126.85,-8.98,0.019,84.99,83.58,72.52,117.17,115.25,1.92,0.537,-10.9,72.01,2.62,-9.68,84.27,90.68,71.5,117.87,126.85,-8.98,0.019,85.02,83.41,72.53,117.19,114.99,2.2,0.552,-11.18,72.02,2.88,-9.66,0,1,1,1,0,0,1
BBL,2023-2024,Round 15,2024-01-07,FC Bayern München,MHP RIESEN Ludwigsburg,92,84,73.8,124.7,113.8,113.8,124.7,2,14,-12,1,92,84,1,MHP RIESEN Ludwigsburg,1.0,62.0,76.0,71.5,86.7,106.3,-19.6,0.0,96.0,68.0,75.2,127.7,90.4,37.3,1.0,-56.9,73.35,-3.7,21.4,71.49,80.07,71.5,99.99,112.0,-12.01,0.0,95.94,68.04,75.19,127.63,90.47,37.16,0.996,-49.17,73.34,9.52,15.63,75.87,81.18,72.33,104.71,112.22,-7.51,0.224,95.93,68.04,75.19,127.63,90.47,37.16,0.996,-44.67,73.76,14.23,15.41,77.59,81.71,72.17,107.37,113.21,-5.84,0.37,95.93,68.04,75.19,127.63,90.47,37.15,0.996,-42.99,73.68,16.9,14.41,79.2,81.96,72.38,109.27,113.25,-3.98,0.441,95.93,68.04,75.19,127.62,90.48,37.15,0.996,-41.13,73.78,18.79,14.38,79.28,82.86,72.29,109.53,114.64,-5.11,0.397,95.93,68.05,75.19,127.62,90.48,37.15,0.996,-42.26,73.74,19.05,12.98,79.45,83.25,72.44,109.55,114.94,-5.38,0.372,95.93,68.05,75.19,127.62,90.48,37.14,0.996,-42.53,73.81,19.07,12.69,79.85,82.5,72.38,110.21,113.98,-3.77,0.41,95.93,68.05,75.19,127.62,90.48,37.14,0.996,-40.91,73.78,19.73,13.65,80.09,81.64,72.32,110.64,112.86,-2.22,0.433,95.93,68.05,75.19,127.62,90.48,37.14,0.996,-39.36,73.75,20.16,14.77,79.82,81.88,72.29,110.32,113.24,-2.92,0.417,95.93,68.05,75.19,127.62,90.48,37.14,0.996,-40.06,73.74,19.84,14.38,1,0,-1,0,1,0,1
EuroLeague,2023-2024,Round 20,2024-01-09,FC Bayern München,Real Madrid,71,92,71.5,99.3,128.7,128.7,99.3,2,14,-12,1,71,92,0,Real Madrid,1.25,92.0,84.0,73.8,124.7,113.8,10.9,1.0,88.0,73.0,71.5,123.1,102.1,21.0,1.0,-10.1,72.65,22.6,9.3,76.77,79.94,72.63,105.41,109.99,-4.58,0.492,87.83,72.89,71.5,122.86,101.94,20.92,1.0,-25.5,72.07,3.47,12.87,78.61,81.43,72.3,108.56,112.62,-4.06,0.347,87.77,72.86,71.5,122.78,101.9,20.88,1.0,-24.93,71.9,6.66,10.16,80.58,82.0,72.76,110.54,112.68,-2.14,0.451,87.77,72.86,71.5,122.78,101.91,20.87,1.0,-23.01,72.13,8.64,10.1,81.2,82.28,72.58,111.72,113.36,-1.64,0.528,87.77,72.86,71.5,122.78,101.91,20.87,1.0,-22.52,72.04,9.81,9.42,82.13,82.43,72.7,112.8,113.37,-0.57,0.569,87.77,72.86,71.5,122.78,101.91,20.87,1.0,-21.44,72.1,10.9,9.41,81.97,83.1,72.61,112.73,114.46,-1.73,0.524,87.77,72.86,71.5,122.78,101.91,20.87,1.0,-22.6,72.06,10.83,8.32,81.97,83.4,72.71,112.59,114.71,-2.12,0.498,87.77,72.86,71.5,122.78,101.91,20.87,1.0,-22.99,72.11,10.68,8.07,82.17,82.78,72.65,112.97,113.94,-0.97,0.523,87.77,72.86,71.5,122.78,101.91,20.87,1.0,-21.85,72.08,11.07,8.83,82.29,82.07,72.59,113.24,113.03,0.21,0.538,87.77,72.86,71.5,122.78,101.91,20.87,1.0,-20.67,72.05,11.33,9.75,1,0,-1,1,0,0,0
EuroLeague,2023-2024,Round 21,2024-01-11,Fenerbahce Beko Istanbul,FC Bayern München,98,91,71.5,137.1,127.3,127.3,137.1,14,2,12,0,91,98,0,Fenerbahce Beko Istanbul,1.25,76.0,67.0,71.5,106.3,93.7,12.6,1.0,71.0,92.0,71.5,99.3,128.7,-29.4,0.0,42.0,71.5,-22.4,5.6,76.03,67.04,71.5,106.35,93.76,12.58,1.0,79.35,88.82,72.41,109.4,122.78,-13.38,0.398,25.96,71.96,-16.43,15.64,76.03,67.03,71.5,106.34,93.75,12.59,1.0,74.3,85.09,72.15,102.8,117.99,-15.19,0.282,27.78,71.82,-11.65,9.05,76.03,67.03,71.5,106.34,93.75,12.59,1.0,75.99,85.07,72.02,105.37,118.16,-12.79,0.227,25.38,71.76,-11.82,11.62,76.03,67.03,71.5,106.34,93.75,12.59,1.0,77.64,85.07,72.37,107.09,117.59,-10.5,0.313,23.09,71.94,-11.25,13.35,76.03,67.03,71.5,106.34,93.75,12.59,1.0,78.39,84.96,72.28,108.3,117.58,-9.29,0.383,21.88,71.89,-11.24,14.55,76.03,67.03,71.5,106.34,93.75,12.59,1.0,79.26,84.9,72.39,109.32,117.32,-8.0,0.422,20.59,71.95,-10.98,15.57,76.03,67.03,71.5,106.34,93.75,12.59,1.0,79.31,85.26,72.34,109.48,117.91,-8.44,0.397,21.03,71.92,-11.57,15.73,76.03,67.03,71.5,106.34,93.75,12.59,1.0,79.41,85.4,72.43,109.49,117.97,-8.48,0.382,21.07,71.96,-11.63,15.74,76.03,67.03,71.5,106.34,93.75,12.59,1.0,79.66,84.85,72.39,109.91,117.25,-7.34,0.406,19.94,71.95,-10.91,16.16,0,1,1,1,0,0,1
BBL,2023-2024,Round 16,2024-01-14,ALBA Berlin,FC Bayern München,65,82,72.0,90.3,113.9,113.9,90.3,14,3,11,0,82,65,1,ALBA Berlin,1.0,68.0,80.0,71.5,95.1,111.9,-16.8,0.0,91.0,98.0,71.5,127.3,137.1,-9.8,0.0,-7.0,71.5,-42.0,15.4,68.32,79.8,71.5,95.54,111.62,-16.08,0.039,81.96,95.29,71.5,114.64,133.3,-18.66,0.0,2.58,71.5,-37.76,3.02,68.48,79.86,71.54,95.7,111.64,-15.94,0.039,84.27,92.69,72.03,116.95,128.82,-11.87,0.23,-4.07,71.79,-33.12,5.31,68.57,79.85,71.56,95.8,111.6,-15.8,0.046,80.0,89.5,71.93,111.16,124.51,-13.35,0.186,-2.45,71.74,-28.71,-0.44,68.6,79.85,71.56,95.84,111.6,-15.75,0.046,80.41,88.88,71.87,111.83,123.74,-11.91,0.16,-3.84,71.72,-27.9,0.24,68.6,79.85,71.56,95.85,111.59,-15.74,0.047,81.26,88.57,72.14,112.57,122.88,-10.31,0.228,-5.43,71.85,-27.03,0.98,68.6,79.85,71.56,95.85,111.59,-15.75,0.047,81.55,88.22,72.09,113.05,122.47,-9.41,0.287,-6.34,71.82,-26.62,1.46,68.6,79.85,71.56,95.85,111.59,-15.74,0.047,82.06,88.02,72.18,113.6,122.03,-8.43,0.322,-7.31,71.87,-26.18,2.01,68.6,79.85,71.56,95.85,111.59,-15.74,0.047,81.96,88.15,72.15,113.52,122.27,-8.75,0.307,-6.99,71.86,-26.42,1.94,68.6,79.84,71.56,95.85,111.59,-15.74,0.047,81.96,88.18,72.22,113.42,122.18,-8.77,0.298,-6.97,71.89,-26.33,1.83,0,0,0,0,1,0,0
EuroLeague,2023-2024,Round 22,2024-01-18,ALBA Berlin,FC Bayern München,65,82,71.5,90.9,114.7,114.7,90.9,4,4,0,0,82,65,1,ALBA Berlin,1.25,65.0,82.0,72.0,90.3,113.9,-23.6,0.0,82.0,65.0,72.0,113.9,90.3,23.6,1.0,-47.2,72.0,0.0,0.0,65.57,81.62,71.91,91.21,113.52,-22.31,0.0,86.54,81.63,71.75,120.65,113.88,6.77,0.496,-29.08,71.83,-22.67,7.13,65.65,81.57,71.9,91.33,113.45,-22.13,0.008,81.97,84.67,71.68,114.38,118.23,-3.85,0.35,-18.28,71.79,-26.91,0.93,65.69,81.58,71.91,91.37,113.45,-22.08,0.008,83.6,84.56,72.02,116.06,117.51,-1.46,0.456,-20.62,71.96,-26.14,2.61,65.71,81.57,71.91,91.4,113.44,-22.04,0.009,80.5,83.34,71.95,111.85,115.91,-4.06,0.391,-17.98,71.93,-24.51,-1.59,65.72,81.57,71.91,91.41,113.44,-22.03,0.009,80.77,83.51,71.9,112.3,116.22,-3.92,0.349,-18.1,71.91,-24.81,-1.14,65.72,81.57,71.91,91.41,113.44,-22.03,0.009,81.42,83.61,72.11,112.85,116.02,-3.17,0.39,-18.86,72.01,-24.61,-0.59,65.72,81.57,71.91,91.41,113.44,-22.03,0.009,81.64,83.63,72.07,113.22,116.11,-2.89,0.428,-19.14,71.99,-24.7,-0.22,65.72,81.57,71.91,91.41,113.44,-22.02,0.009,82.05,83.65,72.15,113.66,116.01,-2.35,0.451,-19.68,72.03,-24.59,0.22,65.72,81.57,71.91,91.41,113.44,-22.02,0.009,81.97,83.92,72.12,113.59,116.43,-2.84,0.434,-19.19,72.02,-25.02,0.16,0,0,0,1,0,0,0
BBL,2023-2024,Round 17,2024-01-21,FC Bayern München,HAKRO Merlins Crailsheim,98,81,74.5,131.5,108.7,108.7,131.5,3,14,-11,1,98,81,1,HAKRO Merlins Crailsheim,1.0,82.0,65.0,71.5,114.7,90.9,23.8,1.0,62.0,97.0,73.8,84.0,131.4,-47.4,0.0,71.2,72.65,-16.7,-6.9,82.0,65.0,71.7,114.39,90.67,23.72,1.0,62.48,96.52,73.74,84.73,130.84,-46.12,0.0,69.84,72.72,-16.46,-5.94,84.56,74.37,71.64,118.05,103.85,14.2,0.716,62.5,96.46,73.74,84.77,130.77,-46.01,0.0,60.21,72.69,-12.72,-19.08,81.98,77.72,71.61,114.5,108.57,5.93,0.58,62.5,96.46,73.74,84.77,130.77,-46.01,0.0,51.93,72.67,-16.28,-23.8,83.1,78.42,71.86,115.63,109.15,6.48,0.627,62.5,96.46,73.74,84.77,130.77,-46.0,0.0,52.49,72.8,-15.14,-24.38,80.93,78.17,71.82,112.65,108.86,3.8,0.562,62.5,96.46,73.74,84.77,130.77,-46.0,0.0,49.8,72.78,-18.12,-24.09,81.09,78.7,71.79,112.92,109.64,3.28,0.518,62.5,96.46,73.74,84.77,130.77,-46.0,0.0,49.28,72.76,-17.85,-24.87,81.56,79.0,71.96,113.31,109.8,3.51,0.541,62.5,96.46,73.74,84.77,130.77,-46.0,0.0,49.51,72.85,-17.46,-25.03,81.72,79.24,71.94,113.57,110.16,3.41,0.563,62.5,96.46,73.74,84.77,130.77,-46.0,0.0,49.41,72.84,-17.2,-25.4,82.04,79.38,72.0,113.9,110.26,3.63,0.576,62.5,96.46,73.74,84.77,130.77,-46.0,0.0,49.64,72.87,-16.87,-25.5,0,0,0,0,1,0,1
EuroLeague,2023-2024,Round 23,2024-01-25,FC Bayern München,LDLC ASVEL Villeurbanne,64,76,71.5,89.5,106.3,106.3,89.5,4,14,-10,1,64,76,0,LDLC ASVEL Villeurbanne,1.25,98.0,81.0,74.5,131.5,108.7,22.8,1.0,100.0,101.0,71.5,139.9,141.3,-1.4,0.0,24.2,73.0,-9.8,31.2,89.94,72.94,72.99,123.03,99.73,23.3,1.0,99.53,100.58,71.5,139.25,140.72,-1.47,0.0,24.77,72.24,-17.68,39.52,88.0,71.0,72.75,120.81,97.43,23.38,1.0,99.46,100.51,71.5,139.14,140.61,-1.47,0.0,24.85,72.12,-19.8,41.71,88.6,76.36,72.5,122.1,105.31,16.79,0.801,99.46,100.51,71.5,139.14,140.61,-1.47,0.0,18.26,72.0,-18.51,33.83,86.12,78.56,72.36,118.89,108.6,10.29,0.689,99.46,100.51,71.5,139.14,140.61,-1.47,0.0,11.76,71.93,-21.72,30.54,86.62,79.03,72.48,119.38,109.04,10.34,0.715,99.46,100.51,71.5,139.14,140.61,-1.47,0.0,11.81,71.99,-21.23,30.1,84.64,78.78,72.4,116.75,108.82,7.93,0.657,99.46,100.51,71.5,139.14,140.61,-1.47,0.0,9.4,71.95,-23.86,30.32,84.53,79.17,72.35,116.71,109.45,7.26,0.616,99.46,100.51,71.5,139.14,140.61,-1.47,0.0,8.73,71.92,-23.9,29.69,84.78,79.39,72.46,116.87,109.59,7.29,0.631,99.46,100.51,71.5,139.14,140.61,-1.47,0.0,8.76,71.98,-23.74,29.55,84.79,79.57,72.42,116.95,109.89,7.06,0.645,99.46,100.51,71.5,139.14,140.61,-1.47,0.0,8.53,71.96,-23.66,29.25,0,0,0,1,0,0,0
BBL,2023-2024,Round 18,2024-01-28,SYNTAINICS MBC,FC Bayern München,74,116,78.0,94.9,148.7,148.7,94.9,14,3,11,0,116,74,1,SYNTAINICS MBC,1.0,87.0,96.0,75.5,115.2,127.2,-12.0,0.0,64.0,76.0,71.5,89.5,106.3,-16.8,0.0,4.8,73.5,8.9,-37.7,86.49,95.78,75.42,114.63,127.04,-12.41,0.0,77.27,77.95,72.67,105.9,107.24,-1.34,0.39,-11.07,74.04,7.39,-21.15,86.49,95.78,75.42,114.63,127.04,-12.41,0.0,78.62,74.27,72.34,108.4,102.6,5.8,0.563,-18.21,73.88,12.03,-18.65,86.49,95.78,75.42,114.63,127.04,-12.41,0.0,79.14,72.85,72.29,109.24,100.71,8.54,0.631,-20.95,73.85,13.92,-17.8,86.49,95.78,75.42,114.63,127.04,-12.41,0.0,80.74,76.25,72.18,111.68,105.62,6.06,0.545,-18.47,73.8,9.0,-15.36,86.49,95.78,75.42,114.63,127.04,-12.41,0.0,79.76,77.83,72.11,110.44,107.94,2.5,0.491,-14.92,73.76,6.69,-16.6,86.49,95.78,75.42,114.63,127.04,-12.41,0.0,80.52,78.21,72.22,111.33,108.3,3.02,0.522,-15.44,73.82,6.33,-15.72,86.49,95.78,75.42,114.63,127.04,-12.41,0.0,79.41,78.08,72.17,109.85,108.18,1.66,0.491,-14.08,73.8,6.45,-17.2,86.49,95.78,75.42,114.63,127.04,-12.41,0.0,79.58,78.4,72.14,110.14,108.69,1.45,0.468,-13.87,73.78,5.94,-16.9,86.49,95.78,75.42,114.63,127.04,-12.41,0.0,79.91,78.6,72.23,110.46,108.82,1.64,0.483,-14.06,73.82,5.81,-16.58,0,0,0,0,1,0,0
EuroLeague,2023-2024,Round 24,2024-01-30,FC Bayern München,Baskonia Vitoria-Gasteiz,112,109,71.5,156.6,152.4,152.4,156.6,2,14,-12,1,112,109,1,Baskonia Vitoria-Gasteiz,1.25,116.0,74.0,78.0,148.7,94.9,53.8,1.0,68.0,76.0,71.5,95.1,106.3,-11.2,0.0,65.0,74.75,42.4,0.2,89.8,75.01,74.72,118.87,100.64,18.22,0.496,68.0,76.0,71.5,95.1,106.3,-11.2,0.0,29.42,73.11,12.57,-5.54,91.8,76.47,74.67,121.95,102.61,19.34,0.619,68.0,76.0,71.5,95.1,106.3,-11.2,0.0,30.54,73.08,15.65,-7.51,89.85,74.19,74.04,120.51,100.28,20.23,0.695,68.0,76.0,71.5,95.1,106.3,-11.2,0.0,31.43,72.77,14.21,-5.18,88.97,73.15,73.81,119.76,99.16,20.61,0.729,68.0,76.0,71.5,95.1,106.3,-11.2,0.0,31.81,72.66,13.46,-4.06,89.18,75.71,73.57,120.54,103.06,17.48,0.654,68.0,76.0,71.5,95.1,106.3,-11.2,0.0,28.68,72.54,14.24,-7.96,87.75,76.98,73.41,118.88,105.06,13.81,0.603,68.0,76.0,71.5,95.1,106.3,-11.2,0.0,25.01,72.46,12.58,-9.96,87.96,77.33,73.43,119.16,105.49,13.67,0.622,68.0,76.0,71.5,95.1,106.3,-11.2,0.0,24.87,72.46,12.86,-10.39,86.71,77.26,73.34,117.6,105.53,12.07,0.593,68.0,76.0,71.5,95.1,106.3,-11.2,0.0,23.27,72.42,11.3,-10.43,86.57,77.56,73.27,117.54,106.04,11.5,0.57,68.0,76.0,71.5,95.1,106.3,-11.2,0.0,22.7,72.38,11.24,-10.94,1,0,-1,1,0,0,1
EuroLeague,2023-2024,Round 25,2024-02-01,FC Bayern München,Olympiacos Piraeus,72,76,71.5,100.7,106.3,106.3,100.7,2,14,-12,1,72,76,0,Olympiacos Piraeus,1.25,112.0,109.0,71.5,156.6,152.4,4.2,1.0,77.0,69.0,71.5,107.7,96.5,11.2,1.0,-7.0,71.5,60.1,-44.7,113.59,95.09,74.08,153.46,129.54,23.92,1.0,77.34,69.07,71.5,108.18,96.6,11.59,1.0,12.33,72.79,56.86,-21.36,99.33,89.6,73.34,135.06,122.86,12.21,0.712,77.35,69.07,71.5,108.2,96.6,11.59,1.0,0.61,72.42,38.46,-14.66,99.12,88.26,73.52,134.51,120.65,13.85,0.757,77.35,69.07,71.5,108.2,96.6,11.59,1.0,2.26,72.51,37.9,-12.46,96.78,85.08,73.25,131.8,116.59,15.21,0.79,77.35,69.07,71.5,108.2,96.6,11.59,1.0,3.62,72.37,35.2,-8.4,95.6,83.47,73.15,130.37,114.48,15.89,0.807,77.35,69.07,71.5,108.2,96.6,11.59,1.0,4.29,72.32,33.76,-6.28,95.25,84.57,73.02,130.13,116.19,13.95,0.746,77.35,69.07,71.5,108.2,96.6,11.59,1.0,2.35,72.26,33.53,-7.99,93.83,85.0,72.93,128.33,116.92,11.41,0.702,77.35,69.07,71.5,108.2,96.6,11.59,1.0,-0.19,72.22,31.72,-8.72,93.76,84.97,72.96,128.19,116.8,11.39,0.714,77.35,69.07,71.5,108.2,96.6,11.59,1.0,-0.21,72.23,31.59,-8.61,92.59,84.63,72.91,126.66,116.42,10.24,0.687,77.35,69.07,71.5,108.2,96.6,11.59,1.0,-1.35,72.21,30.06,-8.22,1,0,-1,1,0,0,0
BBL,2023-2024,Round 19,2024-02-04,FC Bayern München,EWE Baskets Oldenburg,93,73,73.5,126.5,99.3,99.3,126.5,3,14,-11,1,93,73,1,EWE Baskets Oldenburg,1.0,72.0,76.0,71.5,100.7,106.3,-5.6,0.0,73.0,75.0,72.2,101.1,103.9,-2.8,0.0,-2.8,71.85,-3.2,-5.2,90.08,90.92,71.5,125.97,127.14,-1.17,0.452,74.6,71.8,72.52,102.86,99.06,3.8,0.4,-4.97,72.01,26.91,-24.28,96.04,87.03,72.99,131.19,119.73,11.46,0.578,74.99,71.92,72.56,103.33,99.17,4.16,0.417,7.3,72.78,32.02,-16.41,89.97,84.94,72.71,123.3,117.19,6.11,0.469,75.02,72.1,72.58,103.34,99.38,3.95,0.413,2.16,72.65,23.92,-13.85,90.84,84.52,72.9,124.19,116.27,7.92,0.526,75.02,72.13,72.58,103.35,99.42,3.93,0.412,3.99,72.74,24.77,-12.93,89.97,82.59,72.77,123.25,113.76,9.49,0.573,75.03,72.13,72.58,103.35,99.42,3.93,0.412,5.56,72.67,23.83,-10.41,89.49,81.54,72.72,122.69,112.36,10.33,0.598,75.03,72.13,72.58,103.35,99.42,3.93,0.412,6.4,72.65,23.27,-9.02,89.58,82.48,72.65,122.96,113.78,9.18,0.564,75.03,72.13,72.58,103.35,99.42,3.93,0.412,5.25,72.62,23.54,-10.43,88.74,82.91,72.6,121.89,114.45,7.45,0.539,75.03,72.13,72.58,103.35,99.42,3.93,0.412,3.52,72.59,22.47,-11.1,88.84,82.94,72.63,121.97,114.43,7.54,0.552,75.03,72.13,72.58,103.35,99.42,3.93,0.412,3.62,72.61,22.55,-11.08,0,0,0,0,1,0,1
EuroLeague,2023-2024,Round 26,2024-02-08,Partizan Mozzart Bet Belgrade,FC Bayern München,78,79,71.5,109.1,110.5,110.5,109.1,14,4,10,0,79,78,1,Partizan Mozzart Bet Belgrade,1.25,85.0,94.0,71.5,118.9,131.5,-12.6,0.0,93.0,73.0,73.5,126.5,99.3,27.2,1.0,-39.8,72.5,19.6,-5.0,84.96,93.71,71.5,118.85,131.09,-12.24,0.013,82.42,74.51,72.49,113.5,102.83,10.67,0.496,-22.91,72.0,16.02,-17.59,84.95,93.61,71.5,118.83,130.95,-12.12,0.018,91.1,84.64,72.2,126.15,117.38,8.77,0.644,-20.9,71.85,1.45,-4.8,84.95,93.61,71.5,118.83,130.95,-12.12,0.018,95.14,82.91,73.14,129.81,113.73,16.08,0.702,-28.2,72.32,5.1,-1.14,84.95,93.61,71.5,118.83,130.95,-12.12,0.018,90.74,81.93,72.91,124.11,112.68,11.43,0.602,-23.55,72.2,6.15,-6.85,84.95,93.61,71.5,118.83,130.95,-12.12,0.018,91.34,81.86,73.04,124.72,112.35,12.37,0.636,-24.5,72.27,6.48,-6.23,84.95,93.61,71.5,118.83,130.95,-12.12,0.018,90.61,80.54,72.92,123.94,110.68,13.26,0.664,-25.39,72.21,8.15,-7.01,84.95,93.61,71.5,118.83,130.95,-12.12,0.018,90.2,79.81,72.88,123.47,109.71,13.75,0.68,-25.88,72.19,9.12,-7.49,84.95,93.61,71.5,118.83,130.95,-12.12,0.018,90.24,80.64,72.81,123.64,110.97,12.67,0.649,-24.79,72.16,7.86,-7.31,84.95,93.61,71.5,118.83,130.95,-12.12,0.018,89.54,81.06,72.77,122.75,111.62,11.13,0.625,-23.25,72.13,7.21,-8.2,0,0,0,1,0,0,0
BBL,2023-2024,Round 20,2024-02-11,Hamburg Towers,FC Bayern München,74,81,72.2,102.5,112.2,112.2,102.5,14,3,11,0,81,74,1,Hamburg Towers,1.0,79.0,90.0,74.0,106.8,121.6,-14.8,0.0,79.0,78.0,71.5,110.5,109.1,1.4,1.0,-16.2,72.75,-2.3,-11.1,79.07,89.31,73.96,106.96,120.72,-13.76,0.035,84.47,76.05,72.28,116.75,105.27,11.47,1.0,-25.24,73.12,1.68,-3.97,79.03,89.28,73.95,106.91,120.7,-13.79,0.035,80.93,76.03,72.06,112.19,105.57,6.62,0.716,-20.41,73.0,1.35,-8.51,79.03,89.28,73.95,106.91,120.7,-13.79,0.035,86.82,82.29,71.95,120.62,114.45,6.16,0.77,-19.95,72.95,-7.54,-0.08,79.03,89.28,73.95,106.91,120.7,-13.79,0.035,90.07,81.37,72.63,123.74,112.28,11.47,0.796,-25.25,73.29,-5.37,3.05,79.03,89.28,73.95,106.91,120.7,-13.79,0.035,87.42,80.82,72.51,120.27,111.67,8.6,0.715,-22.38,73.23,-4.76,-0.43,79.03,89.28,73.95,106.91,120.7,-13.79,0.035,88.07,80.83,72.63,120.95,111.49,9.46,0.732,-23.25,73.29,-4.58,0.25,79.03,89.28,73.95,106.91,120.7,-13.79,0.035,87.71,79.91,72.57,120.59,110.29,10.3,0.748,-24.09,73.26,-3.38,-0.11,79.03,89.28,73.95,106.91,120.7,-13.79,0.035,87.51,79.37,72.55,120.35,109.57,10.78,0.757,-24.57,73.25,-2.65,-0.35,79.03,89.28,73.95,106.91,120.7,-13.79,0.035,87.63,80.03,72.51,120.59,110.54,10.05,0.73,-23.84,73.23,-3.63,-0.11,0,0,0,0,1,0,0
BBL-Pokal,2023-2024,Semifinal,2024-02-17,FC Bayern München,Bamberg Baskets,81,62,70.0,115.7,88.6,88.6,115.7,6,14,-8,1,81,62,1,Bamberg Baskets,1.05,81.0,74.0,72.2,112.2,102.5,9.7,1.0,84.0,92.0,74.0,113.5,124.3,-10.8,0.0,20.5,73.1,-12.1,11.0,79.99,76.02,71.85,111.34,105.83,5.52,1.0,84.07,91.81,73.99,113.62,124.06,-10.45,0.024,15.96,72.92,-12.72,7.79,83.17,75.28,72.25,115.04,104.23,10.81,1.0,84.03,91.75,73.98,113.58,124.0,-10.42,0.024,21.23,73.11,-8.96,9.35,80.95,75.42,72.1,112.19,104.64,7.55,0.801,84.02,91.75,73.97,113.57,124.0,-10.43,0.024,17.98,73.04,-11.8,8.92,85.32,80.15,72.02,118.44,111.37,7.08,0.829,84.02,91.75,73.97,113.57,124.0,-10.43,0.024,17.51,73.0,-5.55,2.2,87.93,79.63,72.53,121.02,109.97,11.05,0.844,84.02,91.75,73.97,113.57,124.0,-10.43,0.024,21.48,73.25,-2.98,3.6,86.03,79.34,72.44,118.51,109.68,8.84,0.777,84.02,91.75,73.97,113.57,124.0,-10.43,0.024,19.27,73.21,-5.49,3.89,86.61,79.42,72.54,119.14,109.63,9.51,0.788,84.02,91.75,73.97,113.57,124.0,-10.43,0.024,19.94,73.26,-4.86,3.94,86.39,78.74,72.49,118.93,108.75,10.18,0.798,84.02,91.75,73.97,113.57,124.0,-10.43,0.024,20.61,73.23,-5.06,4.82,86.26,78.34,72.48,118.78,108.21,10.57,0.803,84.02,91.75,73.97,113.57,124.0,-10.43,0.024,21.0,73.23,-5.21,5.35,0,0,0,0,0,1,1
BBL-Pokal,2023-2024,Final,2024-02-18,FC Bayern München,ratiopharm ulm,81,65,71.0,114.1,91.5,91.5,114.1,1,14,-13,1,81,65,1,ratiopharm ulm,1.05,81.0,62.0,70.0,115.7,88.6,27.1,1.0,80.0,95.0,75.0,106.7,126.7,-20.0,0.0,47.1,72.5,-11.0,18.1,81.0,67.1,70.94,114.21,94.51,19.7,1.0,79.97,94.65,74.96,106.71,126.28,-19.57,0.011,39.27,72.95,-12.07,12.2,80.4,70.39,71.11,113.09,98.91,14.18,1.0,79.97,94.64,74.96,106.71,126.27,-19.55,0.011,33.73,73.03,-13.17,7.8,82.44,70.81,71.49,115.26,98.97,16.29,1.0,79.97,94.64,74.96,106.71,126.27,-19.55,0.011,35.84,73.23,-11.0,7.74,80.96,71.55,71.49,113.21,100.01,13.2,0.859,79.97,94.64,74.96,106.71,126.27,-19.55,0.011,32.75,73.23,-13.06,6.7,84.2,75.45,71.49,117.73,105.48,12.26,0.874,79.97,94.64,74.96,106.71,126.27,-19.55,0.011,31.81,73.23,-8.53,1.24,86.25,75.36,71.91,119.73,104.79,14.93,0.882,79.97,94.64,74.96,106.71,126.27,-19.55,0.011,34.49,73.44,-6.54,1.92,84.88,75.4,71.89,117.87,104.89,12.99,0.828,79.97,94.64,74.96,106.71,126.27,-19.55,0.011,32.54,73.42,-8.39,1.83,85.38,75.61,71.99,118.39,105.03,13.36,0.834,79.97,94.64,74.96,106.71,126.27,-19.55,0.011,32.91,73.47,-7.88,1.68,85.25,75.22,71.97,118.25,104.51,13.74,0.84,79.97,94.64,74.96,106.71,126.27,-19.55,0.011,33.3,73.46,-8.01,2.2,1,0,-1,0,0,1,1
EuroLeague,2023-2024,Round 27,2024-03-01,FC Bayern München,Crvena Zvezda Meridianbet Belgrade,74,66,71.5,103.5,92.3,92.3,103.5,12,14,-2,1,74,66,1,Crvena Zvezda Meridianbet Belgrade,1.25,81.0,65.0,71.0,114.1,91.5,22.6,1.0,74.0,68.0,71.5,103.5,95.1,8.4,1.0,14.2,71.25,19.0,12.0,81.0,63.63,70.54,114.83,90.18,24.65,1.0,74.13,68.4,71.5,103.68,95.66,8.02,0.979,16.63,71.02,19.17,13.5,81.0,66.25,70.96,114.17,93.29,20.88,1.0,74.14,68.41,71.5,103.69,95.67,8.02,0.979,12.86,71.23,18.49,10.41,80.59,68.64,71.07,113.42,96.51,16.91,1.0,74.14,68.41,71.5,103.69,95.67,8.02,0.979,8.89,71.29,17.74,7.18,82.03,69.15,71.35,114.93,96.83,18.1,1.0,74.14,68.41,71.5,103.69,95.67,8.02,0.979,10.08,71.43,19.25,6.86,80.97,69.87,71.37,113.44,97.83,15.61,0.895,74.14,68.41,71.5,103.69,95.67,8.02,0.979,7.59,71.43,17.76,5.87,83.45,72.99,71.38,116.88,102.18,14.7,0.903,74.14,68.41,71.5,103.69,95.67,8.02,0.979,6.68,71.44,21.2,1.52,85.07,73.04,71.71,118.47,101.81,16.65,0.908,74.14,68.41,71.5,103.69,95.67,8.02,0.979,8.64,71.6,22.79,1.88,84.05,73.18,71.7,117.07,102.03,15.04,0.864,74.14,68.41,71.5,103.69,95.67,8.02,0.979,7.02,71.6,21.39,1.66,84.47,73.41,71.78,117.5,102.23,15.27,0.868,74.14,68.41,71.5,103.69,95.67,8.02,0.979,7.25,71.64,21.83,1.46,0,0,0,1,0,0,1
BBL,2023-2024,Round 21,2024-03-03,FC Bayern München,BG Göttingen,90,76,73.0,123.3,104.1,104.1,123.3,2,14,-12,1,90,76,1,BG Göttingen,1.0,74.0,66.0,71.5,103.5,92.3,11.2,1.0,60.0,86.0,70.8,84.7,121.5,-36.8,0.0,48.0,71.15,-18.0,-7.6,76.62,65.63,71.31,107.46,92.0,15.46,1.0,60.09,86.12,70.83,84.77,121.6,-36.82,0.0,52.28,71.07,-14.14,-7.23,77.66,64.76,71.0,109.42,91.19,18.23,1.0,60.09,86.12,70.83,84.77,121.6,-36.82,0.0,55.06,70.92,-12.17,-6.42,78.16,66.15,71.18,109.84,92.89,16.95,1.0,60.09,86.12,70.83,84.77,121.6,-36.82,0.0,53.78,71.01,-11.76,-8.11,78.27,67.71,71.22,109.93,95.03,14.9,1.0,60.09,86.12,70.83,84.77,121.6,-36.82,0.0,51.72,71.03,-11.67,-10.25,79.42,68.13,71.4,111.22,95.36,15.86,1.0,60.09,86.12,70.83,84.77,121.6,-36.82,0.0,52.68,71.12,-10.38,-10.59,78.88,68.7,71.41,110.45,96.16,14.28,0.927,60.09,86.12,70.83,84.77,121.6,-36.82,0.0,51.11,71.12,-11.15,-11.39,80.77,71.0,71.41,113.08,99.38,13.71,0.931,60.09,86.12,70.83,84.77,121.6,-36.82,0.0,50.53,71.12,-8.51,-14.6,82.05,71.11,71.65,114.38,99.21,15.16,0.933,60.09,86.12,70.83,84.77,121.6,-36.82,0.0,51.99,71.24,-7.22,-14.44,81.4,71.29,71.65,113.49,99.47,14.03,0.9,60.09,86.12,70.83,84.77,121.6,-36.82,0.0,50.85,71.24,-8.1,-14.69,1,0,-1,0,1,0,1
EuroLeague,2023-2024,Round 28,2024-03-07,Anadolu Efes Istanbul,FC Bayern München,109,86,71.5,152.4,120.3,120.3,152.4,14,4,10,0,86,109,0,Anadolu Efes Istanbul,1.25,71.0,86.0,71.5,99.3,120.3,-21.0,0.0,90.0,76.0,73.0,123.3,104.1,19.2,1.0,-40.2,72.25,-4.8,3.0,71.06,86.02,71.5,99.38,120.32,-20.94,0.0,81.88,70.92,72.24,113.25,98.11,15.14,1.0,-36.08,71.87,1.27,-7.08,71.07,86.01,71.5,99.39,120.31,-20.92,0.0,81.67,69.55,71.95,113.45,96.57,16.87,1.0,-37.79,71.73,2.82,-6.87,71.07,86.01,71.5,99.39,120.31,-20.92,0.0,81.56,68.32,71.63,113.81,95.27,18.54,1.0,-39.46,71.57,4.12,-6.5,71.07,86.01,71.5,99.39,120.31,-20.92,0.0,81.5,68.93,71.69,113.64,96.05,17.59,1.0,-38.51,71.6,3.34,-6.67,71.07,86.01,71.5,99.39,120.31,-20.92,0.0,81.26,69.82,71.67,113.33,97.34,15.99,1.0,-36.91,71.59,2.06,-6.98,71.07,86.01,71.5,99.39,120.31,-20.92,0.0,81.95,70.01,71.78,114.11,97.45,16.66,1.0,-37.58,71.64,1.94,-6.2,71.07,86.01,71.5,99.39,120.31,-20.92,0.0,81.39,70.35,71.77,113.35,97.96,15.39,0.943,-36.31,71.63,1.44,-6.96,71.07,86.01,71.5,99.39,120.31,-20.92,0.0,82.76,72.08,71.76,115.29,100.39,14.89,0.946,-35.81,71.63,-1.0,-5.03,71.07,86.01,71.5,99.39,120.31,-20.92,0.0,83.71,72.14,71.93,116.25,100.24,16.01,0.947,-36.93,71.72,-0.84,-4.07,0,0,0,1,0,0,1
BBL,2023-2024,Round 22,2024-03-10,Würzburg Baskets,FC Bayern München,82,90,73.6,111.4,122.3,122.3,111.4,14,3,11,0,90,82,1,Würzburg Baskets,1.0,64.0,87.0,71.0,90.1,122.5,-32.4,0.0,86.0,109.0,71.5,120.3,152.4,-32.1,0.0,-0.3,71.25,-62.3,-2.2,64.35,86.92,71.03,90.55,122.34,-31.79,0.0,87.56,96.12,72.09,121.47,133.54,-12.07,0.39,-19.72,71.56,-42.99,-0.87,64.39,86.9,71.03,90.6,122.31,-31.71,0.0,83.67,87.47,71.92,116.31,121.71,-5.39,0.565,-26.32,71.47,-31.1,-6.0,64.39,86.9,71.03,90.61,122.31,-31.7,0.0,83.28,84.19,71.78,115.99,117.29,-1.3,0.629,-30.4,71.41,-26.68,-6.32,64.39,86.9,71.03,90.61,122.31,-31.7,0.0,83.03,81.77,71.59,115.96,114.16,1.79,0.669,-33.5,71.31,-23.56,-6.35,64.39,86.9,71.03,90.61,122.31,-31.7,0.0,82.88,81.19,71.63,115.68,113.29,2.38,0.694,-34.09,71.33,-22.68,-6.63,64.39,86.9,71.03,90.61,122.31,-31.7,0.0,82.61,80.96,71.63,115.31,113.0,2.32,0.716,-34.02,71.33,-22.39,-7.0,64.39,86.9,71.03,90.61,122.31,-31.7,0.0,83.05,80.62,71.71,115.8,112.41,3.39,0.728,-35.09,71.37,-21.8,-6.52,64.39,86.9,71.03,90.61,122.31,-31.7,0.0,82.59,80.43,71.7,115.16,112.15,3.01,0.697,-34.72,71.36,-21.54,-7.15,64.39,86.9,71.03,90.61,122.31,-31.7,0.0,83.58,81.38,71.69,116.55,113.5,3.05,0.707,-34.76,71.36,-22.89,-5.76,0,0,0,0,1,0,0
EuroLeague,2023-2024,Round 29,2024-03-15,FC Bayern München,Zalgiris Kaunas,64,58,71.5,89.5,81.1,81.1,89.5,5,14,-9,1,64,58,1,Zalgiris Kaunas,1.25,90.0,82.0,73.6,122.3,111.4,10.9,1.0,74.0,73.0,71.5,103.5,102.1,1.4,1.0,9.5,72.55,20.2,-7.9,87.98,95.61,72.54,121.29,132.06,-10.77,0.496,74.29,73.22,71.5,103.9,102.41,1.49,1.0,-12.26,72.02,18.88,-28.16,88.48,90.82,72.65,121.78,125.24,-3.46,0.619,74.29,73.19,71.5,103.91,102.37,1.54,1.0,-4.99,72.08,19.41,-21.33,85.57,85.83,72.42,118.11,118.62,-0.51,0.696,74.29,73.19,71.5,103.9,102.37,1.54,1.0,-2.05,71.96,15.74,-14.71,85.08,83.6,72.27,117.68,115.72,1.96,0.728,74.29,73.19,71.5,103.9,102.37,1.54,1.0,0.43,71.88,15.31,-11.81,84.74,81.83,72.08,117.52,113.48,4.03,0.751,74.29,73.19,71.5,103.9,102.37,1.54,1.0,2.49,71.79,15.15,-9.58,84.53,81.38,72.09,117.21,112.85,4.36,0.765,74.29,73.19,71.5,103.9,102.37,1.54,1.0,2.82,71.79,14.84,-8.95,84.22,81.19,72.06,116.84,112.65,4.19,0.778,74.29,73.19,71.5,103.9,102.37,1.54,1.0,2.66,71.78,14.47,-8.74,84.52,80.91,72.11,117.17,112.19,4.98,0.785,74.29,73.19,71.5,103.9,102.37,1.54,1.0,3.44,71.8,14.8,-8.29,84.1,80.75,72.09,116.62,112.0,4.62,0.759,74.29,73.19,71.5,103.9,102.37,1.54,1.0,3.09,71.79,14.25,-8.09,0,0,0,1,0,0,1
BBL,2023-2024,Round 23,2024-03-17,FC Bayern München,Basketball Löwen Braunschweig,76,74,70.5,107.8,105.0,105.0,107.8,2,14,-12,1,76,74,1,Basketball Löwen Braunschweig,1.0,64.0,58.0,71.5,89.5,81.1,8.4,1.0,61.0,70.0,69.5,87.8,100.7,-12.9,0.0,21.3,70.5,-11.2,6.7,74.06,67.28,72.31,102.19,92.82,9.37,1.0,61.54,70.86,69.65,88.35,101.65,-13.3,0.0,22.67,70.98,0.54,-4.47,77.43,79.05,72.08,107.3,109.63,-2.33,0.718,61.55,70.92,69.66,88.35,101.73,-13.39,0.0,11.06,70.87,5.56,-21.28,79.35,78.58,72.22,109.75,108.78,0.96,0.761,61.55,70.92,69.66,88.35,101.73,-13.39,0.0,14.35,70.94,8.01,-20.43,78.62,76.87,72.12,108.89,106.54,2.36,0.794,61.55,70.92,69.66,88.35,101.73,-13.39,0.0,15.75,70.89,7.16,-18.19,78.8,75.98,72.04,109.29,105.41,3.88,0.809,61.55,70.92,69.66,88.35,101.73,-13.39,0.0,17.27,70.85,7.55,-17.06,78.93,75.15,71.92,109.67,104.41,5.26,0.82,61.55,70.92,69.66,88.35,101.73,-13.39,0.0,18.64,70.79,7.93,-16.06,79.02,75.1,71.93,109.77,104.33,5.44,0.828,61.55,70.92,69.66,88.35,101.73,-13.39,0.0,18.83,70.79,8.04,-15.98,79.02,75.22,71.91,109.8,104.53,5.28,0.835,61.55,70.92,69.66,88.35,101.73,-13.39,0.0,18.66,70.79,8.07,-16.18,79.37,75.16,71.95,110.23,104.39,5.84,0.839,61.55,70.92,69.66,88.35,101.73,-13.39,0.0,19.22,70.81,8.49,-16.04,1,0,-1,0,1,0,1
EuroLeague,2023-2024,Round 30,2024-03-20,Valencia Basket,FC Bayern München,70,68,71.5,97.9,95.1,95.1,97.9,14,3,11,0,68,70,0,Valencia Basket,1.25,84.0,85.0,71.5,117.5,118.9,-1.4,0.0,76.0,74.0,70.5,107.8,105.0,2.8,1.0,-4.2,71.0,12.5,-11.1,83.99,84.93,71.5,117.48,118.8,-1.32,0.006,69.91,65.88,71.01,98.51,92.87,5.64,1.0,-6.96,71.25,24.62,-20.29,84.01,84.96,71.5,117.51,118.84,-1.33,0.006,74.78,69.79,71.64,104.28,97.36,6.92,1.0,-8.25,71.57,20.15,-14.56,84.01,84.96,71.5,117.51,118.84,-1.33,0.006,77.0,77.54,71.61,107.45,108.24,-0.8,0.802,-0.54,71.55,9.27,-11.4,84.01,84.96,71.5,117.51,118.84,-1.33,0.006,78.46,77.37,71.77,109.23,107.78,1.45,0.825,-2.78,71.63,9.73,-9.61,84.01,84.96,71.5,117.51,118.84,-1.33,0.006,78.0,76.19,71.74,108.63,106.17,2.46,0.843,-3.8,71.62,11.34,-10.21,84.01,84.96,71.5,117.51,118.84,-1.33,0.006,78.17,75.53,71.7,108.95,105.31,3.64,0.852,-4.97,71.6,12.2,-9.89,84.01,84.96,71.5,117.51,118.84,-1.33,0.006,78.3,74.9,71.62,109.27,104.54,4.73,0.859,-6.06,71.56,12.97,-9.58,84.01,84.96,71.5,117.51,118.84,-1.33,0.006,78.39,74.87,71.64,109.36,104.47,4.9,0.864,-6.23,71.57,13.04,-9.48,84.01,84.96,71.5,117.51,118.84,-1.33,0.006,78.41,74.98,71.63,109.4,104.62,4.78,0.868,-6.11,71.57,12.89,-9.44,0,0,0,1,0,0,1
EuroLeague,2023-2024,Round 31,2024-03-22,FC Bayern München,Maccabi Playtika Tel Aviv,74,89,71.5,103.5,124.5,124.5,103.5,2,14,-12,1,74,89,0,Maccabi Playtika Tel Aviv,1.25,68.0,70.0,71.5,95.1,97.9,-2.8,0.0,93.0,90.0,71.5,130.1,125.9,4.2,1.0,-7.0,71.5,-30.8,32.2,71.15,71.58,71.11,100.1,100.7,-0.59,0.394,92.95,89.86,71.5,130.03,125.71,4.32,1.0,-4.91,71.3,-25.6,29.33,69.09,67.65,71.22,97.04,95.04,2.0,0.569,92.93,89.9,71.5,130.0,125.76,4.25,0.996,-2.25,71.36,-28.72,34.97,72.31,69.87,71.59,100.93,97.56,3.38,0.635,92.93,89.9,71.5,130.0,125.75,4.25,0.996,-0.87,71.54,-24.82,32.44,74.16,75.16,71.57,103.56,104.98,-1.43,0.549,92.93,89.9,71.5,130.0,125.75,4.25,0.996,-5.68,71.54,-22.2,25.02,75.43,75.23,71.69,105.13,104.91,0.22,0.585,92.93,89.9,71.5,130.0,125.75,4.25,0.996,-4.03,71.59,-20.62,25.09,75.32,74.53,71.67,105.01,103.95,1.05,0.617,92.93,89.9,71.5,130.0,125.75,4.25,0.996,-3.2,71.59,-20.75,26.05,75.56,74.12,71.65,105.4,103.41,1.99,0.634,92.93,89.9,71.5,130.0,125.75,4.25,0.996,-2.26,71.57,-20.35,26.59,75.75,73.69,71.59,105.76,102.89,2.87,0.646,92.93,89.9,71.5,130.0,125.75,4.25,0.996,-1.38,71.54,-19.99,27.11,75.89,73.7,71.6,105.92,102.88,3.04,0.655,92.93,89.9,71.5,130.0,125.75,4.25,0.996,-1.21,71.55,-19.83,27.12,1,0,-1,1,0,0,0
BBL,2023-2024,Round 24,2024-03-24,Telekom Baskets Bonn,FC Bayern München,88,83,74.8,117.6,111.0,111.0,117.6,14,2,12,0,83,88,0,Telekom Baskets Bonn,1.0,78.0,86.0,73.0,106.8,117.8,-11.0,0.0,74.0,89.0,71.5,103.5,124.5,-21.0,0.0,10.0,72.25,-17.7,-14.3,74.49,87.4,73.07,101.93,119.62,-17.7,0.0,71.29,80.41,71.5,99.7,112.48,-12.77,0.0,-4.92,72.29,-10.55,-19.92,74.67,86.99,73.05,102.21,119.09,-16.88,0.021,72.36,78.96,71.27,101.54,110.78,-9.24,0.227,-7.64,72.16,-8.57,-17.55,74.92,86.71,73.05,102.54,118.69,-16.16,0.038,70.77,74.98,71.32,99.26,105.15,-5.89,0.374,-10.27,72.18,-2.61,-19.44,75.18,86.38,73.08,102.85,118.22,-15.37,0.051,72.83,75.73,71.56,101.72,105.82,-4.1,0.441,-11.27,72.32,-2.97,-16.5,75.19,86.28,73.07,102.88,118.09,-15.21,0.058,74.12,78.99,71.55,103.54,110.38,-6.84,0.398,-8.37,72.31,-7.5,-14.55,75.19,86.26,73.07,102.88,118.07,-15.19,0.059,75.06,78.81,71.64,104.71,110.01,-5.3,0.433,-9.88,72.36,-7.13,-13.36,75.19,86.26,73.07,102.88,118.07,-15.19,0.059,74.99,78.08,71.63,104.64,108.99,-4.35,0.466,-10.83,72.35,-6.11,-13.43,75.19,86.26,73.07,102.88,118.07,-15.18,0.059,75.19,77.64,71.61,104.95,108.41,-3.46,0.483,-11.72,72.34,-5.53,-13.11,75.19,86.26,73.07,102.88,118.07,-15.18,0.059,75.35,77.22,71.57,105.24,107.88,-2.64,0.497,-12.54,72.32,-5.0,-12.82,0,1,1,0,1,0,1
EuroLeague,2023-2024,Round 32,2024-03-28,FC Bayern München,FC Barcelona,79,87,71.5,110.5,121.7,121.7,110.5,4,14,-10,1,79,87,0,FC Barcelona,1.25,83.0,88.0,74.8,111.0,117.6,-6.6,0.0,98.0,59.0,71.5,137.1,82.5,54.6,1.0,-61.2,73.15,28.5,19.5,78.43,88.51,73.12,107.19,121.1,-13.91,0.0,97.56,59.19,71.5,136.48,82.76,53.72,1.0,-67.63,72.31,24.43,15.38,75.35,83.05,72.65,103.62,114.25,-10.63,0.0,97.52,59.23,71.5,136.43,82.82,53.61,1.0,-64.24,72.07,20.81,22.18,75.46,81.59,72.3,104.3,112.76,-8.47,0.161,97.52,59.23,71.5,136.43,82.82,53.61,1.0,-62.07,71.9,21.48,23.66,73.83,78.23,72.19,102.19,108.26,-6.07,0.28,97.51,59.23,71.5,136.42,82.82,53.6,1.0,-59.66,71.84,19.37,28.16,75.16,78.54,72.3,103.85,108.52,-4.67,0.34,97.51,59.23,71.5,136.41,82.82,53.59,1.0,-58.26,71.9,21.03,27.9,76.0,80.89,72.24,105.12,111.91,-6.79,0.313,97.51,59.23,71.5,136.41,82.83,53.58,1.0,-60.37,71.87,22.29,24.5,76.66,80.66,72.28,105.97,111.54,-5.56,0.346,97.5,59.23,71.5,136.41,82.83,53.58,1.0,-59.14,71.89,23.15,24.87,76.53,79.98,72.24,105.86,110.65,-4.79,0.376,97.5,59.23,71.5,136.4,82.83,53.58,1.0,-58.36,71.87,23.03,25.76,76.65,79.58,72.21,106.08,110.13,-4.05,0.393,97.5,59.23,71.5,136.4,82.83,53.58,1.0,-57.63,71.85,23.26,26.27,0,0,0,1,0,0,0
BBL,2023-2024,Round 25,2024-03-31,FC Bayern München,NINERS Chemnitz,89,80,73.2,121.6,109.3,109.3,121.6,3,14,-11,1,89,80,1,NINERS Chemnitz,1.0,79.0,87.0,71.5,110.5,121.7,-11.2,0.0,77.0,73.0,71.4,107.8,102.2,5.6,1.0,-16.8,71.45,8.3,-13.9,80.56,87.39,72.79,110.7,120.1,-9.4,0.0,76.56,73.14,71.37,107.22,102.45,4.77,0.977,-14.17,72.08,8.25,-12.88,78.68,87.85,72.42,108.63,121.36,-12.73,0.0,76.55,73.18,71.37,107.2,102.49,4.71,0.974,-17.44,71.9,6.14,-14.16,76.63,84.43,72.24,106.04,116.87,-10.83,0.0,76.55,73.18,71.37,107.2,102.5,4.71,0.974,-15.54,71.81,3.54,-9.67,76.56,83.28,72.05,106.23,115.56,-9.32,0.111,76.55,73.18,71.37,107.2,102.5,4.71,0.974,-14.03,71.71,3.74,-8.35,75.28,80.69,71.99,104.52,112.03,-7.51,0.202,76.55,73.18,71.37,107.2,102.5,4.7,0.974,-12.21,71.68,2.02,-4.83,76.17,80.77,72.09,105.6,111.99,-6.39,0.25,76.55,73.18,71.37,107.2,102.5,4.7,0.974,-11.09,71.73,3.1,-4.79,76.74,82.41,72.06,106.45,114.34,-7.88,0.236,76.55,73.18,71.37,107.2,102.5,4.7,0.974,-12.59,71.71,3.96,-7.14,77.22,82.18,72.09,107.06,113.97,-6.91,0.263,76.55,73.18,71.37,107.2,102.5,4.7,0.974,-11.61,71.73,4.56,-6.77,77.1,81.6,72.07,106.93,113.2,-6.27,0.289,76.55,73.18,71.37,107.2,102.5,4.7,0.974,-10.97,71.72,4.43,-6.0,0,0,0,0,1,0,1
EuroLeague,2023-2024,Round 33,2024-04-05,FC Bayern München,Panathinaikos AKTOR Athens,75,82,71.5,104.9,114.7,114.7,104.9,5,14,-9,1,75,82,0,Panathinaikos AKTOR Athens,1.25,89.0,80.0,73.2,121.6,109.3,12.3,1.0,78.0,71.0,71.5,109.1,99.3,9.8,1.0,2.5,72.35,22.3,-0.2,83.96,83.53,72.34,116.01,115.55,0.46,0.496,78.0,71.0,71.5,109.1,99.3,9.8,1.0,-9.34,71.92,16.71,-6.45,83.73,84.62,72.94,114.79,116.05,-1.26,0.375,78.0,71.0,71.5,109.1,99.3,9.8,1.0,-11.06,72.22,15.49,-6.95,81.77,85.5,72.65,112.52,117.75,-5.23,0.3,78.0,71.0,71.5,109.1,99.3,9.8,1.0,-15.03,72.08,13.22,-8.65,79.81,83.29,72.49,110.04,114.92,-4.89,0.257,78.0,71.0,71.5,109.1,99.3,9.8,1.0,-14.69,71.99,10.74,-5.82,79.49,82.51,72.32,109.85,114.08,-4.23,0.32,78.0,71.0,71.5,109.1,99.3,9.8,1.0,-14.03,71.91,10.55,-4.98,78.25,80.54,72.25,108.22,111.44,-3.22,0.375,78.0,71.0,71.5,109.1,99.3,9.8,1.0,-13.02,71.88,8.92,-2.34,78.81,80.61,72.32,108.9,111.44,-2.54,0.405,78.0,71.0,71.5,109.1,99.3,9.8,1.0,-12.34,71.91,9.6,-2.34,79.15,81.94,72.28,109.43,113.35,-3.92,0.386,78.0,71.0,71.5,109.1,99.3,9.8,1.0,-13.72,71.89,10.13,-4.25,79.46,81.76,72.3,109.83,113.08,-3.25,0.404,78.0,71.0,71.5,109.1,99.3,9.8,1.0,-13.05,71.9,10.53,-3.98,0,0,0,1,0,0,0
BBL,2023-2024,Round 26,2024-04-07,ratiopharm ulm,FC Bayern München,74,81,72.5,102.1,111.7,111.7,102.1,14,2,12,0,81,74,1,ratiopharm ulm,1.0,65.0,81.0,71.0,91.5,114.1,-22.6,0.0,75.0,82.0,71.5,104.9,114.7,-9.8,0.0,-12.8,71.25,-23.2,-9.2,67.8,83.61,71.75,94.34,116.45,-22.11,0.0,80.42,81.23,72.16,111.36,112.61,-1.25,0.387,-20.86,71.95,-18.27,-5.09,67.82,83.57,71.75,94.37,116.4,-22.03,0.002,80.02,82.85,71.97,111.12,115.17,-4.06,0.278,-17.97,71.86,-20.81,-5.28,67.82,83.57,71.75,94.37,116.4,-22.03,0.002,80.47,83.64,72.4,111.1,115.55,-4.45,0.235,-17.58,72.08,-21.18,-5.3,67.82,83.57,71.75,94.37,116.4,-22.03,0.002,79.59,84.37,72.28,110.06,116.77,-6.7,0.203,-15.32,72.01,-22.4,-6.33,67.82,83.57,71.75,94.37,116.4,-22.03,0.002,78.42,82.92,72.2,108.55,114.86,-6.31,0.183,-15.72,71.97,-20.49,-7.84,67.82,83.57,71.75,94.37,116.4,-22.03,0.002,78.27,82.37,72.1,108.51,114.25,-5.75,0.233,-16.28,71.92,-19.88,-7.89,67.82,83.57,71.75,94.37,116.4,-22.03,0.002,77.42,80.91,72.06,107.37,112.27,-4.9,0.279,-17.12,71.9,-17.9,-9.03,67.82,83.57,71.75,94.37,116.4,-22.03,0.002,77.87,80.95,72.12,107.91,112.24,-4.33,0.305,-17.7,71.93,-17.87,-8.48,67.82,83.57,71.75,94.37,116.4,-22.03,0.002,78.16,81.95,72.1,108.35,113.67,-5.32,0.294,-16.71,71.92,-19.3,-8.04,0,1,1,0,1,0,0
EuroLeague,2023-2024,Round 34,2024-04-11,AS Monaco,FC Bayern München,89,85,71.5,124.5,118.9,118.9,124.5,14,4,10,0,85,89,0,AS Monaco,1.25,91.0,80.0,71.5,127.3,111.9,15.4,1.0,81.0,74.0,72.5,111.7,102.1,9.6,1.0,5.8,72.0,25.2,-0.2,90.89,80.02,71.5,127.15,111.92,15.23,1.0,77.95,78.06,71.99,108.25,108.5,-0.25,0.492,15.48,71.75,18.65,-3.67,90.87,80.01,71.5,127.12,111.92,15.2,1.0,80.63,78.53,72.29,111.49,108.69,2.8,0.615,12.4,71.89,18.43,-0.43,90.87,80.01,71.5,127.12,111.92,15.2,1.0,80.31,80.21,72.13,111.29,111.26,0.03,0.494,15.17,71.82,15.85,-0.63,90.87,80.01,71.5,127.12,111.92,15.2,1.0,80.61,81.08,72.43,111.26,111.98,-0.72,0.438,15.92,71.97,15.14,-0.66,90.87,80.01,71.5,127.12,111.92,15.2,1.0,79.93,81.9,72.33,110.45,113.28,-2.82,0.393,18.02,71.92,13.84,-1.47,90.87,80.01,71.5,127.12,111.92,15.2,1.0,78.99,80.96,72.27,109.24,112.06,-2.82,0.362,18.02,71.88,15.06,-2.68,90.87,80.01,71.5,127.12,111.92,15.2,1.0,78.84,80.62,72.18,109.17,111.72,-2.55,0.393,17.75,71.84,15.4,-2.75,90.87,80.01,71.5,127.12,111.92,15.2,1.0,78.13,79.54,72.15,108.23,110.25,-2.02,0.422,17.22,71.82,16.87,-3.69,90.87,80.01,71.5,127.12,111.92,15.2,1.0,78.48,79.61,72.19,108.64,110.29,-1.64,0.439,16.84,71.85,16.83,-3.28,0,0,0,1,0,0,1
BBL,2023-2024,Round 27,2024-04-14,FC Bayern München,RASTA Vechta,88,77,73.4,119.9,104.9,104.9,119.9,3,14,-11,1,88,77,1,RASTA Vechta,1.0,85.0,89.0,71.5,118.9,124.5,-5.6,0.0,81.0,85.0,73.5,110.2,115.6,-5.4,0.0,-0.2,72.5,3.3,-14.3,83.44,83.14,71.89,116.09,115.76,0.33,0.39,81.0,85.0,73.5,110.2,115.6,-5.4,0.0,5.73,72.7,0.49,-5.56,81.02,82.82,71.78,112.88,115.45,-2.57,0.278,81.0,85.0,73.5,110.2,115.6,-5.4,0.0,2.83,72.64,-2.72,-5.25,82.24,82.38,72.0,114.21,114.51,-0.29,0.389,81.0,85.0,73.5,110.2,115.6,-5.4,0.0,5.11,72.75,-1.39,-4.31,81.8,83.01,71.93,113.71,115.48,-1.76,0.337,81.0,85.0,73.5,110.2,115.6,-5.4,0.0,3.64,72.71,-1.89,-5.28,81.9,83.4,72.16,113.5,115.65,-2.15,0.31,81.0,85.0,73.5,110.2,115.6,-5.4,0.0,3.25,72.83,-2.1,-5.45,81.3,83.83,72.11,112.74,116.32,-3.57,0.286,81.0,85.0,73.5,110.2,115.6,-5.4,0.0,1.83,72.8,-2.86,-6.12,80.52,83.01,72.07,111.7,115.23,-3.53,0.27,81.0,85.0,73.5,110.2,115.6,-5.4,0.0,1.87,72.79,-3.9,-5.03,80.35,82.68,72.01,111.56,114.86,-3.3,0.296,81.0,85.0,73.5,110.2,115.6,-5.4,0.0,2.1,72.76,-4.04,-4.66,79.75,81.78,72.0,110.75,113.62,-2.87,0.322,81.0,85.0,73.5,110.2,115.6,-5.4,0.0,2.53,72.75,-4.85,-3.42,0,0,0,0,1,0,1
BBL,2023-2024,Round 28,2024-04-21,Bamberg Baskets,FC Bayern München,81,99,75.8,106.9,130.6,130.6,106.9,14,7,7,0,99,81,1,Bamberg Baskets,1.0,62.0,81.0,70.0,88.6,115.7,-27.1,0.0,88.0,77.0,73.4,119.9,104.9,15.0,1.0,-42.1,71.7,-16.3,4.2,67.95,83.98,71.08,95.34,118.03,-22.69,0.0,86.49,83.05,72.44,119.4,114.78,4.62,0.496,-27.31,71.76,-19.44,1.37,68.08,83.98,71.1,95.49,118.0,-22.51,0.007,85.15,80.84,72.46,117.52,111.68,5.83,0.619,-28.35,71.78,-16.19,-0.48,68.08,83.97,71.1,95.5,117.99,-22.5,0.007,83.11,81.07,72.26,114.98,112.29,2.69,0.495,-25.19,71.68,-16.79,-3.01,68.08,83.97,71.1,95.5,117.99,-22.5,0.007,83.77,80.95,72.37,115.73,111.95,3.77,0.551,-26.27,71.73,-16.46,-2.26,68.08,83.97,71.1,95.5,117.99,-22.5,0.007,83.28,81.57,72.28,115.19,112.95,2.24,0.495,-24.73,71.69,-17.46,-2.8,68.08,83.97,71.1,95.5,117.99,-22.5,0.007,83.27,81.97,72.44,114.93,113.24,1.69,0.464,-24.19,71.77,-17.74,-3.06,68.08,83.97,71.1,95.5,117.99,-22.5,0.007,82.71,82.39,72.38,114.25,113.91,0.34,0.437,-22.83,71.74,-18.42,-3.74,68.08,83.97,71.1,95.5,117.99,-22.5,0.007,82.02,81.81,72.34,113.35,113.16,0.19,0.416,-22.68,71.72,-17.66,-4.64,68.08,83.97,71.1,95.5,117.99,-22.5,0.007,81.84,81.58,72.28,113.19,112.92,0.27,0.433,-22.76,71.69,-17.42,-4.81,0,0,0,0,1,0,0
BBL,2023-2024,Round 29,2024-04-28,FC Bayern München,MLP Academics Heidelberg,91,69,72.0,126.4,95.8,95.8,126.4,7,14,-7,1,91,69,1,MLP Academics Heidelberg,1.0,99.0,81.0,75.8,130.6,106.9,23.7,1.0,89.0,82.0,74.6,119.3,109.9,9.4,1.0,14.3,75.2,20.7,12.4,94.23,79.27,74.76,125.96,106.03,19.93,1.0,88.96,82.03,74.59,119.26,109.95,9.31,0.994,10.62,74.68,16.01,13.23,91.41,82.24,73.76,123.8,111.68,12.12,0.694,88.96,82.03,74.59,119.26,109.95,9.31,0.994,2.82,74.18,13.85,7.58,89.7,80.89,73.56,121.82,110.11,11.71,0.744,88.96,82.03,74.59,119.26,109.95,9.31,0.994,2.4,74.07,11.87,9.15,87.58,81.05,73.26,119.38,110.77,8.6,0.637,88.96,82.03,74.59,119.26,109.95,9.31,0.994,-0.7,73.93,9.43,8.49,87.7,80.96,73.25,119.56,110.65,8.91,0.667,88.96,82.03,74.59,119.26,109.95,9.31,0.994,-0.39,73.92,9.61,8.61,87.02,81.44,73.12,118.85,111.51,7.34,0.615,88.96,82.03,74.59,119.26,109.95,9.31,0.994,-1.97,73.86,8.9,7.75,86.83,81.75,73.2,118.48,111.8,6.67,0.586,88.96,82.03,74.59,119.26,109.95,9.31,0.994,-2.63,73.9,8.53,7.45,86.23,82.09,73.12,117.78,112.4,5.38,0.558,88.96,82.03,74.59,119.26,109.95,9.31,0.994,-3.93,73.86,7.83,6.86,85.55,81.64,73.06,116.93,111.86,5.07,0.537,88.96,82.03,74.59,119.26,109.95,9.31,0.994,-4.23,73.83,6.98,7.4,0,0,0,0,1,0,1
BBL,2023-2024,Round 30,2024-05-05,MHP RIESEN Ludwigsburg,FC Bayern München,80,85,73.5,108.8,115.6,115.6,108.8,14,7,7,0,85,80,1,MHP RIESEN Ludwigsburg,1.0,84.0,92.0,73.8,113.8,124.7,-10.9,0.0,91.0,69.0,72.0,126.4,95.8,30.6,1.0,-41.5,72.9,18.0,1.7,84.05,91.9,73.81,113.86,124.56,-10.71,0.004,94.47,74.2,73.65,128.22,100.61,27.61,1.0,-38.32,73.73,13.24,3.66,84.05,91.9,73.81,113.86,124.56,-10.71,0.004,92.86,74.9,73.59,126.15,101.68,24.47,1.0,-35.17,73.7,12.18,1.59,84.05,91.9,73.81,113.86,124.56,-10.71,0.004,91.27,77.75,73.16,124.68,106.29,18.4,0.798,-29.1,73.49,7.57,0.12,84.05,91.9,73.81,113.86,124.56,-10.71,0.004,90.09,77.32,73.09,123.2,105.81,17.39,0.821,-28.1,73.45,8.05,-1.37,84.05,91.9,73.81,113.86,124.56,-10.71,0.004,88.5,77.81,72.92,121.27,106.75,14.52,0.734,-25.22,73.36,7.11,-3.3,84.05,91.9,73.81,113.86,124.56,-10.71,0.004,88.53,77.95,72.94,121.29,106.91,14.38,0.751,-25.09,73.37,6.95,-3.28,84.05,91.9,73.81,113.86,124.56,-10.71,0.004,87.96,78.49,72.85,120.64,107.79,12.85,0.706,-23.56,73.33,6.07,-3.92,84.05,91.9,73.81,113.86,124.56,-10.71,0.004,87.78,78.84,72.92,120.29,108.15,12.14,0.68,-22.84,73.36,5.7,-4.27,84.05,91.9,73.81,113.86,124.56,-10.71,0.004,87.28,79.21,72.87,119.67,108.75,10.93,0.655,-21.63,73.34,5.11,-4.89,0,0,0,0,1,0,0
BBL,2023-2024,Round 31,2024-05-08,FC Bayern München,ROSTOCK SEAWOLVES,101,73,76.0,132.9,96.1,96.1,132.9,3,14,-11,1,101,73,1,ROSTOCK SEAWOLVES,1.0,85.0,80.0,73.5,115.6,108.8,6.8,1.0,85.0,91.0,75.2,113.0,121.0,-8.0,0.0,14.8,74.35,-5.4,4.2,87.6,75.23,72.85,120.28,103.16,17.12,1.0,85.09,90.69,75.19,113.14,120.6,-7.46,0.024,24.58,74.02,-0.32,9.98,90.44,76.67,73.58,122.85,104.09,18.76,1.0,85.03,90.65,75.18,113.07,120.57,-7.49,0.024,26.25,74.38,2.29,8.98,90.05,76.72,73.56,122.38,104.22,18.16,1.0,85.03,90.65,75.18,113.07,120.57,-7.49,0.024,25.65,74.37,1.81,8.85,89.34,78.44,73.27,121.89,107.06,14.83,0.86,85.03,90.65,75.18,113.07,120.57,-7.49,0.024,22.33,74.22,1.33,6.01,88.66,78.07,73.2,121.05,106.65,14.4,0.872,85.03,90.65,75.18,113.07,120.57,-7.49,0.024,21.9,74.19,0.49,6.42,87.59,78.38,73.07,119.79,107.28,12.51,0.803,85.03,90.65,75.18,113.07,120.57,-7.49,0.024,20.01,74.13,-0.77,5.79,87.66,78.46,73.08,119.88,107.38,12.5,0.813,85.03,90.65,75.18,113.07,120.57,-7.49,0.024,20.0,74.13,-0.69,5.7,87.26,78.85,73.01,119.45,108.03,11.42,0.776,85.03,90.65,75.18,113.07,120.57,-7.49,0.024,18.92,74.09,-1.12,5.04,87.14,79.11,73.06,119.21,108.3,10.91,0.754,85.03,90.65,75.18,113.07,120.57,-7.49,0.024,18.41,74.12,-1.36,4.77,0,0,0,0,1,0,1
BBL,2023-2024,Round 32,2024-05-12,FC Bayern München,ALBA Berlin,77,87,74.0,104.1,117.6,117.6,104.1,4,14,-10,1,77,87,0,ALBA Berlin,1.0,101.0,73.0,76.0,132.9,96.1,36.8,1.0,65.0,82.0,71.5,90.9,114.7,-23.8,0.0,60.6,73.75,18.2,-5.2,93.83,76.14,74.88,125.14,101.79,23.35,1.0,65.0,82.0,71.7,90.67,114.39,-23.72,0.0,47.07,73.29,10.76,-11.13,93.1,74.31,74.14,125.47,100.26,25.2,1.0,65.25,81.83,71.68,91.04,114.18,-23.14,0.0,48.35,72.91,11.29,-9.23,94.07,75.41,74.41,126.3,101.35,24.96,1.0,65.29,81.81,71.68,91.09,114.15,-23.06,0.003,48.02,73.05,12.16,-10.26,93.39,75.58,74.3,125.59,101.74,23.85,1.0,65.31,81.81,71.68,91.11,114.15,-23.04,0.003,46.88,72.99,11.45,-10.63,92.54,76.95,74.02,124.91,104.05,20.86,0.898,65.32,81.81,71.68,91.12,114.14,-23.02,0.004,43.88,72.85,10.77,-12.93,91.84,76.77,73.92,124.11,103.93,20.17,0.905,65.32,81.81,71.68,91.13,114.14,-23.01,0.004,43.18,72.8,9.97,-12.81,90.84,77.08,73.78,122.97,104.57,18.4,0.851,65.32,81.81,71.68,91.13,114.14,-23.01,0.004,41.41,72.73,8.83,-13.44,90.77,77.18,73.76,122.92,104.74,18.18,0.856,65.32,81.81,71.68,91.13,114.14,-23.01,0.004,41.19,72.72,8.78,-13.61,90.36,77.53,73.68,122.48,105.34,17.14,0.826,65.32,81.81,71.68,91.13,114.14,-23.01,0.004,40.15,72.68,8.34,-14.21,0,0,0,0,1,0,0
BBL,2023-2024,Playoffs QF G1,2024-05-18,FC Bayern München,MHP RIESEN Ludwigsburg,98,102,77.0,127.3,132.5,132.5,127.3,6,13,-7,1,98,102,0,MHP RIESEN Ludwigsburg,1.0,77.0,87.0,74.0,104.1,117.6,-13.5,0.0,80.0,85.0,73.5,108.8,115.6,-6.8,0.0,-6.7,73.75,-11.5,-8.8,87.67,80.78,74.89,116.9,108.04,8.86,0.445,80.5,85.87,73.54,109.42,116.74,-7.31,0.0,16.18,74.21,0.17,1.38,86.96,80.57,74.52,116.56,108.24,8.32,0.592,80.51,85.86,73.54,109.43,116.72,-7.29,0.001,15.61,74.03,-0.16,1.19,87.64,78.62,74.1,118.22,106.14,12.08,0.661,80.51,85.86,73.54,109.43,116.72,-7.29,0.001,19.37,73.82,1.5,3.29,88.94,78.89,74.29,119.64,106.23,13.41,0.7,80.51,85.86,73.54,109.43,116.72,-7.29,0.001,20.7,73.91,2.91,3.2,88.87,78.74,74.22,119.66,106.12,13.54,0.724,80.51,85.86,73.54,109.43,116.72,-7.29,0.001,20.82,73.88,2.93,3.31,88.57,79.51,74.01,119.6,107.51,12.09,0.669,80.51,85.86,73.54,109.43,116.72,-7.29,0.001,19.38,73.78,2.88,1.92,88.22,79.26,73.94,119.24,107.26,11.97,0.684,80.51,85.86,73.54,109.43,116.72,-7.29,0.001,19.26,73.74,2.51,2.17,87.62,79.38,73.83,118.58,107.6,10.98,0.653,80.51,85.86,73.54,109.43,116.72,-7.29,0.001,18.27,73.69,1.86,1.83,87.66,79.4,73.81,118.67,107.65,11.02,0.663,80.51,85.86,73.54,109.43,116.72,-7.29,0.001,18.31,73.68,1.95,1.79,0,0,0,0,1,0,0
BBL,2023-2024,Playoffs QF G2,2024-05-20,MHP RIESEN Ludwigsburg,FC Bayern München,67,83,71.5,93.7,116.1,116.1,93.7,2,2,0,0,83,67,1,MHP RIESEN Ludwigsburg,1.0,102.0,98.0,77.0,132.5,127.3,5.2,1.0,98.0,102.0,77.0,127.3,132.5,-5.2,0.0,10.4,77.0,0.0,0.0,92.95,92.65,75.56,122.75,122.48,0.26,0.588,88.82,95.44,75.69,117.16,125.99,-8.83,0.0,9.09,75.62,-3.24,-5.33,92.45,92.61,75.46,122.25,122.61,-0.36,0.556,91.98,89.62,75.77,121.24,118.24,3.0,0.259,-3.36,75.62,4.01,-1.37,92.45,92.61,75.46,122.25,122.6,-0.35,0.556,90.76,87.95,75.37,120.26,116.6,3.66,0.388,-4.01,75.42,5.66,-2.34,92.45,92.61,75.46,122.25,122.6,-0.35,0.556,90.79,85.72,74.98,120.98,114.15,6.83,0.46,-7.18,75.22,8.1,-1.62,92.45,92.61,75.46,122.25,122.6,-0.35,0.556,91.47,85.33,75.05,121.77,113.55,8.22,0.505,-8.57,75.25,8.7,-0.83,92.45,92.61,75.46,122.25,122.6,-0.35,0.556,91.26,84.84,74.95,121.66,113.04,8.62,0.534,-8.97,75.2,9.21,-0.94,92.45,92.61,75.46,122.25,122.6,-0.35,0.556,90.91,85.07,74.75,121.5,113.69,7.81,0.504,-8.16,75.11,8.56,-1.1,92.45,92.61,75.46,122.25,122.6,-0.35,0.556,90.56,84.69,74.67,121.16,113.28,7.88,0.521,-8.22,75.07,8.97,-1.44,92.45,92.61,75.46,122.25,122.6,-0.35,0.556,90.01,84.59,74.56,120.59,113.33,7.26,0.503,-7.61,75.01,8.92,-2.01,1,1,0,0,1,0,0
BBL,2023-2024,Playoffs QF G3,2024-05-22,FC Bayern München,MHP RIESEN Ludwigsburg,84,73,72.4,116.0,100.8,100.8,116.0,2,2,0,1,84,73,1,MHP RIESEN Ludwigsburg,1.0,83.0,67.0,71.5,116.1,93.7,22.4,1.0,67.0,83.0,71.5,93.7,116.1,-22.4,0.0,44.8,71.5,0.0,0.0,89.78,82.82,73.99,121.16,111.24,9.92,0.548,82.82,89.78,73.99,111.24,121.16,-9.92,0.452,19.85,73.99,0.0,0.0,86.46,83.91,73.99,116.73,112.89,3.84,0.406,82.14,88.63,73.87,110.65,119.83,-9.17,0.343,13.01,73.93,-3.1,-2.24,88.96,82.03,74.34,119.51,110.0,9.51,0.508,82.2,88.74,73.87,110.76,119.99,-9.23,0.332,18.74,74.1,-0.47,0.76,88.48,81.78,74.23,119.03,109.85,9.18,0.568,82.21,88.74,73.87,110.76,119.98,-9.22,0.332,18.41,74.05,-0.95,0.91,88.69,80.68,74.04,119.67,108.65,11.02,0.605,82.21,88.74,73.87,110.76,119.98,-9.22,0.332,20.24,73.95,-0.32,2.11,89.33,80.7,74.15,120.34,108.54,11.8,0.63,82.21,88.74,73.87,110.76,119.98,-9.22,0.332,21.03,74.01,0.36,2.22,89.27,80.53,74.12,120.32,108.37,11.95,0.646,82.21,88.74,73.87,110.76,119.98,-9.22,0.332,21.17,73.99,0.34,2.38,89.08,80.91,74.0,120.26,109.08,11.18,0.618,82.21,88.74,73.87,110.76,119.98,-9.22,0.332,20.4,73.93,0.27,1.68,88.86,80.72,73.96,120.02,108.89,11.13,0.629,82.21,88.74,73.87,110.76,119.98,-9.22,0.332,20.36,73.91,0.04,1.87,1,1,0,0,1,0,1
BBL,2023-2024,Playoffs QF G4,2024-05-24,MHP RIESEN Ludwigsburg,FC Bayern München,69,76,71.0,97.2,107.0,107.0,97.2,2,2,0,0,76,69,1,MHP RIESEN Ludwigsburg,1.0,73.0,84.0,72.4,100.8,116.0,-15.2,0.0,84.0,73.0,72.4,116.0,100.8,15.2,1.0,-30.4,72.4,0.0,0.0,70.29,83.55,71.99,97.59,116.05,-18.45,0.0,83.55,70.29,71.99,116.05,97.59,18.45,1.0,-36.91,71.99,0.0,0.0,78.9,87.47,73.35,107.07,119.1,-12.03,0.272,87.47,78.9,73.35,119.1,107.07,12.03,0.728,-24.06,73.35,0.0,0.0,79.08,87.08,73.38,107.35,118.54,-11.2,0.228,85.65,80.31,73.47,116.49,108.91,7.58,0.601,-18.78,73.42,-1.56,-2.05,79.19,87.19,73.39,107.49,118.68,-11.19,0.223,87.53,79.42,73.78,118.5,107.34,11.16,0.65,-22.35,73.58,0.15,-0.18,79.19,87.19,73.39,107.49,118.68,-11.18,0.223,87.3,79.47,73.75,118.23,107.47,10.76,0.682,-21.95,73.57,0.02,-0.44,79.19,87.19,73.39,107.49,118.68,-11.18,0.223,87.54,78.79,73.64,118.76,106.72,12.05,0.703,-23.23,73.51,0.78,0.09,79.19,87.19,73.39,107.49,118.68,-11.18,0.223,88.08,78.9,73.74,119.32,106.72,12.6,0.717,-23.78,73.56,0.77,0.64,79.19,87.19,73.39,107.49,118.68,-11.18,0.223,88.08,78.83,73.73,119.34,106.66,12.68,0.726,-23.87,73.56,0.83,0.67,79.19,87.19,73.39,107.49,118.68,-11.18,0.223,87.97,79.18,73.65,119.33,107.27,12.06,0.702,-23.24,73.52,0.22,0.65,1,1,0,0,1,0,0
BBL,2023-2024,Playoffs SF G1,2024-05-29,FC Bayern München,Würzburg Baskets,91,76,73.8,123.3,103.0,103.0,123.3,5,14,-9,1,91,76,1,Würzburg Baskets,1.0,76.0,69.0,71.0,107.0,97.2,9.8,1.0,82.0,90.0,73.6,111.4,122.3,-10.9,0.0,20.7,72.3,-15.3,14.2,79.62,70.81,71.63,111.07,98.83,12.24,1.0,80.13,89.69,73.33,109.19,122.32,-13.13,0.0,25.37,72.48,-11.25,10.37,80.54,69.77,71.6,112.43,97.43,15.0,1.0,80.1,89.67,73.32,109.16,122.3,-13.14,0.0,28.14,72.46,-9.87,11.73,83.73,75.67,72.59,115.16,103.85,11.3,0.817,80.1,89.67,73.32,109.16,122.3,-13.14,0.0,24.45,72.95,-7.15,5.31,82.89,77.08,72.76,113.78,105.56,8.22,0.715,80.1,89.67,73.32,109.16,122.3,-13.14,0.0,21.36,73.04,-8.52,3.59,84.53,76.71,73.06,115.51,104.71,10.81,0.741,80.1,89.67,73.32,109.16,122.3,-13.14,0.0,23.95,73.19,-6.79,4.45,84.57,76.94,73.09,115.52,104.99,10.53,0.759,80.1,89.67,73.32,109.16,122.3,-13.14,0.0,23.67,73.2,-6.78,4.17,84.89,76.54,73.03,116.06,104.53,11.53,0.771,80.1,89.67,73.32,109.16,122.3,-13.14,0.0,24.67,73.18,-6.24,4.63,85.41,76.71,73.13,116.6,104.62,11.98,0.779,80.1,89.67,73.32,109.16,122.3,-13.14,0.0,25.12,73.23,-5.71,4.54,85.48,76.71,73.14,116.69,104.62,12.06,0.785,80.1,89.67,73.32,109.16,122.3,-13.14,0.0,25.2,73.23,-5.62,4.53,0,0,0,0,1,0,1
BBL,2023-2024,Playoffs SF G2,2024-05-31,Würzburg Baskets,FC Bayern München,75,99,75.0,100.0,132.0,132.0,100.0,2,2,0,0,99,75,1,Würzburg Baskets,1.0,76.0,91.0,73.8,103.0,123.3,-20.3,0.0,91.0,76.0,73.8,123.3,103.0,20.3,1.0,-40.6,73.8,0.0,0.0,77.22,90.8,73.76,104.71,123.1,-18.38,0.0,84.39,72.91,72.57,116.11,100.44,15.67,1.0,-34.05,73.16,4.27,-6.98,76.92,90.71,73.7,104.38,123.08,-18.71,0.0,84.28,72.94,72.52,116.08,100.54,15.55,1.0,-34.25,73.11,3.84,-7.0,76.91,90.7,73.69,104.37,123.08,-18.7,0.0,84.05,71.87,72.34,116.09,99.31,16.78,1.0,-35.49,73.02,5.07,-6.99,76.91,90.7,73.69,104.37,123.08,-18.7,0.0,85.86,75.77,72.94,117.54,103.6,13.93,0.871,-32.64,73.32,0.77,-5.54,76.91,90.7,73.69,104.37,123.08,-18.7,0.0,85.05,76.79,73.04,116.31,104.88,11.43,0.791,-30.13,73.37,-0.51,-6.77,76.91,90.7,73.69,104.37,123.08,-18.7,0.0,86.14,76.54,73.24,117.44,104.28,13.16,0.805,-31.86,73.47,0.09,-5.64,76.91,90.7,73.69,104.37,123.08,-18.7,0.0,86.08,76.72,73.25,117.34,104.52,12.82,0.815,-31.53,73.47,-0.15,-5.73,76.91,90.7,73.69,104.37,123.08,-18.7,0.0,86.27,76.42,73.2,117.69,104.18,13.51,0.823,-32.21,73.45,0.19,-5.38,76.91,90.7,73.69,104.37,123.08,-18.7,0.0,86.63,76.55,73.28,118.06,104.26,13.8,0.828,-32.51,73.49,0.11,-5.01,1,1,0,0,1,0,0
BBL,2023-2024,Playoffs SF G3,2024-06-02,FC Bayern München,Würzburg Baskets,75,61,69.8,107.4,87.4,87.4,107.4,2,2,0,1,75,61,1,Würzburg Baskets,1.0,99.0,75.0,75.0,132.0,100.0,32.0,1.0,75.0,99.0,75.0,100.0,132.0,-32.0,0.0,64.0,75.0,0.0,0.0,95.38,75.45,74.46,128.07,101.36,26.71,1.0,75.45,95.38,74.46,101.36,128.07,-26.71,0.0,53.42,74.46,0.0,0.0,90.29,73.76,73.55,122.53,100.26,22.27,1.0,76.13,94.83,74.37,102.4,127.47,-25.07,0.0,47.34,73.96,-4.94,2.13,89.17,73.62,73.34,121.37,100.36,21.01,1.0,75.99,94.73,74.33,102.25,127.41,-25.16,0.0,46.17,73.84,-6.04,1.89,88.38,72.77,73.11,120.69,99.51,21.19,1.0,75.99,94.73,74.33,102.25,127.41,-25.15,0.0,46.34,73.72,-6.71,2.75,89.3,75.57,73.48,121.32,102.66,18.66,0.904,75.99,94.73,74.33,102.25,127.41,-25.15,0.0,43.82,73.9,-6.08,-0.41,88.45,76.36,73.52,120.13,103.69,16.44,0.842,75.99,94.73,74.33,102.25,127.41,-25.15,0.0,41.59,73.92,-7.27,-1.44,89.11,76.18,73.65,120.8,103.29,17.51,0.85,75.99,94.73,74.33,102.25,127.41,-25.15,0.0,42.66,73.99,-6.6,-1.04,88.94,76.34,73.64,120.59,103.52,17.07,0.856,75.99,94.73,74.33,102.25,127.41,-25.15,0.0,42.22,73.98,-6.81,-1.27,89.0,76.11,73.59,120.77,103.29,17.48,0.861,75.99,94.73,74.33,102.25,127.41,-25.15,0.0,42.63,73.96,-6.64,-1.03,1,1,0,0,1,0,1
BBL,2023-2024,Playoffs Finals G1,2024-06-08,FC Bayern München,ALBA Berlin,79,67,71.5,110.5,93.7,93.7,110.5,6,14,-8,1,79,67,1,ALBA Berlin,1.0,75.0,61.0,69.8,107.4,87.4,20.0,1.0,87.0,77.0,74.0,117.6,104.1,13.5,1.0,6.5,71.9,3.3,30.2,85.85,67.33,72.15,118.52,93.1,25.42,1.0,83.5,77.8,73.6,113.35,105.79,7.56,0.841,17.86,72.88,12.73,20.25,87.25,69.68,72.6,119.82,95.79,24.03,1.0,81.79,78.18,73.45,111.22,106.54,4.68,0.763,19.35,73.03,13.28,15.43,85.26,69.56,72.32,117.56,96.03,21.52,1.0,81.5,78.22,73.41,110.88,106.65,4.23,0.747,17.3,72.86,10.91,14.84,85.1,70.0,72.33,117.36,96.64,20.72,1.0,81.49,78.22,73.41,110.87,106.65,4.22,0.747,16.5,72.87,10.71,14.23,84.9,69.72,72.25,117.24,96.36,20.88,1.0,81.49,78.22,73.41,110.87,106.65,4.22,0.747,16.66,72.83,10.59,14.51,85.85,72.06,72.59,117.97,98.98,18.99,0.927,81.49,78.22,73.41,110.87,106.65,4.22,0.747,14.77,73.0,11.32,11.89,85.38,72.85,72.67,117.23,99.98,17.25,0.878,81.49,78.22,73.41,110.87,106.65,4.22,0.747,13.04,73.04,10.58,10.89,86.02,72.86,72.8,117.87,99.82,18.05,0.883,81.49,78.22,73.41,110.87,106.65,4.22,0.747,13.84,73.11,11.22,11.05,85.99,73.09,72.83,117.8,100.11,17.69,0.887,81.49,78.22,73.41,110.87,106.65,4.22,0.747,13.47,73.12,11.15,10.76,0,0,0,0,1,0,1
BBL,2023-2024,Playoffs Finals G2,2024-06-10,ALBA Berlin,FC Bayern München,79,70,72.0,109.7,97.2,97.2,109.7,2,2,0,0,70,79,0,ALBA Berlin,1.0,67.0,79.0,71.5,93.7,110.5,-16.8,0.0,79.0,67.0,71.5,110.5,93.7,16.8,1.0,-33.6,71.5,0.0,0.0,74.24,78.28,72.4,102.35,108.18,-5.84,0.362,77.25,64.38,70.76,109.14,90.95,18.2,1.0,-24.04,71.58,11.4,0.96,73.64,78.52,72.35,101.61,108.6,-6.99,0.339,83.02,67.19,71.88,115.2,93.35,21.86,1.0,-28.85,72.11,8.27,6.6,73.3,78.65,72.33,101.17,108.81,-7.64,0.325,84.45,68.77,72.23,116.66,95.08,21.58,1.0,-29.22,72.28,6.09,7.84,73.25,78.66,72.33,101.11,108.84,-7.73,0.322,83.4,68.8,72.07,115.46,95.34,20.12,1.0,-27.85,72.2,5.77,6.62,73.26,78.66,72.32,101.11,108.84,-7.72,0.323,83.46,69.19,72.1,115.51,95.85,19.66,1.0,-27.39,72.21,5.27,6.67,73.26,78.66,72.33,101.11,108.84,-7.72,0.322,83.42,69.03,72.06,115.55,95.69,19.86,1.0,-27.58,72.19,5.42,6.71,73.26,78.66,72.33,101.12,108.84,-7.72,0.323,84.23,70.86,72.33,116.2,97.73,18.47,0.945,-26.19,72.33,3.38,7.36,73.26,78.66,72.33,101.12,108.84,-7.72,0.323,83.93,71.53,72.4,115.7,98.55,17.15,0.906,-24.87,72.36,2.56,6.86,73.26,78.66,72.33,101.12,108.84,-7.72,0.323,84.48,71.57,72.52,116.25,98.47,17.78,0.909,-25.5,72.42,2.64,7.41,1,1,0,0,1,0,1
BBL,2023-2024,Playoffs Finals G3,2024-06-12,FC Bayern München,ALBA Berlin,67,63,68.5,97.8,92.0,92.0,97.8,2,2,0,1,67,63,1,ALBA Berlin,1.0,70.0,79.0,72.0,97.2,109.7,-12.5,0.0,79.0,70.0,72.0,109.7,97.2,12.5,1.0,-25.0,72.0,0.0,0.0,74.07,73.58,71.77,103.21,102.47,0.74,0.452,73.58,74.07,71.77,102.47,103.21,-0.74,0.548,1.49,71.77,0.0,0.0,74.31,70.31,71.26,104.3,98.55,5.75,0.594,76.31,74.67,72.23,105.55,103.39,2.16,0.64,3.59,71.74,0.91,7.0,78.67,71.14,71.92,109.19,98.81,10.38,0.666,75.89,74.94,72.2,105.01,103.81,1.2,0.616,9.19,72.06,5.38,6.2,80.24,71.75,72.16,110.98,99.34,11.64,0.708,75.64,75.1,72.2,104.67,104.05,0.62,0.602,11.02,72.18,6.94,5.33,79.85,71.5,72.05,110.62,99.15,11.48,0.735,75.6,75.13,72.19,104.62,104.09,0.53,0.599,10.95,72.12,6.53,5.47,80.14,71.61,72.08,111.0,99.26,11.74,0.754,75.6,75.13,72.19,104.62,104.09,0.53,0.599,11.21,72.14,6.91,5.36,80.3,71.36,72.05,111.27,98.96,12.32,0.767,75.6,75.13,72.19,104.62,104.09,0.52,0.599,11.79,72.12,7.18,5.66,81.06,72.68,72.26,111.96,100.4,11.56,0.734,75.6,75.13,72.19,104.62,104.09,0.52,0.599,11.04,72.23,7.87,4.22,80.93,73.14,72.32,111.71,100.96,10.75,0.71,75.6,75.13,72.19,104.62,104.09,0.52,0.599,10.23,72.25,7.62,3.66,1,1,0,0,1,0,1
BBL,2023-2024,Playoffs Finals G4,2024-06-14,ALBA Berlin,FC Bayern München,82,88,74.2,110.5,118.6,118.6,110.5,2,2,0,0,88,82,1,ALBA Berlin,1.0,63.0,67.0,68.5,92.0,97.8,-5.8,0.0,67.0,63.0,68.5,97.8,92.0,5.8,1.0,-11.6,68.5,0.0,0.0,70.23,68.36,70.08,100.0,97.53,2.47,0.452,68.36,70.23,70.08,97.53,100.0,-2.47,0.548,4.94,70.08,0.0,0.0,69.35,71.25,70.47,98.29,101.05,-2.76,0.329,71.25,69.35,70.47,101.05,98.29,2.76,0.671,-5.52,70.47,0.0,0.0,71.71,72.01,70.94,100.87,101.46,-0.59,0.419,71.9,67.9,70.35,102.16,96.39,5.77,0.728,-6.36,70.64,4.47,0.7,71.54,72.26,70.95,100.62,101.78,-1.16,0.408,75.31,68.79,70.94,105.91,96.85,9.06,0.762,-10.23,70.94,3.77,4.12,71.44,72.41,70.97,100.46,101.97,-1.51,0.402,76.78,69.47,71.2,107.54,97.42,10.12,0.785,-11.63,71.09,3.04,5.57,71.43,72.44,70.97,100.44,102.01,-1.57,0.401,76.73,69.44,71.19,107.5,97.41,10.1,0.799,-11.66,71.08,3.03,5.5,71.43,72.44,70.97,100.44,102.01,-1.57,0.401,77.12,69.63,71.26,107.96,97.59,10.37,0.81,-11.94,71.11,2.85,5.95,71.43,72.44,70.97,100.44,102.01,-1.57,0.401,77.37,69.52,71.27,108.31,97.43,10.88,0.818,-12.45,71.12,3.02,6.3,71.43,72.44,70.97,100.44,102.01,-1.57,0.401,78.07,70.62,71.46,108.95,98.61,10.34,0.791,-11.9,71.22,1.83,6.94,1,1,0,0,1,0,0
BBL,2024-2025,Round 1,2024-09-20,FC Bayern München,NINERS Chemnitz,73,59,70.0,104.3,84.3,84.3,104.3,14,14,0,1,73,59,1,NINERS Chemnitz,1.0,88.0,82.0,74.2,118.6,110.5,8.1,1.0,80.0,89.0,73.2,109.3,121.6,-12.3,0.0,20.4,73.7,-3.0,-1.2,78.51,73.41,71.62,109.2,102.14,7.06,1.0,79.69,87.34,73.01,109.14,119.59,-10.45,0.104,17.51,72.32,-10.39,7.01,76.2,74.93,71.73,105.94,104.19,1.75,0.728,79.64,87.32,73.01,109.08,119.57,-10.49,0.103,12.24,72.37,-13.63,4.89,76.71,73.48,71.68,106.77,102.27,4.5,0.778,79.63,87.32,73.01,109.08,119.57,-10.5,0.103,15.0,72.35,-12.8,6.81,76.5,71.92,71.45,106.85,100.42,6.43,0.806,79.63,87.32,73.01,109.08,119.57,-10.5,0.103,16.93,72.23,-12.72,8.66,78.59,72.21,71.78,109.19,100.38,8.81,0.824,79.63,87.32,73.01,109.08,119.57,-10.5,0.103,19.31,72.39,-10.38,8.7,79.48,72.48,71.92,110.2,100.57,9.63,0.836,79.63,87.32,73.01,109.08,119.57,-10.5,0.103,20.13,72.47,-9.37,8.51,79.29,72.3,71.88,110.03,100.39,9.64,0.845,79.63,87.32,73.01,109.08,119.57,-10.5,0.103,20.14,72.44,-9.54,8.69,79.49,72.33,71.9,110.28,100.41,9.88,0.852,79.63,87.32,73.01,109.08,119.57,-10.5,0.103,20.37,72.45,-9.29,8.67,79.61,72.15,71.88,110.48,100.18,10.3,0.857,79.63,87.32,73.01,109.08,119.57,-10.5,0.103,20.79,72.45,-9.1,8.9,0,0,0,0,1,0,1
BBL,2024-2025,Round 2,2024-09-29,MHP RIESEN Ludwigsburg,FC Bayern München,70,79,71.2,98.3,111.0,111.0,98.3,14,9,5,0,79,70,1,MHP RIESEN Ludwigsburg,1.0,69.0,76.0,71.0,97.2,107.0,-9.8,0.0,73.0,59.0,70.0,104.3,84.3,20.0,1.0,-29.8,70.5,12.9,-2.7,70.81,79.62,71.63,98.83,111.07,-12.24,0.0,75.45,62.76,70.69,106.64,88.58,18.05,1.0,-30.3,71.16,10.24,-4.43,69.77,80.54,71.6,97.43,112.43,-15.0,0.0,74.45,62.79,70.43,105.59,88.99,16.6,1.0,-31.6,71.01,8.45,-6.85,75.67,83.73,72.59,103.85,115.16,-11.3,0.183,74.05,64.24,70.57,104.84,90.84,14.0,0.911,-25.3,71.58,13.01,-10.32,76.16,83.88,72.69,104.41,115.21,-10.79,0.162,74.39,64.43,70.63,105.23,91.03,14.19,0.917,-24.98,71.66,13.38,-9.98,76.29,84.01,72.71,104.56,115.36,-10.79,0.16,74.42,64.25,70.59,105.34,90.85,14.49,0.921,-25.28,71.65,13.71,-10.02,76.29,84.0,72.71,104.57,115.36,-10.79,0.16,75.41,64.68,70.77,106.41,91.22,15.19,0.924,-25.98,71.74,13.35,-8.95,76.29,84.0,72.71,104.57,115.36,-10.79,0.16,75.9,65.04,70.86,106.95,91.59,15.35,0.927,-26.14,71.79,12.97,-8.41,76.29,84.0,72.71,104.57,115.36,-10.79,0.16,75.91,65.14,70.87,106.95,91.73,15.21,0.928,-26.01,71.79,12.83,-8.41,76.29,84.0,72.71,104.57,115.36,-10.79,0.16,76.07,65.3,70.9,107.13,91.91,15.21,0.93,-26.01,71.8,12.65,-8.23,0,0,0,0,1,0,0
EuroLeague,2024-2025,Round 1,2024-10-03,FC Bayern München,Real Madrid,97,89,71.5,135.7,124.5,124.5,135.7,4,14,-10,1,97,89,1,Real Madrid,1.25,79.0,70.0,71.2,111.0,98.3,12.7,1.0,92.0,71.0,71.5,128.7,99.3,29.4,1.0,-16.7,71.35,11.7,30.4,76.44,65.31,70.69,108.14,92.33,15.81,1.0,90.54,71.73,71.5,126.65,100.32,26.33,1.0,-10.52,71.09,7.82,34.32,77.33,66.6,70.96,108.95,93.73,15.22,1.0,90.46,71.7,71.5,126.54,100.28,26.26,1.0,-11.05,71.23,8.67,32.81,76.72,66.38,70.81,108.28,93.63,14.66,1.0,90.43,71.69,71.5,126.51,100.26,26.24,1.0,-11.59,71.16,8.02,32.88,76.4,66.97,70.87,107.76,94.38,13.38,0.953,90.43,71.69,71.5,126.51,100.27,26.24,1.0,-12.86,71.18,7.5,32.13,76.5,66.97,70.89,107.87,94.36,13.51,0.955,90.43,71.69,71.5,126.51,100.27,26.24,1.0,-12.73,71.2,7.6,32.15,76.46,66.81,70.86,107.85,94.16,13.69,0.956,90.43,71.69,71.5,126.51,100.27,26.24,1.0,-12.55,71.18,7.59,32.35,76.97,66.99,70.95,108.4,94.29,14.11,0.957,90.43,71.69,71.5,126.51,100.27,26.24,1.0,-12.13,71.23,8.13,32.21,77.22,67.16,71.01,108.67,94.45,14.22,0.958,90.43,71.69,71.5,126.51,100.27,26.24,1.0,-12.02,71.25,8.41,32.05,77.21,67.18,71.01,108.65,94.49,14.16,0.959,90.43,71.69,71.5,126.51,100.27,26.24,1.0,-12.08,71.25,8.38,32.02,0,0,0,1,0,0,1
BBL,2024-2025,Round 3,2024-10-06,FC Bayern München,BG Göttingen,95,72,74.0,128.4,97.3,97.3,128.4,3,14,-11,1,95,72,1,BG Göttingen,1.0,97.0,89.0,71.5,135.7,124.5,11.2,1.0,76.0,90.0,73.0,104.1,123.3,-19.2,0.0,30.4,72.25,12.4,-20.4,89.97,81.58,71.38,126.06,114.27,11.79,1.0,72.62,89.16,72.54,100.0,122.92,-22.92,0.0,34.7,71.96,3.14,-14.27,86.16,76.51,71.07,121.17,107.54,13.63,1.0,72.62,89.18,72.54,100.0,122.94,-22.94,0.0,36.57,71.81,-1.77,-7.54,86.24,76.74,71.2,121.06,107.66,13.4,1.0,72.62,89.18,72.54,100.0,122.94,-22.94,0.0,36.34,71.87,-1.88,-7.66,85.59,76.28,71.11,120.28,107.13,13.14,1.0,72.62,89.18,72.54,100.0,122.94,-22.94,0.0,36.08,71.83,-2.66,-7.14,85.17,76.35,71.14,119.66,107.2,12.45,0.973,72.62,89.18,72.54,100.0,122.94,-22.94,0.0,35.39,71.84,-3.28,-7.21,85.04,76.15,71.14,119.46,106.91,12.55,0.974,72.62,89.18,72.54,100.0,122.94,-22.94,0.0,35.49,71.84,-3.48,-6.91,84.87,75.9,71.12,119.26,106.59,12.67,0.974,72.62,89.18,72.54,100.0,122.94,-22.94,0.0,35.61,71.83,-3.68,-6.59,85.06,75.88,71.17,119.43,106.5,12.93,0.974,72.62,89.18,72.54,100.0,122.94,-22.94,0.0,35.87,71.86,-3.51,-6.5,85.13,75.89,71.2,119.47,106.46,13.01,0.975,72.62,89.18,72.54,100.0,122.94,-22.94,0.0,35.95,71.87,-3.47,-6.46,0,0,0,0,1,0,1
EuroLeague,2024-2025,Round 2,2024-10-10,Panathinaikos AKTOR Athens,FC Bayern München,94,79,71.5,131.5,110.5,110.5,131.5,14,4,10,0,79,94,0,Panathinaikos AKTOR Athens,1.25,82.0,75.0,71.5,114.7,104.9,9.8,1.0,95.0,72.0,74.0,128.4,97.3,31.1,1.0,-21.3,72.75,17.4,23.5,81.77,74.77,71.5,114.38,104.58,9.8,1.0,96.01,80.57,72.74,132.08,111.01,21.07,1.0,-11.27,72.12,3.37,27.5,81.77,74.77,71.5,114.38,104.58,9.8,1.0,91.86,77.99,72.36,126.94,107.91,19.03,1.0,-9.23,71.93,6.47,22.36,81.77,74.77,71.5,114.38,104.58,9.8,1.0,88.97,75.08,72.0,123.46,104.29,19.18,1.0,-9.38,71.75,10.09,18.88,81.77,74.77,71.5,114.38,104.58,9.8,1.0,88.94,75.28,72.07,123.32,104.47,18.86,1.0,-9.06,71.78,9.91,18.74,81.77,74.77,71.5,114.38,104.58,9.8,1.0,88.42,74.99,71.98,122.72,104.17,18.55,1.0,-8.75,71.74,10.21,18.14,81.77,74.77,71.5,114.38,104.58,9.8,1.0,88.07,75.07,71.98,122.24,104.28,17.96,0.981,-8.16,71.74,10.1,17.66,81.77,74.77,71.5,114.38,104.58,9.8,1.0,87.93,74.94,71.98,122.06,104.12,17.94,0.981,-8.14,71.74,10.26,17.48,81.77,74.77,71.5,114.38,104.58,9.8,1.0,87.78,74.78,71.95,121.89,103.92,17.97,0.982,-8.17,71.72,10.46,17.31,81.77,74.77,71.5,114.38,104.58,9.8,1.0,87.89,74.78,71.98,121.98,103.88,18.1,0.982,-8.3,71.74,10.5,17.4,0,0,0,1,0,0,1
BBL-Pokal,2024-2025,Round of 16,2024-10-13,Telekom Baskets Bonn,FC Bayern München,85,91,74.8,113.6,121.7,121.7,113.6,14,3,11,0,91,85,1,Telekom Baskets Bonn,1.05,88.0,83.0,74.8,117.6,111.0,6.6,1.0,79.0,94.0,71.5,110.5,131.5,-21.0,0.0,27.6,73.15,-13.9,-0.5,86.46,83.46,74.52,115.94,112.05,3.89,0.846,85.25,85.41,72.48,117.49,118.15,-0.66,0.39,4.55,73.5,-2.21,5.44,85.04,83.96,74.42,114.17,112.89,1.28,0.781,88.58,86.43,72.2,122.66,119.95,2.71,0.563,-1.43,73.31,-5.78,9.77,85.03,83.89,74.41,114.17,112.8,1.37,0.782,87.11,83.9,72.05,120.87,116.62,4.24,0.631,-2.87,73.23,-2.45,8.06,85.05,83.84,74.41,114.2,112.74,1.47,0.783,85.66,81.35,71.84,119.17,113.31,5.86,0.669,-4.39,73.12,0.9,6.43,85.08,83.77,74.41,114.24,112.65,1.59,0.784,85.71,81.36,71.88,119.16,113.25,5.9,0.675,-4.31,73.14,0.99,6.51,85.06,83.75,74.4,114.22,112.63,1.6,0.784,85.41,81.07,71.83,118.81,112.91,5.9,0.68,-4.3,73.12,1.31,6.19,85.06,83.75,74.4,114.22,112.62,1.6,0.784,85.21,81.04,71.83,118.53,112.87,5.66,0.671,-4.06,73.12,1.35,5.91,85.06,83.75,74.4,114.22,112.62,1.6,0.784,85.14,80.89,71.83,118.45,112.67,5.78,0.675,-4.18,73.12,1.56,5.83,85.06,83.75,74.4,114.22,112.62,1.6,0.784,85.06,80.73,71.81,118.36,112.46,5.9,0.678,-4.3,73.11,1.76,5.74,0,0,0,0,0,1,0
EuroLeague,2024-2025,Round 3,2024-10-15,Partizan Mozzart Bet Belgrade,FC Bayern München,86,78,71.5,120.3,109.1,109.1,120.3,14,2,12,0,78,86,0,Partizan Mozzart Bet Belgrade,1.25,78.0,79.0,71.5,109.1,110.5,-1.4,0.0,91.0,85.0,74.8,121.7,113.6,8.1,1.0,-9.5,73.15,-4.5,11.2,79.34,81.88,71.5,110.98,114.53,-3.55,0.0,85.1,89.43,73.18,116.19,122.4,-6.21,0.508,2.66,72.34,-11.42,1.66,79.35,81.85,71.5,110.99,114.49,-3.5,0.002,87.47,85.25,73.37,119.12,116.39,2.73,0.626,-6.23,72.44,-5.4,4.62,79.35,81.85,71.5,111.0,114.49,-3.49,0.004,89.33,85.99,73.01,122.36,117.98,4.38,0.699,-7.87,72.25,-6.98,7.88,79.35,81.85,71.5,111.0,114.49,-3.49,0.004,88.18,84.21,72.81,121.1,115.79,5.31,0.733,-8.8,72.15,-4.79,6.61,79.35,81.85,71.5,111.0,114.49,-3.49,0.004,87.02,82.28,72.59,119.81,113.38,6.43,0.753,-9.92,72.05,-2.39,5.33,79.35,81.85,71.5,111.0,114.49,-3.49,0.004,87.04,82.28,72.62,119.8,113.34,6.46,0.757,-9.95,72.06,-2.34,5.31,79.35,81.85,71.5,111.0,114.49,-3.49,0.004,86.8,82.05,72.57,119.53,113.08,6.45,0.76,-9.94,72.03,-2.09,5.05,79.35,81.85,71.5,111.0,114.49,-3.49,0.004,86.63,82.02,72.56,119.31,113.05,6.26,0.752,-9.75,72.03,-2.05,4.83,79.35,81.85,71.5,111.0,114.49,-3.49,0.004,86.57,81.9,72.55,119.24,112.89,6.35,0.754,-9.84,72.03,-1.9,4.76,0,1,1,1,0,0,1
EuroLeague,2024-2025,Round 4,2024-10-17,FC Bayern München,Paris Basketball,109,107,71.5,152.4,149.7,149.7,152.4,2,7,-5,1,109,107,1,Paris Basketball,1.25,78.0,86.0,71.5,109.1,120.3,-11.2,0.0,78.0,78.0,72.0,108.0,108.0,0.0,0.5,-11.2,71.75,1.1,-12.3,83.32,85.59,72.85,114.26,117.56,-3.3,0.409,78.0,78.0,72.0,108.0,108.0,0.0,0.5,-3.3,72.43,6.26,-9.56,82.1,87.98,72.47,113.19,121.51,-8.32,0.293,78.0,78.0,72.0,108.0,108.0,0.0,0.5,-8.32,72.23,5.19,-13.51,84.08,85.52,72.7,115.53,117.79,-2.26,0.402,78.0,78.0,72.0,108.0,108.0,0.0,0.5,-2.26,72.35,7.53,-9.79,85.82,85.99,72.54,118.25,118.7,-0.44,0.483,78.0,78.0,72.0,108.0,108.0,0.0,0.5,-0.44,72.27,10.25,-10.7,85.28,84.72,72.43,117.68,117.07,0.6,0.524,78.0,78.0,72.0,108.0,108.0,0.0,0.5,0.6,72.22,9.68,-9.07,84.6,83.28,72.3,116.93,115.24,1.69,0.55,78.0,78.0,72.0,108.0,108.0,0.0,0.5,1.69,72.15,8.93,-7.24,84.63,83.27,72.32,116.95,115.19,1.76,0.555,78.0,78.0,72.0,108.0,108.0,0.0,0.5,1.76,72.16,8.95,-7.19,84.48,83.09,72.28,116.78,114.99,1.79,0.559,78.0,78.0,72.0,108.0,108.0,0.0,0.5,1.79,72.14,8.78,-6.99,84.37,83.06,72.28,116.64,114.95,1.69,0.555,78.0,78.0,72.0,108.0,108.0,0.0,0.5,1.69,72.14,8.64,-6.95,1,0,-1,1,0,0,1
BBL,2024-2025,Round 4,2024-10-20,SYNTAINICS MBC,FC Bayern München,79,87,73.5,107.5,118.4,118.4,107.5,14,3,11,0,87,79,1,SYNTAINICS MBC,1.0,74.0,116.0,78.0,94.9,148.7,-53.8,0.0,109.0,107.0,71.5,152.4,149.7,2.7,1.0,-56.5,74.75,-54.8,3.7,75.58,113.57,77.7,97.37,146.09,-48.72,0.0,94.99,97.51,71.5,132.83,136.41,-3.58,0.548,-45.13,74.6,-39.04,-13.26,75.55,113.49,77.68,97.35,146.01,-48.66,0.0,94.04,94.52,72.29,130.17,130.97,-0.8,0.656,-47.86,74.98,-33.62,-15.84,75.55,113.49,77.68,97.35,146.01,-48.66,0.0,91.22,94.43,72.14,126.49,131.07,-4.58,0.533,-44.08,74.91,-33.72,-19.52,75.55,113.49,77.68,97.35,146.01,-48.66,0.0,91.62,92.02,72.34,126.69,127.45,-0.76,0.583,-47.9,75.01,-30.1,-19.32,75.55,113.49,77.68,97.35,146.01,-48.66,0.0,92.15,91.73,72.26,127.58,127.16,0.41,0.624,-49.07,74.97,-29.81,-18.43,75.55,113.49,77.68,97.35,146.01,-48.66,0.0,91.37,90.44,72.19,126.59,125.45,1.14,0.646,-49.8,74.94,-28.1,-19.42,75.55,113.49,77.68,97.35,146.01,-48.66,0.0,90.6,89.12,72.1,125.66,123.72,1.94,0.661,-50.59,74.89,-26.37,-20.35,75.55,113.49,77.68,97.35,146.01,-48.66,0.0,90.58,89.06,72.12,125.6,123.61,1.99,0.664,-50.64,74.9,-26.26,-20.41,75.55,113.49,77.68,97.35,146.01,-48.66,0.0,90.42,88.88,72.09,125.41,123.4,2.01,0.666,-50.67,74.89,-26.05,-20.6,0,0,0,0,1,0,0
EuroLeague,2024-2025,Round 5,2024-10-25,FC Bayern München,Olympiacos Piraeus,84,80,71.5,117.5,111.9,111.9,117.5,5,14,-9,1,84,80,1,Olympiacos Piraeus,1.25,87.0,79.0,73.5,118.4,107.5,10.9,1.0,76.0,72.0,71.5,106.3,100.7,5.6,1.0,5.3,72.5,17.7,-1.2,98.09,93.11,72.49,135.53,128.76,6.77,1.0,76.27,71.19,71.5,106.68,99.56,7.12,1.0,-0.35,72.0,35.97,-22.08,92.19,91.02,72.2,127.77,126.28,1.49,0.706,76.37,71.2,71.5,106.82,99.57,7.24,1.0,-5.75,71.85,28.2,-19.46,91.99,90.0,72.64,126.75,124.14,2.61,0.756,76.37,71.2,71.5,106.82,99.57,7.25,1.0,-4.64,72.07,27.17,-17.32,90.16,90.57,72.48,124.46,125.17,-0.71,0.65,76.37,71.2,71.5,106.82,99.58,7.25,1.0,-7.95,71.99,24.89,-18.35,90.56,89.03,72.61,124.79,122.87,1.92,0.679,76.37,71.2,71.5,106.82,99.58,7.25,1.0,-5.33,72.05,25.21,-16.05,91.06,89.03,72.52,125.63,123.0,2.64,0.704,76.37,71.2,71.5,106.82,99.58,7.25,1.0,-4.61,72.01,26.06,-16.17,90.49,88.13,72.46,124.94,121.83,3.11,0.718,76.37,71.2,71.5,106.82,99.58,7.25,1.0,-4.13,71.98,25.37,-15.01,89.9,87.14,72.37,124.24,120.56,3.68,0.727,76.37,71.2,71.5,106.82,99.58,7.25,1.0,-3.56,71.94,24.67,-13.74,89.89,87.11,72.39,124.2,120.49,3.71,0.729,76.37,71.2,71.5,106.82,99.58,7.25,1.0,-3.53,71.94,24.63,-13.67,0,0,0,1,0,0,1
BBL,2024-2025,Round 5,2024-10-27,FC Bayern München,Würzburg Baskets,70,69,69.0,101.4,100.0,100.0,101.4,2,14,-12,1,70,69,1,Würzburg Baskets,1.0,84.0,80.0,71.5,117.5,111.9,5.6,1.0,61.0,75.0,69.8,87.4,107.4,-20.0,0.0,25.6,70.65,10.1,-24.5,85.16,79.61,72.27,117.85,110.2,7.65,1.0,67.33,85.85,72.15,93.1,118.52,-25.42,0.0,33.07,72.21,-0.67,-17.1,91.89,87.34,72.06,127.59,121.34,6.25,1.0,69.68,87.25,72.6,95.79,119.82,-24.03,0.0,30.29,72.33,7.78,-25.56,89.26,87.09,71.95,124.1,121.14,2.96,0.811,70.48,87.43,72.66,96.8,119.98,-23.18,0.0,26.14,72.31,4.12,-24.34,89.46,86.84,72.28,123.83,120.27,3.55,0.833,70.44,87.42,72.65,96.75,120.0,-23.25,0.0,26.8,72.47,3.83,-23.52,88.41,87.56,72.2,122.48,121.4,1.08,0.749,70.44,87.42,72.65,96.75,120.0,-23.25,0.0,24.33,72.43,2.49,-24.65,88.81,86.62,72.31,122.84,119.94,2.9,0.764,70.44,87.42,72.65,96.75,120.0,-23.25,0.0,26.15,72.48,2.85,-23.19,89.29,86.76,72.26,123.59,120.21,3.38,0.778,70.44,87.42,72.65,96.75,120.0,-23.25,0.0,26.63,72.46,3.59,-23.45,88.92,86.16,72.23,123.14,119.42,3.71,0.786,70.44,87.42,72.65,96.75,120.0,-23.25,0.0,26.96,72.44,3.14,-22.67,88.51,85.46,72.17,122.65,118.51,4.14,0.792,70.44,87.42,72.65,96.75,120.0,-23.25,0.0,27.38,72.41,2.65,-21.76,1,0,-1,0,1,0,1
EuroLeague,2024-2025,Round 6,2024-10-29,Virtus Segafredo Bologna,FC Bayern München,84,87,71.5,117.5,121.7,121.7,117.5,14,2,12,0,87,84,1,Virtus Segafredo Bologna,1.25,85.0,83.0,71.5,118.9,116.1,2.8,1.0,70.0,69.0,69.0,101.4,100.0,1.4,1.0,1.4,70.25,18.9,-14.7,81.96,85.37,71.5,114.64,119.41,-4.77,0.662,77.11,74.58,70.27,109.57,106.04,3.53,1.0,-8.3,70.88,8.6,-9.84,81.96,85.38,71.5,114.65,119.43,-4.78,0.66,79.51,75.66,71.05,111.71,106.39,5.32,1.0,-10.1,71.28,8.26,-7.72,81.96,85.37,71.5,114.64,119.42,-4.78,0.66,85.34,81.85,71.14,119.76,114.96,4.8,1.0,-9.58,71.32,-0.32,0.34,81.96,85.37,71.5,114.64,119.42,-4.78,0.66,84.31,82.43,71.19,118.26,115.71,2.56,0.86,-7.34,71.35,-1.07,-1.16,81.96,85.37,71.5,114.64,119.42,-4.78,0.66,84.9,82.66,71.51,118.57,115.52,3.05,0.872,-7.83,71.51,-0.88,-0.85,81.96,85.37,71.5,114.64,119.42,-4.78,0.66,84.44,83.56,71.51,117.93,116.78,1.15,0.803,-5.93,71.51,-2.14,-1.49,81.96,85.37,71.5,114.64,119.42,-4.78,0.66,84.94,83.0,71.63,118.43,115.84,2.59,0.813,-7.37,71.56,-1.2,-0.98,81.96,85.37,71.5,114.64,119.42,-4.78,0.66,85.51,83.28,71.62,119.24,116.25,2.99,0.822,-7.77,71.56,-1.61,-0.18,81.96,85.37,71.5,114.64,119.42,-4.78,0.66,85.32,82.89,71.61,119.0,115.73,3.27,0.827,-8.05,71.56,-1.09,-0.42,0,1,1,1,0,0,0
EuroLeague,2024-2025,Round 7,2024-11-01,LDLC ASVEL Villeurbanne,FC Bayern München,71,84,71.5,99.3,117.5,117.5,99.3,14,3,11,0,84,71,1,LDLC ASVEL Villeurbanne,1.25,76.0,64.0,71.5,106.3,89.5,16.8,1.0,87.0,84.0,71.5,121.7,117.5,4.2,1.0,12.6,71.5,-11.2,32.2,81.96,73.19,71.5,114.64,102.36,12.28,0.752,80.24,78.04,70.51,113.63,110.54,3.09,1.0,9.19,71.0,4.1,11.27,81.92,73.2,71.5,114.59,102.38,12.21,0.749,81.33,78.61,70.8,114.75,110.94,3.82,1.0,8.39,71.15,3.65,12.37,81.91,73.2,71.5,114.58,102.38,12.2,0.748,82.21,78.67,71.21,115.32,110.4,4.92,1.0,7.28,71.36,4.17,12.94,81.91,73.2,71.5,114.58,102.38,12.2,0.748,85.86,82.52,71.25,120.36,115.75,4.61,1.0,7.58,71.38,-1.17,17.98,81.91,73.2,71.5,114.58,102.38,12.19,0.748,85.06,82.87,71.28,119.23,116.21,3.02,0.899,9.18,71.39,-1.63,16.85,81.91,73.2,71.5,114.58,102.38,12.19,0.748,85.45,83.01,71.51,119.39,116.04,3.35,0.906,8.84,71.5,-1.46,17.01,81.91,73.2,71.5,114.58,102.38,12.19,0.748,85.07,83.66,71.51,118.86,116.96,1.9,0.852,10.29,71.5,-2.38,16.48,81.91,73.2,71.5,114.58,102.38,12.19,0.748,85.43,83.24,71.6,119.21,116.24,2.97,0.857,9.22,71.55,-1.66,16.83,81.91,73.2,71.5,114.58,102.38,12.19,0.748,85.85,83.44,71.6,119.8,116.53,3.27,0.862,8.93,71.55,-1.96,17.42,0,0,0,1,0,0,0
BBL,2024-2025,Round 6,2024-11-03,Basketball Löwen Braunschweig,FC Bayern München,72,90,72.8,98.9,123.6,123.6,98.9,14,2,12,0,90,72,1,Basketball Löwen Braunschweig,1.0,74.0,76.0,70.5,105.0,107.8,-2.8,0.0,84.0,71.0,71.5,117.5,99.3,18.2,1.0,-21.0,71.0,5.7,9.7,72.65,75.38,70.4,103.22,107.06,-3.85,0.0,85.34,76.83,71.5,119.38,107.46,11.92,1.0,-15.77,70.95,-4.24,12.32,72.67,75.45,70.41,103.22,107.14,-3.92,0.0,81.84,75.04,70.93,115.28,105.76,9.52,1.0,-13.44,70.67,-2.53,8.13,72.67,75.46,70.41,103.22,107.15,-3.93,0.0,82.25,75.99,71.04,115.7,106.93,8.77,1.0,-12.71,70.72,-3.71,8.55,72.67,75.46,70.41,103.22,107.15,-3.93,0.0,82.76,76.31,71.3,115.99,106.99,9.0,1.0,-12.94,70.86,-3.77,8.84,72.67,75.46,70.41,103.22,107.15,-3.93,0.0,85.34,79.33,71.32,119.57,111.19,8.38,1.0,-12.32,70.87,-7.97,12.42,72.67,75.46,70.41,103.22,107.15,-3.93,0.0,84.79,79.83,71.34,118.78,111.87,6.91,0.925,-10.85,70.87,-8.65,11.63,72.67,75.46,70.41,103.22,107.15,-3.93,0.0,85.1,80.08,71.51,118.93,111.96,6.97,0.929,-10.91,70.96,-8.74,11.78,72.67,75.46,70.41,103.22,107.15,-3.93,0.0,84.82,80.72,71.51,118.54,112.85,5.7,0.886,-9.63,70.96,-9.63,11.39,72.67,75.46,70.41,103.22,107.15,-3.93,0.0,85.11,80.47,71.58,118.82,112.41,6.42,0.89,-10.35,70.99,-9.19,11.67,0,1,1,0,1,0,0
EuroLeague,2024-2025,Round 8,2024-11-07,FC Bayern München,Zalgiris Kaunas,77,74,71.5,107.7,103.5,103.5,107.7,4,14,-10,1,77,74,1,Zalgiris Kaunas,1.25,90.0,72.0,72.8,123.6,98.9,24.7,1.0,58.0,64.0,71.5,81.1,89.5,-8.4,0.0,33.1,72.15,34.1,-17.8,86.95,71.49,72.14,120.5,99.1,21.4,1.0,60.0,65.12,71.5,83.9,91.07,-7.18,0.125,28.58,71.82,29.43,-15.21,86.97,75.15,71.95,120.85,104.48,16.38,1.0,60.09,65.18,71.5,84.03,91.16,-7.13,0.128,23.51,71.73,29.7,-20.45,84.23,74.15,71.48,117.71,103.75,13.96,1.0,60.1,65.19,71.5,84.04,91.16,-7.12,0.129,21.08,71.49,26.55,-19.71,84.19,74.99,71.48,117.68,104.92,12.76,1.0,60.1,65.19,71.5,84.04,91.16,-7.12,0.129,19.88,71.49,26.52,-20.88,84.43,75.32,71.65,117.74,105.13,12.61,1.0,60.1,65.19,71.5,84.04,91.16,-7.12,0.129,19.73,71.57,26.58,-21.09,86.33,77.77,71.64,120.42,108.58,11.84,1.0,60.1,65.19,71.5,84.04,91.16,-7.12,0.129,18.96,71.57,29.26,-24.54,85.83,78.27,71.63,119.74,109.29,10.46,0.94,60.1,65.19,71.5,84.04,91.16,-7.12,0.129,17.58,71.56,28.58,-25.24,86.04,78.54,71.75,119.82,109.46,10.36,0.942,60.1,65.19,71.5,84.04,91.16,-7.12,0.129,17.48,71.63,28.66,-25.42,85.77,79.11,71.74,119.47,110.28,9.2,0.907,60.1,65.19,71.5,84.04,91.16,-7.12,0.129,16.32,71.62,28.32,-26.24,0,0,0,1,0,0,1
BBL-Pokal,2024-2025,Quarterfinal,2024-11-10,FC Bayern München,RASTA Vechta,88,77,73.0,120.5,105.5,105.5,120.5,3,14,-11,1,88,77,1,RASTA Vechta,1.05,77.0,74.0,71.5,107.7,103.5,4.2,1.0,77.0,88.0,73.4,104.9,119.9,-15.0,0.0,19.2,72.45,-12.2,1.4,82.08,73.22,72.01,113.91,101.7,12.2,1.0,77.41,87.69,73.41,105.45,119.45,-14.01,0.0,26.21,72.71,-5.55,3.75,82.63,72.58,71.86,114.94,101.01,13.92,1.0,77.41,87.69,73.41,105.45,119.45,-14.01,0.0,27.93,72.64,-4.52,4.44,83.45,74.74,71.79,116.22,104.13,12.09,1.0,77.41,87.69,73.41,105.45,119.45,-14.01,0.0,26.09,72.6,-3.24,1.32,81.96,74.1,71.48,114.57,103.67,10.9,1.0,77.41,87.69,73.41,105.45,119.45,-14.01,0.0,24.9,72.45,-4.88,1.78,82.17,74.71,71.49,114.87,104.52,10.36,1.0,77.41,87.69,73.41,105.45,119.45,-14.01,0.0,24.36,72.45,-4.58,0.93,82.46,74.97,71.61,115.09,104.7,10.39,1.0,77.41,87.69,73.41,105.45,119.45,-14.01,0.0,24.39,72.51,-4.37,0.75,84.01,76.83,71.6,117.26,107.32,9.94,1.0,77.41,87.69,73.41,105.45,119.45,-14.01,0.0,23.95,72.51,-2.2,-1.87,83.73,77.25,71.6,116.89,107.91,8.97,0.954,77.41,87.69,73.41,105.45,119.45,-14.01,0.0,22.98,72.5,-2.57,-2.46,83.96,77.49,71.7,117.03,108.09,8.95,0.956,77.41,87.69,73.41,105.45,119.45,-14.01,0.0,22.95,72.55,-2.42,-2.64,0,0,0,0,0,1,1
EuroLeague,2024-2025,Round 9,2024-11-12,Fenerbahce Beko Istanbul,FC Bayern München,87,76,71.5,121.7,106.3,106.3,121.7,14,2,12,0,76,87,0,Fenerbahce Beko Istanbul,1.25,98.0,91.0,71.5,137.1,127.3,9.8,1.0,88.0,77.0,73.0,120.5,105.5,15.0,1.0,-5.2,72.25,31.6,-6.8,93.3,85.87,71.5,130.52,120.12,10.4,1.0,82.59,75.52,72.26,114.21,104.52,9.69,1.0,0.71,71.88,26.0,-5.91,93.26,85.83,71.5,130.47,120.07,10.4,1.0,84.37,74.68,72.39,116.46,103.17,13.28,1.0,-2.88,71.95,27.3,-3.61,93.25,85.82,71.5,130.46,120.05,10.4,1.0,84.29,73.95,72.21,116.66,102.4,14.26,1.0,-3.85,71.86,28.05,-3.39,93.25,85.82,71.5,130.46,120.05,10.4,1.0,84.67,75.34,72.12,117.36,104.5,12.86,1.0,-2.46,71.81,25.96,-2.69,93.25,85.82,71.5,130.46,120.05,10.4,1.0,83.44,74.81,71.85,116.02,104.12,11.9,1.0,-1.5,71.68,26.33,-4.03,93.25,85.82,71.5,130.46,120.05,10.4,1.0,83.48,75.23,71.83,116.14,104.74,11.4,1.0,-1.0,71.66,25.72,-3.91,93.25,85.82,71.5,130.46,120.05,10.4,1.0,83.65,75.41,71.91,116.25,104.87,11.38,1.0,-0.97,71.7,25.58,-3.8,93.25,85.82,71.5,130.46,120.05,10.4,1.0,84.82,76.87,71.89,117.92,106.95,10.98,1.0,-0.57,71.69,23.51,-2.13,93.25,85.82,71.5,130.46,120.05,10.4,1.0,84.57,77.2,71.87,117.6,107.44,10.16,0.963,0.24,71.69,23.02,-2.45,0,1,1,1,0,0,1
EuroLeague,2024-2025,Round 10,2024-11-14,FC Bayern München,ALBA Berlin,115,88,71.5,160.8,123.1,123.1,160.8,2,14,-12,1,115,88,1,ALBA Berlin,1.25,76.0,87.0,71.5,106.3,121.7,-15.4,0.0,82.0,88.0,74.2,110.5,118.6,-8.1,0.0,-7.3,72.85,-12.3,-11.2,80.91,82.91,72.11,112.11,115.07,-2.96,0.409,73.41,78.51,71.62,102.14,109.2,-7.06,0.0,4.1,71.87,2.91,-12.93,79.8,80.38,71.94,110.86,111.79,-0.93,0.577,74.93,76.2,71.73,104.19,105.94,-1.75,0.272,0.82,71.83,4.92,-7.6,81.37,79.09,72.07,112.82,109.81,3.01,0.642,73.48,76.71,71.68,102.27,106.77,-4.5,0.222,7.52,71.88,6.04,-7.54,81.73,77.99,71.99,113.46,108.37,5.09,0.691,74.75,76.74,71.9,103.71,106.52,-2.81,0.295,7.9,71.95,6.94,-4.66,82.26,78.59,71.94,114.28,109.28,5.0,0.722,74.58,76.83,71.9,103.49,106.67,-3.18,0.29,8.18,71.92,7.62,-5.79,81.5,77.99,71.76,113.49,108.71,4.78,0.739,74.47,76.89,71.9,103.34,106.75,-3.4,0.287,8.18,71.83,6.74,-5.37,81.65,78.11,71.75,113.73,108.9,4.83,0.755,74.46,76.89,71.9,103.32,106.76,-3.44,0.286,8.27,71.82,6.97,-5.58,81.84,78.15,71.81,113.9,108.85,5.05,0.764,74.46,76.89,71.9,103.32,106.76,-3.44,0.286,8.49,71.85,7.14,-5.53,82.81,79.18,71.8,115.27,110.31,4.96,0.772,74.46,76.89,71.9,103.32,106.76,-3.44,0.286,8.4,71.85,8.51,-6.99,1,0,-1,1,0,0,1
BBL,2024-2025,Round 7,2024-11-17,FC Bayern München,Telekom Baskets Bonn,93,73,74.0,125.7,98.6,98.6,125.7,3,14,-11,1,93,73,1,Telekom Baskets Bonn,1.0,115.0,88.0,71.5,160.8,123.1,37.7,1.0,85.0,91.0,74.8,113.6,121.7,-8.1,0.0,45.8,73.15,39.1,-9.5,97.37,87.55,71.5,136.16,122.47,13.7,0.548,85.11,90.7,74.8,113.75,121.3,-7.55,0.037,21.25,73.15,14.86,-8.72,95.14,85.03,71.86,132.43,118.42,14.01,0.656,85.06,90.67,74.79,113.7,121.28,-7.58,0.037,21.59,73.32,11.15,-4.72,91.74,82.96,71.79,127.79,115.62,12.17,0.72,85.0,90.67,74.78,113.63,121.29,-7.66,0.037,19.83,73.29,6.51,-2.0,91.55,81.79,71.9,127.34,113.83,13.51,0.75,85.0,90.66,74.78,113.63,121.28,-7.65,0.037,21.17,73.34,6.06,-0.2,90.8,80.72,71.86,126.36,112.38,13.98,0.775,85.0,90.66,74.78,113.63,121.28,-7.65,0.037,21.63,73.32,5.09,1.24,90.51,80.96,71.83,126.01,112.77,13.25,0.792,85.0,90.66,74.78,113.63,121.27,-7.64,0.037,20.89,73.31,4.75,0.86,89.55,80.4,71.7,124.86,112.17,12.69,0.802,85.0,90.65,74.78,113.63,121.27,-7.64,0.037,20.33,73.24,3.59,1.46,89.29,80.38,71.69,124.52,112.15,12.36,0.811,85.0,90.65,74.78,113.63,121.27,-7.64,0.037,20.0,73.24,3.25,1.48,89.23,80.34,71.74,124.34,112.02,12.32,0.816,85.0,90.65,74.78,113.63,121.27,-7.64,0.037,19.96,73.26,3.08,1.61,0,0,0,0,1,0,1
EuroLeague,2024-2025,Round 11,2024-11-22,FC Bayern München,FC Barcelona,100,78,71.5,139.9,109.1,109.1,139.9,5,14,-9,1,100,78,1,FC Barcelona,1.25,93.0,73.0,74.0,125.7,98.6,27.1,1.0,87.0,79.0,71.5,121.7,110.5,11.2,1.0,15.9,72.75,15.2,23.1,104.09,80.56,72.74,143.39,110.95,32.44,1.0,87.79,77.57,71.5,122.8,108.5,14.31,1.0,18.13,72.12,34.89,11.86,95.84,82.45,72.38,132.5,114.1,18.39,0.706,87.77,77.56,71.5,122.78,108.48,14.29,1.0,4.1,71.94,24.02,8.67,94.51,81.53,72.48,130.47,112.65,17.82,0.756,87.77,77.56,71.5,122.77,108.48,14.29,1.0,3.53,71.99,21.99,10.13,92.05,80.47,72.34,127.27,111.36,15.91,0.79,87.77,77.56,71.5,122.77,108.48,14.29,1.0,1.61,71.92,18.79,11.41,91.88,79.77,72.38,126.97,110.33,16.63,0.808,87.77,77.56,71.5,122.77,108.48,14.29,1.0,2.34,71.94,18.49,12.44,91.26,79.08,72.31,126.22,109.47,16.76,0.823,87.77,77.56,71.5,122.77,108.48,14.29,1.0,2.46,71.91,17.74,13.31,91.01,79.38,72.26,125.95,109.95,16.0,0.833,87.77,77.56,71.5,122.77,108.48,14.29,1.0,1.71,71.88,17.47,12.82,90.21,78.98,72.14,125.02,109.57,15.45,0.84,87.77,77.56,71.5,122.77,108.48,14.29,1.0,1.15,71.82,16.54,13.2,89.98,79.02,72.12,124.73,109.66,15.08,0.846,87.77,77.56,71.5,122.77,108.48,14.29,1.0,0.78,71.81,16.25,13.11,0,0,0,1,0,0,1
EuroLeague,2024-2025,Round 12,2024-11-29,Crvena Zvezda Meridianbet Belgrade,FC Bayern München,101,77,71.5,141.3,107.7,107.7,141.3,14,7,7,0,77,101,0,Crvena Zvezda Meridianbet Belgrade,1.25,66.0,74.0,71.5,92.3,103.5,-11.2,0.0,100.0,78.0,71.5,139.9,109.1,30.8,1.0,-42.0,71.5,-16.8,36.4,66.99,73.26,71.5,93.68,102.47,-8.79,0.123,97.29,76.07,72.47,134.41,105.04,29.37,1.0,-38.15,71.98,-11.36,31.94,67.02,73.3,71.5,93.73,102.52,-8.79,0.123,102.29,79.43,72.19,141.85,110.13,31.72,1.0,-40.51,71.85,-16.41,39.34,67.02,73.3,71.5,93.73,102.52,-8.78,0.123,97.33,80.86,72.06,135.14,112.32,22.82,0.811,-31.61,71.78,-18.58,32.63,67.02,73.3,71.5,93.73,102.52,-8.78,0.123,96.25,80.41,72.17,133.45,111.53,21.92,0.833,-30.7,71.84,-17.79,30.93,67.02,73.3,71.5,93.73,102.52,-8.78,0.123,94.31,79.77,72.1,130.86,110.72,20.14,0.85,-28.92,71.8,-16.99,28.34,67.02,73.3,71.5,93.73,102.52,-8.78,0.123,94.05,79.3,72.15,130.42,110.0,20.41,0.859,-29.19,71.82,-16.27,27.9,67.02,73.3,71.5,93.73,102.52,-8.78,0.123,93.46,78.81,72.11,129.66,109.38,20.28,0.867,-29.06,71.8,-15.64,27.14,67.02,73.3,71.5,93.73,102.52,-8.78,0.123,93.16,79.05,72.08,129.3,109.75,19.55,0.873,-28.33,71.79,-16.01,26.78,67.02,73.3,71.5,93.73,102.52,-8.78,0.123,92.49,78.75,71.99,128.48,109.46,19.02,0.877,-27.8,71.75,-15.73,25.97,0,0,0,1,0,0,1
BBL,2024-2025,Round 8,2024-12-01,ratiopharm ulm,FC Bayern München,81,79,73.2,110.7,107.9,107.9,110.7,14,2,12,0,79,81,0,ratiopharm ulm,1.0,74.0,81.0,72.5,102.1,111.7,-9.6,0.0,77.0,101.0,71.5,107.7,141.3,-33.6,0.0,24.0,72.0,-39.2,-4.0,71.3,81.0,72.05,98.92,112.42,-13.5,0.0,86.97,91.03,71.5,121.66,127.34,-5.68,0.434,-7.81,71.78,-28.42,9.24,71.86,81.9,72.24,99.42,113.34,-13.91,0.0,88.27,87.16,72.04,122.53,121.17,1.36,0.555,-15.27,72.14,-21.74,9.19,71.87,81.89,72.24,99.43,113.32,-13.89,0.001,93.05,87.31,71.94,129.38,121.51,7.87,0.635,-21.76,72.09,-22.08,16.06,71.87,81.89,72.24,99.43,113.32,-13.89,0.001,90.86,87.27,71.88,126.41,121.54,4.87,0.553,-18.76,72.06,-22.11,13.09,71.87,81.89,72.24,99.43,113.32,-13.89,0.001,90.62,86.43,71.98,125.93,120.23,5.7,0.59,-19.59,72.11,-20.79,12.6,71.87,81.89,72.24,99.43,113.32,-13.89,0.001,89.62,85.52,71.94,124.59,119.0,5.59,0.62,-19.48,72.09,-19.57,11.27,71.87,81.89,72.24,99.43,113.32,-13.89,0.001,89.64,84.91,71.98,124.54,118.1,6.45,0.637,-20.34,72.11,-18.66,11.22,71.87,81.89,72.24,99.43,113.32,-13.89,0.001,89.39,84.29,71.96,124.23,117.26,6.97,0.653,-20.86,72.1,-17.83,10.91,71.87,81.89,72.24,99.43,113.32,-13.89,0.001,89.31,84.28,71.94,124.14,117.27,6.87,0.665,-20.76,72.09,-17.84,10.82,0,1,1,0,1,0,1
EuroLeague,2024-2025,Round 13,2024-12-03,Anadolu Efes Istanbul,FC Bayern München,101,90,71.5,141.3,125.9,125.9,141.3,14,2,12,0,90,101,0,Anadolu Efes Istanbul,1.25,109.0,86.0,71.5,152.4,120.3,32.1,1.0,79.0,81.0,73.2,107.9,110.7,-2.8,0.0,34.9,72.35,41.7,-12.4,101.07,86.0,71.5,141.32,120.3,21.02,0.791,77.98,91.15,72.34,107.8,126.23,-18.44,0.0,39.45,71.92,15.08,-12.5,101.04,86.0,71.5,141.28,120.3,20.98,0.79,84.14,87.47,72.1,116.78,121.44,-4.66,0.28,25.64,71.8,19.84,-3.52,101.04,86.0,71.5,141.27,120.3,20.97,0.79,85.47,85.3,72.39,118.12,118.01,0.11,0.388,20.86,71.94,23.26,-2.18,101.04,86.0,71.5,141.27,120.3,20.97,0.79,89.38,85.66,72.27,123.76,118.69,5.08,0.469,15.89,71.89,22.59,3.46,101.04,86.0,71.5,141.27,120.3,20.97,0.79,88.06,85.79,72.19,122.05,118.98,3.06,0.423,17.91,71.85,22.29,1.74,101.04,86.0,71.5,141.27,120.3,20.97,0.79,88.06,85.23,72.25,121.95,118.12,3.82,0.46,17.15,71.87,23.15,1.64,101.04,86.0,71.5,141.27,120.3,20.97,0.79,87.42,84.58,72.2,121.12,117.27,3.85,0.491,17.12,71.85,24.0,0.82,101.04,86.0,71.5,141.27,120.3,20.97,0.79,87.51,84.13,72.22,121.21,116.61,4.59,0.509,16.37,71.86,24.66,0.9,101.04,86.0,71.5,141.27,120.3,20.97,0.79,87.38,83.66,72.2,121.08,116.0,5.08,0.527,15.89,71.85,25.28,0.77,0,1,1,1,0,0,1
EuroLeague,2024-2025,Round 14,2024-12-05,FC Bayern München,Baskonia Vitoria-Gasteiz,94,80,71.5,131.5,111.9,111.9,131.5,2,14,-12,1,94,80,1,Baskonia Vitoria-Gasteiz,1.25,90.0,101.0,71.5,125.9,141.3,-15.4,0.0,109.0,112.0,71.5,152.4,156.6,-4.2,0.0,-11.2,71.5,-30.7,11.1,85.63,93.05,72.18,118.74,129.13,-10.39,0.0,102.87,106.61,71.5,143.83,149.07,-5.25,0.0,-5.14,71.84,-30.33,14.69,83.12,95.36,71.98,115.53,132.67,-17.14,0.0,102.87,106.61,71.5,143.83,149.07,-5.25,0.0,-11.89,71.74,-33.54,11.15,86.19,92.2,71.89,119.97,128.38,-8.41,0.182,102.87,106.61,71.5,143.83,149.07,-5.25,0.0,-3.17,71.7,-29.11,15.44,86.89,90.22,72.11,120.56,125.31,-4.76,0.266,102.87,106.61,71.5,143.83,149.07,-5.25,0.0,0.49,71.8,-28.52,18.51,89.55,90.01,72.05,124.37,125.1,-0.74,0.336,102.87,106.61,71.5,143.83,149.07,-5.25,0.0,4.51,71.78,-24.7,18.72,88.57,89.79,72.01,123.06,124.86,-1.8,0.311,102.87,106.61,71.5,143.83,149.07,-5.25,0.0,3.45,71.76,-26.01,18.97,88.54,89.18,72.06,122.94,123.93,-0.99,0.344,102.87,106.61,71.5,143.83,149.07,-5.25,0.0,4.25,71.78,-26.14,19.89,88.03,88.51,72.03,122.26,123.03,-0.77,0.373,102.87,106.61,71.5,143.83,149.07,-5.25,0.0,4.48,71.77,-26.81,20.8,88.09,88.06,72.06,122.3,122.37,-0.06,0.391,102.87,106.61,71.5,143.83,149.07,-5.25,0.0,5.18,71.78,-26.77,21.46,1,0,-1,1,0,0,1
BBL,2024-2025,Round 9,2024-12-08,FC Bayern München,RASTA Vechta,94,82,75.0,125.3,109.3,109.3,125.3,3,14,-11,1,94,82,1,RASTA Vechta,1.0,94.0,80.0,71.5,131.5,111.9,19.6,1.0,77.0,88.0,73.0,105.5,120.5,-15.0,0.0,34.6,72.25,11.0,-6.4,92.19,89.49,71.5,128.97,125.19,3.78,0.548,77.0,88.0,73.01,105.48,120.48,-15.0,0.0,18.78,72.26,8.49,-19.71,89.16,87.54,71.89,124.13,121.86,2.27,0.422,77.02,87.99,73.02,105.5,120.46,-14.96,0.0,17.23,72.45,3.67,-16.36,86.83,90.12,71.82,120.98,125.58,-4.6,0.341,77.02,87.99,73.02,105.5,120.46,-14.96,0.0,10.36,72.42,0.52,-20.09,88.52,88.57,71.78,123.4,123.48,-0.08,0.425,77.02,87.99,73.02,105.5,120.46,-14.96,0.0,14.89,72.4,2.94,-17.98,88.85,87.41,71.94,123.57,121.62,1.95,0.468,77.02,87.99,73.02,105.5,120.46,-14.96,0.0,16.91,72.48,3.11,-16.12,90.69,87.45,71.91,126.19,121.72,4.47,0.506,77.02,87.99,73.02,105.5,120.46,-14.96,0.0,19.43,72.46,5.73,-16.23,89.89,87.42,71.89,125.1,121.72,3.38,0.478,77.02,87.99,73.02,105.5,120.46,-14.96,0.0,18.34,72.45,4.64,-16.22,89.82,87.04,71.93,124.93,121.13,3.81,0.497,77.02,87.99,73.02,105.5,120.46,-14.96,0.0,18.77,72.47,4.47,-15.63,89.38,86.6,71.91,124.34,120.52,3.82,0.514,77.02,87.99,73.02,105.5,120.46,-14.96,0.0,18.78,72.46,3.88,-15.03,0,0,0,0,1,0,1
EuroLeague,2024-2025,Round 15,2024-12-12,FC Bayern München,Maccabi Playtika Tel Aviv,98,93,71.5,137.1,130.1,130.1,137.1,4,14,-10,1,98,93,1,Maccabi Playtika Tel Aviv,1.25,94.0,82.0,75.0,125.3,109.3,16.0,1.0,89.0,74.0,71.5,124.5,103.5,21.0,1.0,-5.0,73.25,21.8,15.2,94.0,80.99,73.24,128.42,110.61,17.81,1.0,89.41,75.64,71.5,125.07,105.79,19.28,1.0,-1.47,72.37,22.63,14.46,92.83,86.87,72.73,127.68,119.62,8.06,0.706,89.41,75.65,71.5,125.07,105.81,19.27,1.0,-11.21,72.11,21.88,5.45,90.58,85.91,72.8,124.47,118.17,6.3,0.592,89.41,75.66,71.5,125.07,105.82,19.25,1.0,-12.96,72.15,18.65,6.9,88.63,88.08,72.62,122.07,121.49,0.58,0.507,89.41,75.66,71.5,125.07,105.82,19.25,1.0,-18.67,72.06,16.25,3.58,89.76,87.08,72.51,123.83,120.26,3.57,0.556,89.41,75.66,71.5,125.07,105.82,19.25,1.0,-15.69,72.0,18.01,4.81,89.95,86.25,72.59,123.94,118.99,4.95,0.582,89.41,75.66,71.5,125.07,105.82,19.25,1.0,-14.31,72.05,18.12,6.08,91.36,86.35,72.53,126.01,119.22,6.79,0.605,89.41,75.66,71.5,125.07,105.82,19.25,1.0,-12.46,72.02,20.19,5.85,90.68,86.38,72.49,125.14,119.33,5.81,0.578,89.41,75.66,71.5,125.07,105.82,19.25,1.0,-13.45,71.99,19.32,5.74,90.6,86.1,72.5,125.0,118.92,6.08,0.591,89.41,75.66,71.5,125.07,105.82,19.25,1.0,-13.17,72.0,19.18,6.15,0,0,0,1,0,0,1
BBL,2024-2025,Round 10,2024-12-15,Bamberg Baskets,FC Bayern München,76,85,72.4,105.0,117.4,117.4,105.0,14,3,11,0,85,76,1,Bamberg Baskets,1.0,81.0,99.0,75.8,106.9,130.6,-23.7,0.0,98.0,93.0,71.5,137.1,130.1,7.0,1.0,-30.7,73.65,-23.2,6.5,76.16,94.42,74.32,102.24,126.81,-24.57,0.0,96.44,88.71,72.87,132.49,121.98,10.51,1.0,-35.08,73.59,-19.74,5.69,76.84,94.21,74.29,103.21,126.59,-23.38,0.0,95.75,86.23,72.48,132.21,119.12,13.09,1.0,-36.47,73.39,-15.91,5.62,76.86,94.19,74.29,103.24,126.56,-23.32,0.002,94.66,89.04,72.29,131.01,123.33,7.69,0.81,-31.01,73.29,-20.08,4.45,76.86,94.18,74.29,103.24,126.56,-23.31,0.002,92.91,88.14,72.39,128.44,121.92,6.52,0.72,-29.83,73.34,-18.68,1.88,76.86,94.18,74.29,103.24,126.56,-23.31,0.002,91.28,89.47,72.3,126.31,123.92,2.39,0.646,-25.7,73.3,-20.67,-0.25,76.86,94.18,74.29,103.24,126.56,-23.31,0.002,91.91,88.63,72.24,127.3,122.83,4.46,0.672,-27.78,73.27,-19.59,0.74,76.86,94.18,74.29,103.24,126.56,-23.31,0.002,91.96,87.94,72.32,127.23,121.77,5.46,0.686,-28.77,73.31,-18.52,0.67,76.86,94.18,74.29,103.24,126.56,-23.31,0.002,92.95,87.94,72.29,128.67,121.82,6.84,0.7,-30.16,73.29,-18.58,2.11,76.86,94.18,74.29,103.24,126.56,-23.31,0.002,92.37,87.91,72.26,127.9,121.82,6.08,0.676,-29.4,73.28,-18.58,1.35,0,0,0,0,1,0,0
EuroLeague,2024-2025,Round 16,2024-12-17,AS Monaco,FC Bayern München,93,74,71.5,130.1,103.5,103.5,130.1,14,2,12,0,74,93,0,AS Monaco,1.25,89.0,85.0,71.5,124.5,118.9,5.6,1.0,85.0,76.0,72.4,117.4,105.0,12.4,1.0,-6.8,71.95,19.5,-1.5,89.28,84.31,71.5,124.89,117.93,6.96,1.0,91.55,84.57,71.95,127.33,117.65,9.68,1.0,-2.72,71.72,7.24,9.4,89.27,84.3,71.5,124.87,117.92,6.95,1.0,92.15,83.94,72.69,126.83,115.61,11.22,1.0,-4.27,72.1,9.26,8.91,89.26,84.3,71.5,124.87,117.92,6.95,1.0,92.52,83.16,72.45,127.76,114.87,12.89,1.0,-5.94,71.98,9.99,9.84,89.26,84.3,71.5,124.87,117.92,6.95,1.0,92.16,85.67,72.32,127.5,118.59,8.9,0.859,-1.95,71.91,6.27,9.58,89.26,84.3,71.5,124.87,117.92,6.95,1.0,91.04,85.27,72.4,125.83,117.92,7.91,0.786,-0.96,71.95,6.95,7.91,89.26,84.3,71.5,124.87,117.92,6.95,1.0,89.91,86.54,72.32,124.37,119.81,4.56,0.723,2.39,71.91,5.06,6.45,89.26,84.3,71.5,124.87,117.92,6.95,1.0,90.5,86.04,72.28,125.27,119.18,6.09,0.739,0.86,71.89,5.68,7.35,89.26,84.3,71.5,124.87,117.92,6.95,1.0,90.59,85.58,72.34,125.29,118.46,6.83,0.748,0.12,71.92,6.41,7.37,89.26,84.3,71.5,124.87,117.92,6.95,1.0,91.43,85.67,72.31,126.52,118.62,7.9,0.757,-0.95,71.9,6.25,8.6,0,1,1,1,0,0,1
EuroLeague,2024-2025,Round 17,2024-12-20,EA7 Emporio Armani Milan,FC Bayern München,78,79,71.5,109.1,110.5,110.5,109.1,14,3,11,0,79,78,1,EA7 Emporio Armani Milan,1.25,76.0,62.0,71.5,106.3,86.7,19.6,1.0,74.0,93.0,71.5,103.5,130.1,-26.6,0.0,46.2,71.5,-23.8,16.8,78.78,72.09,71.5,110.2,100.83,9.37,0.652,78.37,86.24,71.86,109.03,120.12,-11.1,0.398,20.46,71.68,-9.92,8.19,78.91,72.11,71.5,110.38,100.85,9.53,0.654,84.02,88.19,71.75,117.1,122.99,-5.89,0.571,15.42,71.63,-12.61,16.25,78.91,72.11,71.5,110.38,100.86,9.53,0.654,85.57,87.22,72.26,118.38,120.86,-2.48,0.638,12.01,71.88,-10.48,17.52,78.91,72.11,71.5,110.38,100.86,9.53,0.654,86.72,86.24,72.16,120.17,119.64,0.53,0.687,9.0,71.83,-9.26,19.31,78.91,72.11,71.5,110.38,100.86,9.53,0.654,87.05,87.73,72.09,120.75,121.83,-1.08,0.618,10.61,71.79,-11.45,19.89,78.91,72.11,71.5,110.38,100.86,9.53,0.654,86.55,87.31,72.16,119.94,121.13,-1.19,0.579,10.72,71.83,-10.75,19.09,78.91,72.11,71.5,110.38,100.86,9.53,0.654,85.97,88.14,72.12,119.2,122.36,-3.15,0.544,12.68,71.81,-11.98,18.35,78.91,72.11,71.5,110.38,100.86,9.53,0.654,86.59,87.69,72.09,120.12,121.77,-1.65,0.564,11.17,71.8,-11.39,19.26,78.91,72.11,71.5,110.38,100.86,9.53,0.654,86.77,87.29,72.14,120.27,121.14,-0.87,0.576,10.39,71.82,-10.76,19.42,0,0,0,1,0,0,0
BBL,2024-2025,Round 11,2024-12-22,FC Bayern München,MLP Academics Heidelberg,88,71,71.8,122.6,98.9,98.9,122.6,2,14,-12,1,88,71,1,MLP Academics Heidelberg,1.0,79.0,78.0,71.5,110.5,109.1,1.4,1.0,69.0,91.0,72.0,95.8,126.4,-30.6,0.0,32.0,71.75,-15.9,-13.3,76.76,84.72,71.5,107.36,118.51,-11.15,0.552,71.22,90.0,72.29,98.4,124.57,-26.17,0.111,15.02,71.89,-17.21,-20.11,78.64,82.73,71.71,109.65,115.43,-5.78,0.654,71.22,90.0,72.29,98.41,124.57,-26.15,0.111,20.38,72.0,-14.91,-17.02,82.28,84.67,71.67,114.82,118.19,-3.37,0.719,71.22,90.0,72.29,98.41,124.57,-26.15,0.111,22.78,71.98,-9.75,-19.78,83.54,84.38,72.03,115.95,117.23,-1.29,0.749,71.22,90.0,72.29,98.41,124.57,-26.15,0.111,24.87,72.16,-8.62,-18.82,84.57,83.95,71.97,117.48,116.71,0.77,0.774,71.22,90.0,72.29,98.41,124.57,-26.15,0.111,26.92,72.13,-7.09,-18.29,84.98,85.23,71.94,118.11,118.56,-0.44,0.716,71.22,90.0,72.29,98.41,124.57,-26.15,0.111,25.71,72.11,-6.45,-20.14,84.7,85.03,72.0,117.63,118.19,-0.56,0.682,71.22,90.0,72.29,98.41,124.57,-26.15,0.111,25.6,72.14,-6.94,-19.77,84.34,85.77,71.97,117.17,119.26,-2.09,0.65,71.22,90.0,72.29,98.41,124.57,-26.15,0.111,24.06,72.13,-7.4,-20.85,84.88,85.5,71.96,117.95,118.91,-0.96,0.662,71.22,90.0,72.29,98.41,124.57,-26.15,0.111,25.19,72.12,-6.62,-20.5,1,0,-1,0,1,0,1
EuroLeague,2024-2025,Round 18,2024-12-27,FC Bayern München,Panathinaikos AKTOR Athens,69,80,71.5,96.5,111.9,111.9,96.5,5,14,-9,1,69,80,0,Panathinaikos AKTOR Athens,1.25,88.0,71.0,71.8,122.6,98.9,23.7,1.0,94.0,79.0,71.5,131.5,110.5,21.0,1.0,2.7,71.65,12.1,32.6,83.43,74.55,71.65,116.46,104.08,12.38,1.0,93.42,78.81,71.5,130.69,110.23,20.46,1.0,-8.08,71.57,6.23,26.61,80.68,79.94,71.6,112.67,111.68,1.0,0.708,93.38,78.78,71.5,130.63,110.2,20.43,1.0,-19.43,71.55,2.48,18.95,81.38,79.3,71.73,113.44,110.6,2.84,0.755,93.38,78.78,71.5,130.63,110.2,20.43,1.0,-17.59,71.62,3.24,20.03,83.72,81.23,71.7,116.77,113.35,3.43,0.79,93.38,78.78,71.5,130.63,110.2,20.43,1.0,-17.0,71.6,6.58,17.28,84.57,81.3,71.97,117.48,113.01,4.47,0.807,93.38,78.78,71.5,130.63,110.2,20.43,1.0,-15.96,71.74,7.28,17.61,85.3,81.2,71.94,118.57,112.93,5.64,0.822,93.38,78.78,71.5,130.63,110.2,20.43,1.0,-14.79,71.72,8.37,17.7,85.58,82.39,71.91,119.01,114.63,4.37,0.773,93.38,78.78,71.5,130.63,110.2,20.43,1.0,-16.05,71.71,8.81,15.99,85.33,82.34,71.96,118.58,114.48,4.1,0.743,93.38,78.78,71.5,130.63,110.2,20.43,1.0,-16.33,71.73,8.39,16.14,85.02,83.04,71.94,118.17,115.5,2.67,0.715,93.38,78.78,71.5,130.63,110.2,20.43,1.0,-17.76,71.72,7.97,15.13,0,0,0,1,0,0,0
BBL,2024-2025,Round 12,2024-12-29,ALBA Berlin,FC Bayern München,80,84,74.5,107.4,112.8,112.8,107.4,14,2,12,0,84,80,1,ALBA Berlin,1.0,88.0,115.0,71.5,123.1,160.8,-37.7,0.0,69.0,80.0,71.5,96.5,111.9,-15.4,0.0,-22.3,71.5,11.2,-64.3,87.62,113.27,71.67,122.29,158.09,-35.8,0.0,76.35,76.52,71.62,106.6,106.87,-0.27,0.387,-35.53,71.64,15.42,-51.5,86.38,110.94,71.51,120.77,155.06,-34.29,0.0,77.11,76.94,71.58,107.71,107.51,0.2,0.562,-34.5,71.55,13.26,-47.36,86.09,109.32,71.53,120.33,152.76,-32.43,0.04,76.52,79.96,71.57,106.92,111.76,-4.84,0.456,-27.59,71.55,8.57,-45.84,85.48,108.35,71.53,119.48,151.42,-31.94,0.039,77.46,79.52,71.66,108.08,111.01,-2.94,0.516,-29.0,71.6,8.47,-43.34,85.51,107.8,71.58,119.45,150.58,-31.13,0.056,79.53,80.88,71.64,111.0,112.94,-1.93,0.565,-29.2,71.61,6.51,-39.58,85.44,107.71,71.58,119.35,150.46,-31.11,0.055,80.41,80.95,71.85,111.87,112.72,-0.85,0.591,-30.26,71.71,6.64,-38.59,85.39,107.66,71.58,119.29,150.38,-31.09,0.055,81.2,80.9,71.83,113.01,112.67,0.34,0.615,-31.43,71.7,6.62,-37.37,85.38,107.64,71.58,119.28,150.36,-31.08,0.055,81.6,81.81,71.81,113.6,113.98,-0.38,0.587,-30.71,71.69,5.3,-36.77,85.38,107.64,71.58,119.28,150.36,-31.08,0.055,81.52,81.79,71.85,113.43,113.88,-0.45,0.57,-30.63,71.71,5.4,-36.93,0,1,1,0,1,0,0
EuroLeague,2024-2025,Round 19,2025-01-03,Real Madrid,FC Bayern München,88,76,71.5,123.1,106.3,106.3,123.1,14,5,9,0,76,88,0,Real Madrid,1.25,89.0,97.0,71.5,124.5,135.7,-11.2,0.0,84.0,80.0,74.5,112.8,107.4,5.4,1.0,-16.6,73.0,17.1,-22.9,89.05,96.61,71.5,124.56,135.15,-10.59,0.015,76.39,80.0,72.98,104.53,109.68,-5.16,0.492,-5.43,72.24,14.88,-30.63,89.04,96.41,71.5,124.55,134.87,-10.32,0.023,79.2,77.82,72.69,108.91,107.07,1.84,0.615,-12.16,72.1,17.48,-25.96,89.03,96.4,71.5,124.55,134.86,-10.31,0.024,79.16,77.85,72.45,109.23,107.47,1.75,0.692,-12.07,71.98,17.07,-25.63,89.03,96.4,71.5,124.55,134.86,-10.31,0.024,78.44,79.97,72.32,108.43,110.64,-2.21,0.596,-8.1,71.91,13.91,-26.43,89.03,96.4,71.5,124.55,134.86,-10.31,0.024,78.99,79.64,72.33,109.18,110.16,-0.98,0.63,-9.34,71.91,14.39,-25.68,89.03,96.4,71.5,124.55,134.86,-10.31,0.024,80.5,80.69,72.26,111.39,111.74,-0.35,0.659,-9.97,71.88,12.81,-23.47,89.03,96.4,71.5,124.55,134.86,-10.31,0.024,81.15,80.76,72.39,112.06,111.62,0.44,0.675,-10.75,71.95,12.93,-22.8,89.03,96.4,71.5,124.55,134.86,-10.31,0.024,81.75,80.72,72.35,112.97,111.63,1.33,0.691,-11.65,71.93,12.91,-21.89,89.03,96.4,71.5,124.55,134.86,-10.31,0.024,82.05,81.47,72.32,113.45,112.73,0.71,0.665,-11.03,71.91,11.81,-21.41,0,0,0,1,0,0,1
BBL,2024-2025,Round 13,2025-01-05,FC Bayern München,ROSTOCK SEAWOLVES,97,80,75.5,128.5,106.0,106.0,128.5,2,14,-12,1,97,80,1,ROSTOCK SEAWOLVES,1.0,76.0,88.0,71.5,106.3,123.1,-16.8,0.0,73.0,101.0,76.0,96.1,132.9,-36.8,0.0,20.0,73.75,-26.6,-27.0,79.09,84.91,72.66,108.81,117.03,-8.21,0.387,74.29,99.92,75.91,97.92,131.62,-33.69,0.0,25.48,74.29,-22.8,-19.1,76.22,83.51,72.33,105.3,115.56,-10.26,0.277,74.33,99.86,75.91,97.98,131.54,-33.57,0.003,23.3,74.12,-26.24,-17.59,78.01,81.6,72.25,107.94,113.02,-5.08,0.387,74.33,99.86,75.91,97.98,131.54,-33.56,0.003,28.48,74.08,-23.6,-15.05,78.15,81.11,72.15,108.29,112.49,-4.2,0.47,74.33,99.86,75.91,97.98,131.54,-33.56,0.003,29.36,74.03,-23.25,-14.52,77.73,82.29,72.08,107.81,114.24,-6.43,0.423,74.33,99.86,75.91,97.98,131.54,-33.56,0.003,27.13,74.0,-23.72,-16.27,78.18,81.91,72.1,108.4,113.67,-5.27,0.459,74.33,99.86,75.91,97.98,131.54,-33.56,0.003,28.29,74.01,-23.13,-15.7,79.35,82.56,72.07,110.09,114.64,-4.55,0.491,74.33,99.86,75.91,97.98,131.54,-33.56,0.003,29.01,73.99,-21.45,-16.66,79.88,82.54,72.17,110.64,114.45,-3.8,0.509,74.33,99.86,75.91,97.98,131.54,-33.56,0.003,29.76,74.04,-20.89,-16.47,80.38,82.45,72.15,111.39,114.36,-2.97,0.527,74.33,99.86,75.91,97.98,131.54,-33.56,0.003,30.59,74.03,-20.15,-16.38,1,0,-1,0,1,0,1
EuroLeague,2024-2025,Round 20,2025-01-10,Olympiacos Piraeus,FC Bayern München,112,69,71.5,156.6,96.5,96.5,156.6,14,5,9,0,69,112,0,Olympiacos Piraeus,1.25,80.0,84.0,71.5,111.9,117.5,-5.6,0.0,97.0,80.0,75.5,128.5,106.0,22.5,1.0,-28.1,73.5,5.9,11.0,79.94,83.82,71.5,111.81,117.24,-5.43,0.015,86.34,84.06,73.47,117.23,114.68,2.55,0.492,-7.98,72.48,-2.87,-0.01,79.92,83.73,71.5,111.79,117.13,-5.34,0.021,85.77,83.08,73.72,116.16,112.91,3.24,0.615,-8.58,72.61,-1.12,-0.97,79.92,83.73,71.5,111.79,117.13,-5.33,0.021,82.42,82.46,73.28,112.22,112.71,-0.49,0.492,-4.84,72.39,-0.92,-4.9,79.92,83.73,71.5,111.79,117.13,-5.33,0.021,83.04,81.18,73.11,113.39,111.16,2.22,0.549,-7.55,72.3,0.63,-3.74,79.92,83.73,71.5,111.79,117.13,-5.33,0.021,82.62,80.85,72.94,113.09,110.95,2.14,0.596,-7.47,72.22,0.84,-4.04,79.92,83.73,71.5,111.79,117.13,-5.33,0.021,81.95,81.79,72.83,112.34,112.44,-0.09,0.55,-5.24,72.17,-0.64,-4.78,79.92,83.73,71.5,111.79,117.13,-5.33,0.021,82.1,81.51,72.81,112.59,112.07,0.51,0.572,-5.85,72.16,-0.28,-4.54,79.92,83.73,71.5,111.79,117.13,-5.33,0.021,82.85,82.05,72.75,113.75,112.92,0.82,0.592,-6.15,72.12,-1.13,-3.38,79.92,83.73,71.5,111.79,117.13,-5.33,0.021,83.18,82.05,72.81,114.08,112.82,1.27,0.604,-6.6,72.16,-1.02,-3.04,0,0,0,1,0,0,1
BBL,2024-2025,Round 14,2025-01-12,SKYLINERS Frankfurt,FC Bayern München,68,83,70.5,96.5,117.7,117.7,96.5,14,2,12,0,83,68,1,SKYLINERS Frankfurt,1.0,76.0,87.0,71.0,107.0,122.5,-15.5,0.0,69.0,112.0,71.5,96.5,156.6,-60.1,0.0,44.6,71.25,-49.6,-26.0,75.83,86.66,71.0,106.76,122.02,-15.26,0.0,79.83,99.62,73.05,108.88,137.03,-28.15,0.387,12.89,72.02,-30.27,-13.14,75.79,86.63,70.99,106.71,121.99,-15.28,0.0,78.74,96.31,72.61,108.14,133.06,-24.91,0.277,9.63,71.8,-26.34,-13.85,75.79,86.63,70.99,106.71,121.99,-15.28,0.0,79.54,93.82,72.89,108.85,129.14,-20.29,0.387,5.01,71.94,-22.43,-13.14,75.79,86.63,70.99,106.71,121.99,-15.28,0.0,78.11,91.94,72.71,107.18,126.8,-19.63,0.334,4.34,71.85,-20.09,-14.82,75.79,86.63,70.99,106.71,121.99,-15.28,0.0,78.89,90.29,72.63,108.39,124.6,-16.21,0.387,0.92,71.81,-17.89,-13.6,75.79,86.63,70.99,106.71,121.99,-15.28,0.0,78.9,89.37,72.55,108.55,123.43,-14.88,0.433,-0.4,71.77,-16.72,-13.44,75.79,86.63,70.99,106.71,121.99,-15.28,0.0,78.62,89.58,72.49,108.26,123.82,-15.56,0.408,0.28,71.74,-17.1,-13.73,75.79,86.63,70.99,106.71,121.99,-15.28,0.0,78.85,89.08,72.48,108.6,123.13,-14.53,0.43,-0.75,71.74,-16.41,-13.4,75.79,86.63,70.99,106.71,121.99,-15.28,0.0,79.54,89.22,72.45,109.62,123.38,-13.76,0.45,-1.52,71.72,-16.67,-12.38,0,1,1,0,1,0,0
EuroLeague,2024-2025,Round 21,2025-01-15,FC Bayern München,AS Monaco,95,94,71.5,132.9,131.5,131.5,132.9,3,14,-11,1,95,94,1,AS Monaco,1.25,83.0,68.0,70.5,117.7,96.5,21.2,1.0,93.0,74.0,71.5,130.1,103.5,26.6,1.0,-5.4,71.0,14.2,33.6,75.89,90.34,71.01,106.94,127.01,-20.07,0.492,92.92,74.22,71.5,129.99,103.8,26.19,1.0,-46.26,71.25,3.14,2.98,81.01,87.83,72.1,112.17,121.91,-9.75,0.615,92.92,74.23,71.5,129.98,103.83,26.15,1.0,-35.9,71.8,8.34,8.07,80.01,87.86,71.98,110.99,122.15,-11.16,0.492,92.92,74.23,71.5,129.98,103.83,26.15,1.0,-37.31,71.74,7.17,7.83,80.46,86.98,72.26,111.2,120.5,-9.3,0.549,92.92,74.23,71.5,129.98,103.83,26.15,1.0,-35.45,71.88,7.37,9.48,79.27,86.26,72.18,109.67,119.61,-9.93,0.492,92.92,74.23,71.5,129.98,103.83,26.15,1.0,-36.09,71.84,5.85,10.37,79.81,85.32,72.16,110.47,118.34,-7.87,0.523,92.92,74.23,71.5,129.98,103.83,26.15,1.0,-34.02,71.83,6.64,11.64,79.76,84.89,72.12,110.47,117.79,-7.32,0.552,92.92,74.23,71.5,129.98,103.83,26.15,1.0,-33.47,71.81,6.64,12.19,79.49,85.26,72.09,110.15,118.36,-8.21,0.526,92.92,74.23,71.5,129.98,103.83,26.15,1.0,-34.36,71.8,6.32,11.63,79.65,84.99,72.1,110.36,117.96,-7.6,0.54,92.92,74.23,71.5,129.98,103.83,26.15,1.0,-33.75,71.8,6.53,12.02,0,0,0,1,0,0,1
EuroLeague,2024-2025,Round 22,2025-01-17,FC Bayern München,Virtus Segafredo Bologna,72,82,71.5,100.7,114.7,114.7,100.7,2,14,-12,1,72,82,0,Virtus Segafredo Bologna,1.25,95.0,94.0,71.5,132.9,131.5,1.4,1.0,84.0,87.0,71.5,117.5,121.7,-4.2,0.0,5.6,71.5,11.2,-14.0,90.27,83.76,71.11,126.91,117.71,9.2,1.0,84.01,86.96,71.5,117.51,121.65,-4.13,0.009,13.34,71.3,5.26,-0.2,84.13,91.92,71.22,118.13,128.95,-10.82,0.711,83.97,86.98,71.5,117.46,121.67,-4.21,0.009,-6.61,71.36,-3.54,-11.49,86.11,90.08,71.88,119.73,125.41,-5.68,0.756,83.97,86.98,71.5,117.46,121.67,-4.21,0.009,-1.47,71.69,-1.94,-7.95,84.72,89.79,71.83,117.88,125.09,-7.21,0.652,83.97,86.98,71.5,117.46,121.67,-4.21,0.009,-3.0,71.66,-3.78,-7.63,84.67,89.01,72.04,117.48,123.68,-6.2,0.68,83.97,86.98,71.5,117.46,121.67,-4.21,0.009,-2.0,71.77,-4.19,-6.22,83.48,88.33,72.0,115.89,122.79,-6.9,0.628,83.97,86.98,71.5,117.46,121.67,-4.21,0.009,-2.69,71.75,-5.78,-5.33,83.68,87.54,71.99,116.19,121.7,-5.5,0.645,83.97,86.98,71.5,117.46,121.67,-4.21,0.009,-1.3,71.75,-5.47,-4.24,83.47,87.11,71.97,115.94,121.13,-5.19,0.661,83.97,86.98,71.5,117.46,121.67,-4.21,0.009,-0.98,71.73,-5.73,-3.67,83.14,87.32,71.95,115.5,121.45,-5.95,0.638,83.97,86.98,71.5,117.46,121.67,-4.21,0.009,-1.74,71.73,-6.17,-3.99,1,0,-1,1,0,0,0
BBL,2024-2025,Round 15,2025-01-19,FC Bayern München,Hamburg Towers,91,75,73.8,123.3,101.6,101.6,123.3,2,14,-12,1,91,75,1,Hamburg Towers,1.0,72.0,82.0,71.5,100.7,114.7,-14.0,0.0,74.0,81.0,72.2,102.5,112.2,-9.7,0.0,-4.3,71.85,-11.5,-12.2,82.4,87.42,71.5,115.25,122.29,-7.04,0.452,74.58,82.04,72.41,103.0,113.28,-10.29,0.0,3.25,71.95,1.97,-19.3,82.53,83.01,71.27,115.81,116.44,-0.63,0.576,74.6,81.99,72.41,103.03,113.21,-10.18,0.004,9.56,71.84,2.6,-13.41,79.97,88.51,71.32,112.15,124.06,-11.91,0.467,74.6,81.99,72.41,103.03,113.21,-10.19,0.004,-1.72,71.86,-1.07,-21.03,81.79,87.6,71.76,113.89,122.13,-8.23,0.524,74.6,81.99,72.41,103.03,113.21,-10.19,0.004,1.96,72.09,0.68,-19.1,81.21,87.64,71.74,113.14,122.22,-9.08,0.472,74.6,81.99,72.41,103.03,113.21,-10.19,0.004,1.11,72.07,-0.07,-19.2,81.38,87.19,71.9,113.12,121.35,-8.23,0.503,74.6,81.99,72.41,103.03,113.21,-10.19,0.004,1.96,72.15,-0.09,-18.32,80.67,86.78,71.88,112.17,120.81,-8.64,0.474,74.6,81.99,72.41,103.03,113.21,-10.19,0.004,1.55,72.14,-1.05,-17.78,80.92,86.23,71.87,112.53,120.04,-7.51,0.493,74.6,81.99,72.41,103.03,113.21,-10.19,0.004,2.68,72.14,-0.68,-17.02,80.86,85.94,71.86,112.46,119.66,-7.2,0.51,74.6,81.99,72.41,103.03,113.21,-10.19,0.004,2.99,72.13,-0.75,-16.64,1,0,-1,0,1,0,1
EuroLeague,2024-2025,Round 23,2025-01-24,ALBA Berlin,FC Bayern München,84,99,71.5,117.5,138.5,138.5,117.5,14,5,9,0,99,84,1,ALBA Berlin,1.25,80.0,84.0,74.5,107.4,112.8,-5.4,0.0,91.0,75.0,73.8,123.3,101.6,21.7,1.0,-27.1,74.15,5.8,10.5,82.81,94.88,73.45,112.91,129.65,-16.74,0.0,81.35,78.55,72.63,111.83,108.25,3.58,0.492,-20.32,73.04,4.66,-17.82,82.79,94.72,73.46,112.86,129.39,-16.54,0.0,85.38,83.11,72.3,118.05,115.11,2.93,0.642,-19.47,72.88,-2.26,-11.34,82.41,94.19,73.37,112.46,128.79,-16.33,0.0,85.0,80.68,72.01,117.99,112.12,5.87,0.7,-22.21,72.69,0.34,-10.8,82.36,93.82,73.35,112.42,128.3,-15.89,0.015,82.72,85.14,71.94,114.93,118.45,-3.52,0.6,-12.37,72.64,-6.03,-13.37,82.17,93.63,73.33,112.18,128.08,-15.9,0.015,83.9,84.72,72.23,116.05,117.42,-1.37,0.633,-14.53,72.78,-5.24,-12.03,82.2,93.52,73.33,112.22,127.91,-15.69,0.022,83.28,84.97,72.17,115.29,117.87,-2.58,0.584,-13.11,72.75,-5.65,-12.62,82.18,93.5,73.33,112.19,127.89,-15.7,0.022,83.31,84.74,72.28,115.17,117.37,-2.21,0.603,-13.5,72.81,-5.18,-12.72,82.16,93.49,73.33,112.17,127.88,-15.71,0.022,82.65,84.52,72.25,114.3,117.12,-2.82,0.575,-12.89,72.79,-4.95,-13.58,82.16,93.49,73.33,112.17,127.88,-15.71,0.022,82.8,84.14,72.23,114.54,116.6,-2.06,0.587,-13.64,72.78,-4.44,-13.34,0,0,0,1,0,0,0
BBL,2024-2025,Round 16,2025-01-26,EWE Baskets Oldenburg,FC Bayern München,78,86,73.0,106.8,117.8,117.8,106.8,14,2,12,0,86,78,1,EWE Baskets Oldenburg,1.0,73.0,93.0,73.5,99.3,126.5,-27.2,0.0,99.0,84.0,71.5,138.5,117.5,21.0,1.0,-48.2,72.5,-18.2,12.0,73.0,90.43,73.31,99.56,123.28,-23.72,0.0,95.91,80.52,72.39,132.62,111.35,21.27,1.0,-44.99,72.85,-11.79,9.34,73.35,88.4,73.29,100.07,120.55,-20.47,0.087,89.09,80.94,72.14,123.52,112.3,11.21,0.715,-31.69,72.71,-12.23,2.97,73.44,88.32,73.29,100.19,120.43,-20.24,0.093,90.21,83.43,72.01,125.31,115.96,9.35,0.769,-29.58,72.65,-15.77,4.87,73.45,88.32,73.29,100.2,120.43,-20.23,0.092,89.42,81.73,71.85,124.47,113.82,10.65,0.795,-30.88,72.57,-13.61,4.04,73.45,88.32,73.29,100.21,120.43,-20.22,0.092,87.34,84.82,71.81,121.61,118.18,3.44,0.714,-23.65,72.55,-17.97,1.19,73.45,88.32,73.29,100.21,120.42,-20.22,0.092,87.92,84.52,72.04,122.03,117.44,4.59,0.731,-24.8,72.66,-17.24,1.61,73.45,88.32,73.29,100.21,120.42,-20.22,0.092,87.22,84.73,72.0,121.11,117.78,3.33,0.688,-23.55,72.65,-17.57,0.68,73.45,88.32,73.29,100.21,120.42,-20.22,0.092,87.11,84.56,72.09,120.81,117.41,3.41,0.699,-23.62,72.69,-17.2,0.39,73.45,88.32,73.29,100.21,120.42,-20.22,0.092,86.46,84.4,72.07,119.95,117.21,2.74,0.674,-22.96,72.68,-17.0,-0.48,0,1,1,0,1,0,0
EuroLeague,2024-2025,Round 24,2025-01-30,Zalgiris Kaunas,FC Bayern München,82,97,71.5,114.7,135.7,135.7,114.7,14,4,10,0,97,82,1,Zalgiris Kaunas,1.25,74.0,77.0,71.5,103.5,107.7,-4.2,0.0,86.0,78.0,73.0,117.8,106.8,11.0,1.0,-15.2,72.25,-3.3,10.1,73.62,76.69,71.5,102.97,107.27,-4.3,0.0,92.6,81.05,72.24,128.31,112.23,16.08,1.0,-20.38,71.87,-9.26,21.04,73.62,76.68,71.5,102.97,107.25,-4.28,0.003,92.21,79.58,72.62,127.09,109.65,17.44,1.0,-21.72,72.06,-6.68,19.84,73.62,76.68,71.5,102.97,107.25,-4.28,0.003,88.17,80.06,72.39,121.81,110.66,11.15,0.8,-15.43,71.95,-7.69,14.56,73.62,76.68,71.5,102.97,107.25,-4.28,0.003,89.14,82.04,72.27,123.38,113.61,9.77,0.828,-14.05,71.88,-10.64,16.13,73.62,76.68,71.5,102.97,107.25,-4.28,0.003,88.62,80.85,72.12,122.9,112.17,10.73,0.843,-15.01,71.81,-9.2,15.65,73.62,76.68,71.5,102.97,107.25,-4.28,0.003,87.05,83.35,72.07,120.79,115.73,5.07,0.775,-9.35,71.78,-12.75,13.54,73.62,76.68,71.5,102.97,107.25,-4.28,0.003,87.53,83.18,72.23,121.16,115.26,5.9,0.786,-10.18,71.87,-12.29,13.91,73.62,76.68,71.5,102.97,107.25,-4.28,0.003,86.98,83.41,72.2,120.46,115.63,4.83,0.749,-9.11,71.85,-12.66,13.21,73.62,76.68,71.5,102.97,107.25,-4.28,0.003,86.9,83.31,72.27,120.24,115.39,4.85,0.756,-9.13,71.88,-12.42,12.99,0,0,0,1,0,0,0
BBL,2024-2025,Round 17,2025-02-02,FC Bayern München,MHP RIESEN Ludwigsburg,85,74,72.2,117.7,102.5,102.5,117.7,3,14,-11,1,85,74,1,MHP RIESEN Ludwigsburg,1.0,97.0,82.0,71.5,135.7,114.7,21.0,1.0,70.0,79.0,71.2,98.3,111.0,-12.7,0.0,33.7,71.35,24.7,-16.4,92.71,80.44,72.09,128.71,111.62,17.1,1.0,69.89,78.67,71.18,98.18,110.56,-12.38,0.0,29.47,71.63,18.16,-13.44,94.51,81.46,71.92,131.52,113.3,18.22,1.0,70.15,79.11,71.28,98.4,111.01,-12.61,0.0,30.83,71.6,20.51,-14.91,93.97,80.47,72.21,130.26,111.51,18.75,1.0,69.95,79.37,71.29,98.09,111.34,-13.25,0.0,32.0,71.75,18.92,-13.42,90.97,80.68,72.11,126.23,111.95,14.28,0.864,71.57,80.31,71.58,99.84,112.15,-12.31,0.051,26.59,71.85,14.08,-12.11,91.38,82.03,72.05,126.9,113.92,12.98,0.877,71.86,80.47,71.65,100.14,112.27,-12.13,0.049,25.1,71.85,14.63,-13.78,90.86,81.16,71.95,126.33,112.85,13.48,0.885,71.92,80.52,71.66,100.21,112.33,-12.12,0.049,25.6,71.81,14.01,-12.64,89.56,83.01,71.93,124.55,115.47,9.08,0.832,71.92,80.52,71.66,100.21,112.33,-12.12,0.049,21.2,71.79,12.22,-15.26,89.83,82.9,72.06,124.69,115.12,9.57,0.838,71.92,80.52,71.66,100.21,112.33,-12.12,0.049,21.69,71.86,12.37,-14.91,89.33,83.08,72.04,124.03,115.41,8.62,0.808,71.92,80.52,71.66,100.21,112.33,-12.12,0.049,20.73,71.85,11.7,-15.2,0,0,0,0,1,0,1
EuroLeague,2024-2025,Round 25,2025-02-04,FC Bayern München,EA7 Emporio Armani Milan,87,70,71.5,121.7,97.9,97.9,121.7,2,14,-12,1,87,70,1,EA7 Emporio Armani Milan,1.25,85.0,74.0,72.2,117.7,102.5,15.2,1.0,78.0,79.0,71.5,109.1,110.5,-1.4,0.0,16.6,71.85,7.2,6.6,91.05,78.03,71.85,126.77,108.65,18.12,1.0,77.99,78.92,71.5,109.09,110.39,-1.31,0.004,19.43,71.67,16.38,0.44,89.82,78.02,72.13,124.58,108.2,16.38,1.0,78.01,78.95,71.5,109.11,110.43,-1.33,0.004,17.71,71.81,14.15,0.91,91.66,79.22,72.0,127.38,110.07,17.31,1.0,78.01,78.95,71.5,109.11,110.43,-1.33,0.004,18.64,71.75,16.95,-0.96,91.59,78.75,72.2,126.92,109.11,17.81,1.0,78.01,78.95,71.5,109.11,110.43,-1.33,0.004,19.13,71.85,16.49,-0.01,89.55,79.09,72.13,124.19,109.69,14.5,0.896,78.01,78.95,71.5,109.11,110.43,-1.33,0.004,15.82,71.82,13.76,-0.59,89.98,80.27,72.08,124.88,111.42,13.46,0.904,78.01,78.95,71.5,109.11,110.43,-1.33,0.004,14.79,71.79,14.45,-2.31,89.64,79.67,72.0,124.53,110.69,13.84,0.909,78.01,78.95,71.5,109.11,110.43,-1.33,0.004,15.17,71.75,14.1,-1.58,88.65,81.22,71.98,123.19,112.89,10.3,0.865,78.01,78.95,71.5,109.11,110.43,-1.33,0.004,11.62,71.74,12.75,-3.78,88.9,81.18,72.08,123.34,112.69,10.66,0.869,78.01,78.95,71.5,109.11,110.43,-1.33,0.004,11.98,71.79,12.91,-3.58,1,0,-1,1,0,0,1
EuroLeague,2024-2025,Round 26,2025-02-06,FC Bayern München,LDLC ASVEL Villeurbanne,76,67,71.5,106.3,93.7,93.7,106.3,2,14,-12,1,76,67,1,LDLC ASVEL Villeurbanne,1.25,87.0,70.0,71.5,121.7,97.9,23.8,1.0,71.0,84.0,71.5,99.3,117.5,-18.2,0.0,42.0,71.5,4.2,1.4,86.2,71.59,71.78,120.11,99.73,20.38,1.0,71.06,83.75,71.5,99.39,117.15,-17.77,0.012,38.15,71.64,2.96,-0.34,89.31,74.58,71.7,124.59,104.04,20.56,1.0,71.18,83.82,71.5,99.55,117.25,-17.7,0.012,38.26,71.6,7.34,-4.48,88.8,75.12,71.9,123.54,104.47,19.07,1.0,71.18,83.82,71.5,99.55,117.25,-17.7,0.012,36.77,71.7,6.29,-4.91,90.21,76.34,71.85,125.61,106.27,19.34,1.0,71.18,83.82,71.5,99.55,117.25,-17.7,0.012,37.04,71.67,8.36,-6.71,90.27,76.24,72.0,125.42,105.89,19.53,1.0,71.18,83.82,71.5,99.55,117.25,-17.7,0.012,37.23,71.75,8.17,-6.34,88.87,76.68,71.96,123.53,106.57,16.97,0.924,71.18,83.82,71.5,99.55,117.25,-17.7,0.012,34.67,71.73,6.28,-7.01,89.24,77.7,71.94,124.09,108.04,16.04,0.928,71.18,83.82,71.5,99.55,117.25,-17.7,0.012,33.74,71.72,6.84,-8.49,89.01,77.34,71.88,123.85,107.62,16.24,0.931,71.18,83.82,71.5,99.55,117.25,-17.7,0.012,33.93,71.69,6.6,-8.06,88.27,78.62,71.87,122.84,109.42,13.42,0.897,71.18,83.82,71.5,99.55,117.25,-17.7,0.012,31.12,71.68,5.59,-9.87,1,0,-1,1,0,0,1
BBL,2024-2025,Round 18,2025-02-09,BG Göttingen,FC Bayern München,71,92,74.0,95.9,124.3,124.3,95.9,14,3,11,0,92,71,1,BG Göttingen,1.0,72.0,95.0,74.0,97.3,128.4,-31.1,0.0,76.0,67.0,71.5,106.3,93.7,12.6,1.0,-43.7,72.75,3.6,-22.1,72.13,94.84,73.97,97.52,128.24,-30.72,0.0,80.97,68.36,71.5,113.26,95.6,17.66,1.0,-48.38,72.73,1.92,-14.98,72.02,94.77,73.94,97.41,128.18,-30.77,0.0,81.9,69.65,71.66,114.28,97.18,17.1,1.0,-47.87,72.8,0.22,-13.9,72.02,94.77,73.94,97.41,128.18,-30.77,0.0,84.76,71.99,71.63,118.33,100.5,17.84,1.0,-48.61,72.79,-3.09,-9.85,72.02,94.77,73.94,97.41,128.18,-30.77,0.0,84.89,72.64,71.78,118.28,101.18,17.1,1.0,-47.87,72.86,-3.77,-9.91,72.02,94.77,73.94,97.41,128.18,-30.77,0.0,86.3,73.78,71.75,120.3,102.82,17.49,1.0,-48.26,72.85,-5.41,-7.88,72.02,94.77,73.94,97.41,128.18,-30.77,0.0,86.58,73.85,71.87,120.48,102.74,17.74,1.0,-48.51,72.91,-5.34,-7.7,72.02,94.77,73.94,97.41,128.18,-30.77,0.0,85.74,74.32,71.85,119.34,103.43,15.9,0.942,-46.68,72.9,-6.03,-8.84,72.02,94.77,73.94,97.41,128.18,-30.77,0.0,86.16,75.22,71.83,119.96,104.71,15.24,0.945,-46.02,72.89,-7.3,-8.23,72.02,94.77,73.94,97.41,128.18,-30.77,0.0,86.07,75.01,71.8,119.89,104.48,15.42,0.946,-46.19,72.87,-7.07,-8.29,0,0,0,0,1,0,0
BBL-Pokal,2024-2025,Semifinal,2025-02-15,FC Bayern München,ALBA Berlin,84,78,73.0,115.1,106.8,106.8,115.1,6,14,-8,1,84,78,1,ALBA Berlin,1.05,92.0,71.0,74.0,124.3,95.9,28.4,1.0,84.0,99.0,71.5,117.5,138.5,-21.0,0.0,49.4,72.75,-14.2,21.6,83.94,68.98,72.74,115.23,94.79,20.44,1.0,82.74,94.27,72.45,114.32,130.4,-16.08,0.0,36.52,72.59,-15.17,19.52,84.84,69.28,72.38,117.13,95.7,21.43,1.0,83.51,97.29,72.31,115.6,134.83,-19.23,0.0,40.66,72.34,-17.7,19.89,84.86,70.05,72.35,117.22,96.81,20.41,1.0,83.49,97.2,72.33,115.55,134.67,-19.12,0.0,39.54,72.34,-17.44,18.74,86.58,71.74,72.23,119.84,99.34,20.5,1.0,83.32,96.96,72.3,115.35,134.37,-19.01,0.0,39.51,72.26,-14.53,16.02,86.53,72.26,72.29,119.67,99.96,19.71,1.0,83.3,96.78,72.29,115.32,134.12,-18.81,0.007,38.51,72.29,-14.45,15.36,87.52,73.19,72.23,121.15,101.34,19.81,1.0,83.21,96.68,72.29,115.2,133.99,-18.79,0.007,38.6,72.26,-12.84,13.86,87.68,73.27,72.3,121.26,101.36,19.9,1.0,83.22,96.62,72.29,115.21,133.9,-18.69,0.01,38.59,72.3,-12.65,13.85,86.95,73.68,72.27,120.3,101.98,18.32,0.953,83.21,96.61,72.29,115.19,133.89,-18.7,0.01,37.02,72.28,-13.59,13.21,87.25,74.43,72.24,120.76,103.07,17.69,0.955,83.2,96.61,72.29,115.18,133.88,-18.7,0.01,36.39,72.27,-13.12,12.11,0,0,0,0,0,1,1
BBL-Pokal,2024-2025,Final,2025-02-16,FC Bayern München,ratiopharm ulm,82,76,72.5,113.1,104.8,104.8,113.1,1,14,-13,1,82,76,1,ratiopharm ulm,1.05,84.0,78.0,73.0,115.1,106.8,8.3,1.0,81.0,79.0,73.2,110.7,107.9,2.8,1.0,5.5,73.1,7.2,3.9,87.4,75.02,73.43,119.01,102.16,16.85,1.0,80.84,79.05,73.18,110.5,107.99,2.51,0.977,14.34,73.3,11.02,8.33,83.96,72.6,72.84,115.18,99.61,15.57,1.0,80.68,79.07,73.16,110.31,108.05,2.26,0.967,13.3,73.0,7.13,10.7,84.57,72.08,72.58,116.48,99.27,17.21,1.0,80.68,79.1,73.17,110.3,108.09,2.21,0.965,15.0,72.87,8.39,11.03,84.62,72.31,72.53,116.62,99.65,16.97,1.0,80.68,79.1,73.17,110.3,108.09,2.21,0.965,14.76,72.85,8.53,10.66,85.93,73.33,72.42,118.63,101.24,17.4,1.0,80.68,79.1,73.17,110.3,108.09,2.21,0.965,15.19,72.79,10.54,9.07,85.93,73.63,72.46,118.58,101.59,16.99,1.0,80.68,79.1,73.17,110.3,108.09,2.21,0.965,14.78,72.81,10.49,8.72,86.73,74.26,72.4,119.8,102.56,17.24,1.0,80.68,79.1,73.17,110.3,108.09,2.21,0.965,15.03,72.78,11.71,7.74,86.89,74.29,72.45,119.93,102.53,17.41,1.0,80.68,79.1,73.17,110.3,108.09,2.21,0.965,15.19,72.81,11.84,7.78,86.34,74.57,72.42,119.22,102.98,16.24,0.963,80.68,79.1,73.17,110.3,108.09,2.21,0.965,14.03,72.79,11.13,7.33,1,0,-1,0,0,1,1
EuroLeague,2024-2025,Round 27,2025-02-27,Paris Basketball,FC Bayern München,93,88,71.5,130.1,123.1,123.1,130.1,14,11,3,0,88,93,0,Paris Basketball,1.25,107.0,109.0,71.5,149.7,152.4,-2.7,0.0,82.0,76.0,72.5,113.1,104.8,8.3,1.0,-11.0,72.0,44.9,-39.3,107.0,109.0,71.5,149.7,152.4,-2.7,0.0,82.91,76.91,72.73,114.01,105.71,8.3,1.0,-11.0,72.11,43.99,-38.39,107.0,109.0,71.5,149.7,152.4,-2.7,0.0,85.2,75.42,73.05,116.61,103.24,13.37,1.0,-16.07,72.27,46.46,-35.79,107.0,109.0,71.5,149.7,152.4,-2.7,0.0,83.33,73.7,72.73,114.5,101.29,13.21,1.0,-15.91,72.12,48.41,-37.9,107.0,109.0,71.5,149.7,152.4,-2.7,0.0,83.86,73.17,72.56,115.54,100.8,14.74,1.0,-17.44,72.03,48.9,-36.86,107.0,109.0,71.5,149.7,152.4,-2.7,0.0,83.95,73.24,72.52,115.73,100.95,14.78,1.0,-17.48,72.01,48.75,-36.67,107.0,109.0,71.5,149.7,152.4,-2.7,0.0,85.01,73.95,72.44,117.35,102.06,15.28,1.0,-17.98,71.97,47.64,-35.05,107.0,109.0,71.5,149.7,152.4,-2.7,0.0,85.06,74.15,72.47,117.37,102.3,15.07,1.0,-17.77,71.98,47.4,-35.03,107.0,109.0,71.5,149.7,152.4,-2.7,0.0,85.73,74.63,72.42,118.39,103.03,15.36,1.0,-18.06,71.96,46.67,-34.01,107.0,109.0,71.5,149.7,152.4,-2.7,0.0,85.89,74.64,72.46,118.54,102.99,15.54,1.0,-18.24,71.98,46.71,-33.86,0,0,0,1,0,0,1
BBL,2024-2025,Round 19,2025-03-02,FC Bayern München,SYNTAINICS MBC,96,74,74.2,129.4,99.7,99.7,129.4,3,14,-11,1,96,74,1,SYNTAINICS MBC,1.0,88.0,93.0,71.5,123.1,130.1,-7.0,0.0,79.0,87.0,73.5,107.5,118.4,-10.9,0.0,3.9,72.5,4.7,-22.6,85.74,86.59,71.88,119.33,120.56,-1.23,0.377,78.92,87.45,73.57,107.3,118.87,-11.56,0.0,10.33,72.72,0.46,-13.25,85.32,84.53,72.15,118.31,117.26,1.06,0.527,78.94,87.47,73.57,107.32,118.89,-11.57,0.0,12.62,72.86,-0.57,-9.94,86.33,82.49,72.43,119.22,114.04,5.18,0.598,78.94,87.47,73.57,107.32,118.89,-11.57,0.0,16.75,73.0,0.33,-6.72,84.96,80.43,72.3,117.5,111.34,6.17,0.651,78.94,87.47,73.57,107.32,118.89,-11.57,0.0,17.73,72.94,-1.39,-4.02,85.16,79.4,72.22,117.92,110.01,7.91,0.686,78.94,87.47,73.57,107.32,118.89,-11.57,0.0,19.47,72.9,-0.97,-2.69,85.15,79.07,72.22,117.9,109.55,8.35,0.705,78.94,87.47,73.57,107.32,118.89,-11.57,0.0,19.92,72.9,-0.98,-2.23,85.84,79.24,72.18,118.94,109.85,9.09,0.722,78.94,87.47,73.57,107.32,118.89,-11.57,0.0,20.66,72.88,0.06,-2.53,85.85,79.2,72.21,118.9,109.74,9.16,0.732,78.94,87.47,73.57,107.32,118.89,-11.57,0.0,20.73,72.89,0.02,-2.42,86.32,79.37,72.18,119.61,110.02,9.59,0.742,78.94,87.47,73.57,107.32,118.89,-11.57,0.0,21.15,72.88,0.72,-2.7,0,0,0,0,1,0,1
EuroLeague,2024-2025,Round 28,2025-03-06,FC Bayern München,Crvena Zvezda Meridianbet Belgrade,100,82,71.5,139.9,114.7,114.7,139.9,4,14,-10,1,100,82,1,Crvena Zvezda Meridianbet Belgrade,1.25,96.0,74.0,74.2,129.4,99.7,29.7,1.0,101.0,77.0,71.5,141.3,107.7,33.6,1.0,-3.9,72.85,21.7,41.6,91.97,83.57,72.84,126.23,115.02,11.21,0.496,100.51,76.96,71.5,140.62,107.64,32.97,0.986,-21.77,72.17,18.58,25.6,89.64,81.8,72.76,123.16,112.63,10.53,0.614,100.46,76.94,71.5,140.54,107.62,32.93,0.986,-22.4,72.13,15.54,27.91,88.72,81.18,72.8,121.84,111.68,10.16,0.677,100.46,76.94,71.5,140.54,107.62,32.92,0.986,-22.76,72.15,14.22,28.87,89.07,80.08,72.93,122.1,109.97,12.13,0.712,100.46,76.94,71.5,140.54,107.62,32.92,0.986,-20.79,72.21,14.49,30.57,87.78,78.79,72.79,120.54,108.36,12.18,0.74,100.46,76.94,71.5,140.54,107.62,32.92,0.986,-20.75,72.14,12.92,32.18,87.72,78.13,72.69,120.63,107.57,13.06,0.76,100.46,76.94,71.5,140.54,107.62,32.92,0.986,-19.87,72.1,13.01,32.97,87.59,77.93,72.67,120.49,107.33,13.16,0.771,100.46,76.94,71.5,140.54,107.62,32.92,0.986,-19.77,72.08,12.87,33.21,88.02,78.12,72.61,121.19,107.67,13.52,0.782,100.46,76.94,71.5,140.54,107.62,32.92,0.986,-19.41,72.06,13.57,32.87,87.96,78.11,72.62,121.09,107.65,13.45,0.788,100.46,76.94,71.5,140.54,107.62,32.92,0.986,-19.48,72.06,13.47,32.9,0,0,0,1,0,0,1
BBL,2024-2025,Round 20,2025-03-09,Würzburg Baskets,FC Bayern München,72,80,71.0,101.4,112.7,112.7,101.4,14,3,11,0,80,72,1,Würzburg Baskets,1.0,69.0,70.0,69.0,100.0,101.4,-1.4,0.0,100.0,82.0,71.5,139.9,114.7,25.2,1.0,-26.6,70.25,-14.7,38.5,68.31,70.43,69.07,98.92,101.91,-2.99,0.0,98.44,78.88,72.55,135.8,108.84,26.96,1.0,-29.95,70.81,-9.92,33.89,68.76,72.31,69.46,98.99,103.9,-4.91,0.0,95.47,82.89,72.25,132.19,114.88,17.31,0.716,-22.22,70.86,-15.89,28.29,69.13,73.28,69.68,99.2,104.9,-5.7,0.0,93.5,81.88,72.29,129.39,113.4,15.99,0.758,-21.7,70.99,-14.2,24.49,69.3,73.5,69.74,99.36,105.13,-5.77,0.0,92.46,81.45,72.37,127.83,112.68,15.15,0.784,-20.92,71.05,-13.32,22.7,69.29,73.52,69.74,99.34,105.16,-5.81,0.0,92.42,80.67,72.49,127.57,111.42,16.14,0.8,-21.95,71.11,-12.08,22.41,69.29,73.52,69.74,99.34,105.16,-5.81,0.0,91.26,79.7,72.42,126.06,110.17,15.89,0.814,-21.7,71.08,-10.83,20.91,69.29,73.52,69.74,99.34,105.16,-5.81,0.0,91.03,79.17,72.37,125.82,109.49,16.33,0.825,-22.14,71.05,-10.15,20.67,69.29,73.52,69.74,99.34,105.16,-5.81,0.0,90.82,78.99,72.36,125.54,109.25,16.29,0.831,-22.1,71.05,-9.9,20.38,69.29,73.52,69.74,99.34,105.16,-5.81,0.0,91.03,79.09,72.33,125.89,109.44,16.45,0.837,-22.26,71.04,-10.09,20.73,0,0,0,0,1,0,0
EuroLeague,2024-2025,Round 29,2025-03-14,FC Bayern München,Anadolu Efes Istanbul,92,97,71.5,128.7,135.7,135.7,128.7,5,14,-9,1,92,97,0,Anadolu Efes Istanbul,1.25,80.0,72.0,71.0,112.7,101.4,11.3,1.0,101.0,90.0,71.5,141.3,125.9,15.4,1.0,-4.1,71.25,-13.2,39.9,90.08,77.04,71.25,126.41,108.1,18.3,1.0,101.12,89.94,71.5,141.46,125.82,15.64,1.0,2.66,71.38,0.59,33.36,91.52,76.3,71.97,127.14,106.05,21.08,1.0,101.0,89.93,71.5,141.3,125.8,15.5,0.996,5.58,71.74,1.34,35.25,90.82,79.61,71.88,126.33,110.83,15.51,0.801,101.0,89.93,71.5,141.3,125.8,15.5,0.996,0.01,71.69,0.54,30.47,89.88,79.23,71.94,124.91,110.18,14.73,0.823,101.0,89.93,71.5,141.3,125.8,15.5,0.996,-0.77,71.72,-0.88,31.12,89.39,79.13,72.03,124.11,109.9,14.2,0.837,101.0,89.93,71.5,141.3,125.8,15.5,0.996,-1.3,71.77,-1.69,31.4,89.54,78.66,72.14,124.12,109.1,15.02,0.847,101.0,89.93,71.5,141.3,125.8,15.5,0.996,-0.48,71.82,-1.68,32.2,88.79,78.02,72.11,123.13,108.25,14.89,0.855,101.0,89.93,71.5,141.3,125.8,15.5,0.996,-0.62,71.8,-2.67,33.05,88.72,77.67,72.08,123.07,107.8,15.27,0.861,101.0,89.93,71.5,141.3,125.8,15.5,0.996,-0.23,71.79,-2.73,33.5,88.61,77.56,72.09,122.92,107.65,15.27,0.865,101.0,89.93,71.5,141.3,125.8,15.5,0.996,-0.23,71.79,-2.88,33.65,0,0,0,1,0,0,0
BBL,2024-2025,Round 21,2025-03-16,FC Bayern München,Basketball Löwen Braunschweig,88,70,72.0,122.2,97.2,97.2,122.2,2,14,-12,1,88,70,1,Basketball Löwen Braunschweig,1.0,92.0,97.0,71.5,128.7,135.7,-7.0,0.0,72.0,90.0,72.8,98.9,123.6,-24.7,0.0,17.7,72.15,5.1,-36.8,87.36,87.33,71.31,122.51,122.43,0.08,0.387,72.05,89.64,72.74,99.06,123.19,-24.13,0.0,24.21,72.02,-0.68,-23.37,90.92,85.83,71.36,127.42,120.25,7.17,0.56,72.02,89.58,72.73,99.02,123.12,-24.1,0.0,31.26,72.05,4.29,-21.23,91.7,84.02,71.8,127.72,117.11,10.61,0.627,72.02,89.58,72.73,99.02,123.12,-24.1,0.0,34.71,72.26,4.6,-18.08,91.2,85.22,71.76,127.1,118.85,8.24,0.543,72.02,89.58,72.73,99.02,123.12,-24.1,0.0,32.34,72.24,3.97,-19.83,90.51,84.53,71.81,126.04,117.8,8.25,0.577,72.02,89.58,72.73,99.02,123.12,-24.1,0.0,32.35,72.27,2.92,-18.77,90.12,84.14,71.88,125.39,117.14,8.25,0.602,72.02,89.58,72.73,99.02,123.12,-24.1,0.0,32.35,72.31,2.27,-18.12,90.2,83.59,71.97,125.35,116.25,9.1,0.619,72.02,89.58,72.73,99.02,123.12,-24.1,0.0,33.2,72.35,2.22,-17.23,89.62,82.91,71.95,124.57,115.33,9.24,0.635,72.02,89.58,72.73,99.02,123.12,-24.1,0.0,33.34,72.34,1.44,-16.3,89.54,82.49,71.94,124.48,114.76,9.72,0.647,72.02,89.58,72.73,99.02,123.12,-24.1,0.0,33.82,72.33,1.35,-15.73,1,0,-1,0,1,0,1
EuroLeague,2024-2025,Round 30,2025-03-20,Baskonia Vitoria-Gasteiz,FC Bayern München,112,89,71.5,156.6,124.5,124.5,156.6,14,4,10,0,89,112,0,Baskonia Vitoria-Gasteiz,1.25,80.0,94.0,71.5,111.9,131.5,-19.6,0.0,88.0,70.0,72.0,122.2,97.2,25.0,1.0,-44.6,71.75,14.7,-9.3,80.23,94.15,71.5,112.23,131.7,-19.48,0.0,90.03,83.71,71.75,125.5,116.74,8.76,0.492,-28.23,71.62,-4.52,-6.2,80.22,94.12,71.5,112.2,131.67,-19.46,0.0,87.6,80.87,71.57,122.39,113.02,9.37,0.615,-28.84,71.53,-0.82,-9.27,80.22,94.12,71.5,112.2,131.67,-19.46,0.0,90.05,81.09,71.55,125.86,113.35,12.5,0.692,-31.97,71.53,-1.15,-5.81,80.22,94.12,71.5,112.2,131.67,-19.46,0.0,90.72,80.29,71.85,126.25,111.82,14.43,0.726,-33.9,71.67,0.38,-5.41,80.22,94.12,71.5,112.2,131.67,-19.46,0.0,90.44,81.6,71.81,125.93,113.69,12.24,0.652,-31.7,71.66,-1.49,-5.74,80.22,94.12,71.5,112.2,131.67,-19.46,0.0,89.95,81.27,71.85,125.18,113.17,12.01,0.672,-31.47,71.68,-0.97,-6.49,80.22,94.12,71.5,112.2,131.67,-19.46,0.0,89.67,81.12,71.91,124.71,112.88,11.84,0.687,-31.3,71.7,-0.67,-6.96,80.22,94.12,71.5,112.2,131.67,-19.46,0.0,89.75,80.78,71.98,124.7,112.31,12.39,0.698,-31.85,71.74,-0.11,-6.97,80.22,94.12,71.5,112.2,131.67,-19.46,0.0,89.3,80.33,71.96,124.09,111.7,12.39,0.708,-31.86,71.73,0.5,-7.57,0,0,0,1,0,0,1
BBL,2024-2025,Round 22,2025-03-23,Telekom Baskets Bonn,FC Bayern München,81,87,73.5,110.2,118.4,118.4,110.2,14,3,11,0,87,81,1,Telekom Baskets Bonn,1.0,73.0,93.0,74.0,98.6,125.7,-27.1,0.0,89.0,112.0,71.5,124.5,156.6,-32.1,0.0,5.0,72.75,-58.0,-1.2,77.15,92.31,74.28,103.78,124.32,-20.53,0.0,88.61,95.6,71.7,123.6,133.41,-9.81,0.39,-10.73,72.99,-29.63,-0.72,77.29,92.19,74.28,103.96,124.14,-20.18,0.013,89.58,96.0,71.64,125.07,134.07,-9.0,0.278,-11.18,72.96,-30.1,0.92,77.29,92.17,74.28,103.97,124.13,-20.16,0.013,88.11,92.32,71.54,123.17,129.06,-5.89,0.389,-14.27,72.91,-25.09,-0.96,77.28,92.17,74.28,103.96,124.13,-20.17,0.013,89.72,90.93,71.54,125.42,127.12,-1.7,0.471,-18.47,72.91,-23.17,1.3,77.28,92.17,74.28,103.96,124.12,-20.17,0.013,90.21,89.59,71.75,125.74,124.95,0.79,0.513,-20.96,73.01,-20.99,1.62,77.28,92.17,74.28,103.96,124.12,-20.16,0.013,90.05,89.84,71.73,125.54,125.33,0.21,0.475,-20.37,73.0,-21.37,1.42,77.28,92.16,74.28,103.96,124.12,-20.16,0.013,89.7,89.24,71.76,125.0,124.44,0.56,0.498,-20.72,73.02,-20.48,0.88,77.28,92.16,74.28,103.96,124.12,-20.16,0.013,89.5,88.85,71.81,124.66,123.83,0.83,0.515,-20.99,73.04,-19.87,0.54,77.28,92.16,74.28,103.96,124.12,-20.16,0.013,89.56,88.4,71.86,124.65,123.12,1.53,0.527,-21.69,73.07,-19.16,0.53,0,0,0,0,1,0,0
EuroLeague,2024-2025,Round 31,2025-03-25,FC Barcelona,FC Bayern München,101,102,71.5,141.3,142.7,142.7,141.3,14,2,12,0,102,101,1,FC Barcelona,1.25,78.0,100.0,71.5,109.1,139.9,-30.8,0.0,87.0,81.0,73.5,118.4,110.2,8.2,1.0,-39.0,72.5,-1.1,-21.5,78.21,99.52,71.5,109.39,139.22,-29.83,0.023,88.01,96.62,72.49,121.47,133.58,-12.11,0.496,-17.73,72.0,-24.19,-17.75,78.24,99.44,71.5,109.44,139.12,-29.68,0.025,88.01,90.13,72.37,121.65,124.71,-3.05,0.619,-26.63,71.94,-15.27,-17.47,78.24,99.44,71.5,109.44,139.12,-29.68,0.025,88.81,91.51,72.2,123.07,126.92,-3.85,0.495,-25.83,71.85,-17.48,-16.05,78.24,99.44,71.5,109.44,139.12,-29.68,0.025,87.82,89.31,72.06,121.9,124.04,-2.14,0.551,-27.54,71.78,-14.6,-17.22,78.24,99.44,71.5,109.44,139.12,-29.68,0.025,89.07,88.56,72.0,123.75,123.09,0.66,0.597,-30.34,71.75,-13.65,-15.37,78.24,99.44,71.5,109.44,139.12,-29.68,0.025,89.49,87.66,72.14,124.1,121.64,2.45,0.622,-32.13,71.82,-12.2,-15.02,78.24,99.44,71.5,109.44,139.12,-29.68,0.025,89.41,87.98,72.1,124.04,122.14,1.9,0.586,-31.58,71.8,-12.7,-15.08,78.24,99.44,71.5,109.44,139.12,-29.68,0.025,89.15,87.57,72.12,123.66,121.54,2.12,0.6,-31.8,71.81,-12.11,-15.46,78.24,99.44,71.5,109.44,139.12,-29.68,0.025,89.01,87.3,72.14,123.42,121.13,2.29,0.611,-31.97,71.82,-11.69,-15.7,0,1,1,1,0,0,0
EuroLeague,2024-2025,Round 32,2025-03-27,FC Bayern München,Partizan Mozzart Bet Belgrade,89,74,71.5,124.5,103.5,103.5,124.5,2,14,-12,1,89,74,1,Partizan Mozzart Bet Belgrade,1.25,102.0,101.0,71.5,142.7,141.3,1.4,1.0,86.0,78.0,71.5,120.3,109.1,11.2,1.0,-9.8,71.5,33.6,-21.0,96.04,93.05,72.3,133.04,128.94,4.1,1.0,85.84,78.02,71.5,120.08,109.13,10.95,0.98,-6.85,71.9,23.91,-8.86,94.01,98.5,72.07,130.58,136.89,-6.31,0.712,85.84,78.09,71.5,120.08,109.23,10.84,0.976,-17.15,71.78,21.35,-16.82,93.08,94.07,72.06,129.28,130.72,-1.44,0.757,85.84,78.09,71.5,120.07,109.23,10.84,0.976,-12.28,71.78,20.05,-10.64,92.93,94.47,71.98,129.2,131.41,-2.21,0.652,85.84,78.09,71.5,120.07,109.23,10.84,0.976,-13.05,71.74,19.97,-11.33,91.89,92.67,71.9,127.88,129.0,-1.13,0.68,85.84,78.09,71.5,120.07,109.23,10.84,0.976,-11.97,71.7,18.65,-8.93,92.5,91.87,71.87,128.78,127.92,0.86,0.704,85.84,78.09,71.5,120.07,109.23,10.84,0.976,-9.99,71.69,19.55,-7.85,92.66,91.04,71.98,128.81,126.62,2.19,0.718,85.84,78.09,71.5,120.07,109.23,10.84,0.976,-8.66,71.74,19.58,-6.55,92.45,91.13,71.96,128.55,126.78,1.78,0.686,85.84,78.09,71.5,120.07,109.23,10.84,0.976,-9.07,71.73,19.32,-6.71,92.18,90.73,71.97,128.15,126.2,1.95,0.694,85.84,78.09,71.5,120.07,109.23,10.84,0.976,-8.9,71.74,18.92,-6.13,1,0,-1,1,0,0,1
BBL,2024-2025,Round 23,2025-03-30,FC Bayern München,ratiopharm ulm,90,83,74.2,121.3,111.9,111.9,121.3,3,14,-11,1,90,83,1,ratiopharm ulm,1.0,89.0,74.0,71.5,124.5,103.5,21.0,1.0,76.0,82.0,72.5,104.8,113.1,-8.3,0.0,29.3,72.0,11.4,1.3,94.88,86.2,71.5,132.73,120.59,12.14,1.0,77.02,81.39,72.64,106.0,112.04,-6.04,0.203,18.18,72.07,20.68,-14.59,93.07,85.01,71.96,129.44,118.2,11.24,1.0,77.0,81.39,72.64,105.98,112.04,-6.06,0.202,17.3,72.3,17.39,-12.22,92.3,90.12,71.87,128.5,125.47,3.04,0.811,76.98,81.39,72.64,105.95,112.05,-6.1,0.202,9.13,72.26,16.46,-19.52,91.83,87.94,71.89,127.82,122.41,5.41,0.831,76.98,81.39,72.64,105.95,112.05,-6.1,0.202,11.51,72.26,15.77,-16.46,91.85,88.85,71.85,127.91,123.74,4.17,0.748,76.98,81.39,72.64,105.95,112.05,-6.1,0.202,10.27,72.24,15.86,-17.79,91.14,87.85,71.8,127.0,122.41,4.59,0.763,76.98,81.39,72.64,105.95,112.05,-6.1,0.202,10.69,72.22,14.95,-16.46,91.65,87.51,71.78,127.74,121.97,5.76,0.776,76.98,81.39,72.64,105.95,112.05,-6.1,0.202,11.87,72.21,15.69,-16.02,91.8,87.04,71.87,127.8,121.19,6.61,0.784,76.98,81.39,72.64,105.95,112.05,-6.1,0.202,12.71,72.25,15.74,-15.24,91.67,87.24,71.85,127.63,121.5,6.14,0.757,76.98,81.39,72.64,105.95,112.05,-6.1,0.202,12.24,72.25,15.58,-15.55,0,0,0,0,1,0,1
EuroLeague,2024-2025,Round 33,2025-04-03,Maccabi Playtika Tel Aviv,FC Bayern München,93,90,71.5,130.1,125.9,125.9,130.1,14,4,10,0,90,93,0,Maccabi Playtika Tel Aviv,1.25,93.0,98.0,71.5,130.1,137.1,-7.0,0.0,90.0,83.0,74.2,121.3,111.9,9.4,1.0,-16.4,72.85,18.2,-15.8,92.94,97.62,71.5,130.01,136.57,-6.56,0.016,89.5,78.46,72.84,122.91,107.67,15.25,1.0,-21.81,72.17,22.34,-13.66,92.94,97.61,71.5,130.01,136.55,-6.54,0.017,93.17,85.08,72.45,128.72,117.54,11.18,1.0,-17.72,71.97,12.47,-7.83,92.94,97.61,71.5,130.01,136.55,-6.54,0.018,92.17,84.42,72.62,127.05,116.35,10.7,1.0,-17.24,72.06,13.66,-9.51,92.94,97.61,71.5,130.01,136.55,-6.54,0.018,91.72,88.32,72.46,126.69,122.05,4.64,0.858,-11.18,71.98,7.96,-9.87,92.94,97.61,71.5,130.01,136.55,-6.54,0.018,91.41,86.8,72.42,126.31,119.98,6.33,0.87,-12.87,71.96,10.03,-10.24,92.94,97.61,71.5,130.01,136.55,-6.54,0.018,91.46,87.6,72.35,126.5,121.22,5.28,0.802,-11.82,71.92,8.79,-10.05,92.94,97.61,71.5,130.01,136.55,-6.54,0.018,90.91,86.86,72.28,125.85,120.28,5.56,0.811,-12.11,71.89,9.73,-10.7,92.94,97.61,71.5,130.01,136.55,-6.54,0.018,91.33,86.64,72.25,126.49,120.03,6.47,0.82,-13.01,71.87,9.99,-10.06,92.94,97.61,71.5,130.01,136.55,-6.54,0.018,91.46,86.28,72.3,126.58,119.44,7.13,0.825,-13.67,71.9,10.57,-9.98,0,0,0,1,0,0,1
BBL,2024-2025,Round 24,2025-04-06,RASTA Vechta,FC Bayern München,75,83,72.5,103.4,114.5,114.5,103.4,14,3,11,0,83,75,1,RASTA Vechta,1.0,82.0,94.0,75.0,109.3,125.3,-16.0,0.0,90.0,93.0,71.5,125.9,130.1,-4.2,0.0,-11.8,73.25,-20.8,0.6,80.15,91.78,74.26,107.9,123.53,-15.63,0.0,90.0,89.1,72.55,124.1,122.99,1.11,0.39,-16.74,73.41,-15.1,0.58,80.11,91.73,74.25,107.86,123.48,-15.62,0.0,89.72,84.81,72.25,124.22,117.46,6.76,0.563,-22.38,73.25,-9.6,0.74,80.11,91.72,74.25,107.86,123.47,-15.61,0.0,92.05,87.88,72.11,127.72,121.98,5.74,0.646,-21.35,73.18,-14.12,4.26,80.11,91.72,74.25,107.86,123.47,-15.61,0.0,91.49,87.12,72.27,126.69,120.67,6.01,0.686,-21.62,73.26,-12.81,3.22,80.11,91.72,74.25,107.86,123.47,-15.61,0.0,91.23,89.64,72.19,126.46,124.32,2.14,0.616,-17.75,73.22,-16.46,3.0,80.11,91.72,74.25,107.86,123.47,-15.61,0.0,91.04,88.44,72.18,126.2,122.66,3.54,0.639,-19.15,73.21,-14.8,2.74,80.11,91.72,74.25,107.86,123.47,-15.61,0.0,91.09,88.95,72.14,126.35,123.44,2.91,0.602,-18.52,73.19,-15.58,2.88,80.11,91.72,74.25,107.86,123.47,-15.61,0.0,90.69,88.34,72.1,125.86,122.64,3.22,0.616,-18.82,73.17,-14.78,2.39,80.11,91.72,74.25,107.86,123.47,-15.61,0.0,91.02,88.12,72.07,126.36,122.36,3.99,0.63,-19.6,73.16,-14.5,2.89,0,0,0,0,1,0,0
EuroLeague,2024-2025,Round 34,2025-04-10,FC Bayern München,Fenerbahce Beko Istanbul,77,89,71.5,107.7,124.5,124.5,107.7,4,14,-10,1,77,89,0,Fenerbahce Beko Istanbul,1.25,83.0,75.0,72.5,114.5,103.4,11.1,1.0,87.0,76.0,71.5,121.7,106.3,15.4,1.0,-4.3,72.0,8.2,18.3,86.53,84.07,72.0,120.24,116.85,3.39,0.496,87.09,76.13,71.5,121.83,106.48,15.35,1.0,-11.96,71.75,13.76,4.98,87.37,83.81,72.53,120.5,115.65,4.86,0.619,87.07,76.11,71.5,121.8,106.45,15.35,1.0,-10.49,72.02,14.05,6.15,87.7,81.86,72.33,121.3,113.23,8.06,0.695,87.07,76.11,71.5,121.8,106.45,15.35,1.0,-7.28,71.91,14.85,8.56,89.71,84.56,72.21,124.31,117.18,7.12,0.738,87.07,76.11,71.5,121.8,106.45,15.35,1.0,-8.22,71.86,17.86,4.61,89.48,84.25,72.32,123.81,116.59,7.22,0.76,87.07,76.11,71.5,121.8,106.45,15.35,1.0,-8.13,71.91,17.36,5.2,89.44,86.46,72.26,123.86,119.77,4.09,0.7,87.07,76.11,71.5,121.8,106.45,15.35,1.0,-11.25,71.88,17.41,2.03,89.37,85.66,72.24,123.78,118.68,5.1,0.714,87.07,76.11,71.5,121.8,106.45,15.35,1.0,-10.24,71.87,17.33,3.12,89.5,86.2,72.21,124.02,119.49,4.53,0.68,87.07,76.11,71.5,121.8,106.45,15.35,1.0,-10.82,71.85,17.57,2.31,89.22,85.79,72.17,123.69,118.96,4.73,0.689,87.07,76.11,71.5,121.8,106.45,15.35,1.0,-10.62,71.84,17.24,2.84,0,0,0,1,0,0,0
BBL,2024-2025,Round 25,2025-04-13,FC Bayern München,Bamberg Baskets,95,79,74.0,128.4,106.8,106.8,128.4,3,14,-11,1,95,79,1,Bamberg Baskets,1.0,77.0,89.0,71.5,107.7,124.5,-16.8,0.0,76.0,85.0,72.4,105.0,117.4,-12.4,0.0,-4.4,71.95,-9.7,-19.5,79.34,83.53,71.89,110.35,116.26,-5.91,0.39,76.12,85.33,72.48,105.04,117.71,-12.66,0.0,6.76,72.18,-7.35,-11.22,82.37,86.22,71.78,114.77,120.19,-5.42,0.28,76.01,85.29,72.46,104.91,117.69,-12.78,0.0,7.36,72.12,-2.92,-15.28,83.54,85.73,72.15,115.77,118.92,-3.14,0.39,76.03,85.31,72.46,104.94,117.71,-12.77,0.0,9.63,72.31,-1.94,-13.98,84.28,84.14,72.06,116.95,116.83,0.12,0.473,76.03,85.31,72.46,104.94,117.71,-12.77,0.0,12.89,72.26,-0.76,-11.89,86.06,85.83,72.01,119.54,119.29,0.25,0.526,76.03,85.31,72.46,104.94,117.71,-12.77,0.0,13.02,72.24,1.82,-14.35,86.12,85.53,72.1,119.47,118.72,0.74,0.555,76.03,85.31,72.46,104.94,117.71,-12.77,0.0,13.51,72.28,1.75,-13.78,86.29,87.1,72.06,119.76,120.97,-1.21,0.522,76.03,85.31,72.46,104.94,117.71,-12.77,0.0,11.57,72.26,2.05,-16.03,86.35,86.48,72.06,119.85,120.1,-0.25,0.54,76.03,85.31,72.46,104.94,117.71,-12.77,0.0,12.52,72.26,2.14,-15.16,86.56,86.86,72.04,120.17,120.67,-0.49,0.52,76.03,85.31,72.46,104.94,117.71,-12.77,0.0,12.28,72.25,2.46,-15.73,0,0,0,0,1,0,1
EuroLeague,2024-2025,Round 35,2025-04-15,FC Bayern München,Crvena Zvezda Meridianbet Belgrade,97,93,71.5,135.7,130.1,130.1,135.7,2,14,-12,1,97,93,1,Crvena Zvezda Meridianbet Belgrade,1.25,95.0,79.0,74.0,128.4,106.8,21.6,1.0,82.0,100.0,71.5,114.7,139.9,-25.2,0.0,46.8,72.75,-11.5,7.9,85.93,84.04,72.74,117.97,115.72,2.25,0.496,85.15,96.19,71.5,119.1,134.57,-15.47,0.166,17.72,72.12,-16.6,3.38,85.21,81.83,72.68,117.12,112.71,4.41,0.619,85.1,96.14,71.5,119.04,134.5,-15.46,0.165,19.86,72.09,-17.37,6.33,86.17,84.05,72.45,118.87,116.17,2.7,0.496,85.1,96.13,71.5,119.04,134.48,-15.45,0.165,18.15,71.97,-15.62,2.87,86.6,83.93,72.64,119.14,115.69,3.46,0.553,85.1,96.13,71.5,119.04,134.48,-15.45,0.165,18.9,72.07,-15.34,3.35,86.84,82.91,72.53,119.69,114.43,5.26,0.599,85.1,96.13,71.5,119.04,134.48,-15.45,0.165,20.71,72.01,-14.79,4.6,88.03,84.33,72.45,121.49,116.53,4.96,0.63,85.1,96.13,71.5,119.04,134.48,-15.45,0.165,20.41,71.97,-12.99,2.5,87.98,84.16,72.5,121.34,116.22,5.12,0.648,85.1,96.13,71.5,119.04,134.48,-15.45,0.165,20.56,72.0,-13.14,2.81,88.03,85.48,72.45,121.49,118.14,3.35,0.618,85.1,96.13,71.5,119.04,134.48,-15.45,0.165,18.8,71.98,-12.99,0.9,88.03,85.03,72.44,121.51,117.52,3.99,0.629,85.1,96.13,71.5,119.04,134.48,-15.45,0.165,19.44,71.97,-12.97,1.51,1,0,-1,1,0,0,1
EuroLeague,2024-2025,Round 36,2025-04-18,Real Madrid,FC Bayern München,93,71,71.5,130.1,99.3,99.3,130.1,14,3,11,0,71,93,0,Real Madrid,1.25,88.0,76.0,71.5,123.1,106.3,16.8,1.0,97.0,93.0,71.5,135.7,130.1,5.6,1.0,11.2,71.5,-7.0,29.4,88.18,79.7,71.5,123.35,111.48,11.87,0.824,96.2,87.43,72.49,132.8,120.84,11.96,1.0,-0.09,72.0,2.51,21.32,88.19,79.68,71.5,123.36,111.45,11.91,0.824,90.68,87.88,72.21,125.58,121.89,3.69,0.712,8.23,71.85,1.47,14.13,88.19,79.67,71.5,123.36,111.43,11.93,0.825,89.49,85.88,72.25,123.85,119.01,4.84,0.757,7.09,71.88,4.35,12.42,88.19,79.67,71.5,123.36,111.43,11.93,0.825,89.56,86.85,72.15,124.13,120.53,3.61,0.654,8.32,71.83,2.83,12.7,88.19,79.67,71.5,123.36,111.43,11.93,0.825,89.59,86.54,72.32,123.91,119.83,4.07,0.682,7.86,71.91,3.53,12.47,88.19,79.67,71.5,123.36,111.43,11.93,0.825,89.55,85.6,72.25,123.95,118.6,5.35,0.706,6.58,71.88,4.76,12.52,88.19,79.67,71.5,123.36,111.43,11.93,0.825,90.28,86.5,72.21,125.05,119.93,5.12,0.723,6.81,71.85,3.43,13.62,88.19,79.67,71.5,123.36,111.43,11.93,0.825,90.15,86.29,72.26,124.8,119.57,5.23,0.733,6.7,71.88,3.79,13.37,88.19,79.67,71.5,123.36,111.43,11.93,0.825,90.11,87.23,72.23,124.79,120.92,3.87,0.706,8.06,71.87,2.44,13.36,0,0,0,1,0,0,1
BBL,2024-2025,Round 26,2025-04-20,MLP Academics Heidelberg,FC Bayern München,77,85,73.0,105.5,116.4,116.4,105.5,14,2,12,0,85,77,1,MLP Academics Heidelberg,1.0,71.0,88.0,71.8,98.9,122.6,-23.7,0.0,71.0,93.0,71.5,99.3,130.1,-30.8,0.0,7.1,71.65,-31.2,-23.3,70.95,88.07,71.8,98.83,122.69,-23.86,0.0,82.66,93.0,71.5,115.62,130.1,-14.48,0.448,-9.38,71.65,-31.27,-7.07,71.01,88.05,71.81,98.89,122.65,-23.76,0.003,85.47,89.8,72.07,118.54,124.78,-6.24,0.574,-17.52,71.94,-25.89,-4.12,71.01,88.05,71.81,98.89,122.65,-23.76,0.003,83.88,89.65,71.96,116.5,124.73,-8.23,0.466,-15.53,71.89,-25.84,-6.16,71.01,88.05,71.81,98.89,122.65,-23.76,0.003,83.78,88.08,72.02,116.28,122.43,-6.15,0.524,-17.61,71.92,-23.55,-6.37,71.01,88.05,71.81,98.89,122.65,-23.76,0.003,84.4,88.56,71.97,117.23,123.19,-5.96,0.472,-17.8,71.89,-24.3,-5.42,71.01,88.05,71.81,98.89,122.65,-23.76,0.003,84.73,88.23,72.1,117.47,122.52,-5.05,0.503,-18.72,71.96,-23.63,-5.18,71.01,88.05,71.81,98.89,122.65,-23.76,0.003,84.97,87.42,72.07,117.87,121.44,-3.57,0.532,-20.2,71.94,-22.55,-4.78,71.01,88.05,71.81,98.89,122.65,-23.76,0.003,85.73,88.03,72.04,118.98,122.33,-3.34,0.553,-20.42,71.93,-23.44,-3.67,71.01,88.05,71.81,98.89,122.65,-23.76,0.003,85.77,87.83,72.08,118.97,121.98,-3.01,0.565,-20.75,71.95,-23.09,-3.69,0,1,1,0,1,0,0
BBL,2024-2025,Round 27,2025-04-27,FC Bayern München,ALBA Berlin,82,78,73.8,111.1,105.7,105.7,111.1,7,14,-7,1,82,78,1,ALBA Berlin,1.0,85.0,77.0,73.0,116.4,105.5,10.9,1.0,78.0,84.0,73.0,106.8,115.1,-8.3,0.0,19.2,73.0,1.3,1.3,77.89,85.12,72.24,107.72,117.99,-10.27,0.492,80.53,90.32,72.37,111.31,124.95,-13.65,0.0,3.38,72.3,-17.24,-6.68,83.47,87.42,72.02,115.89,121.53,-5.63,0.641,80.44,89.29,72.71,110.67,122.98,-12.31,0.0,6.67,72.37,-7.09,-10.85,85.34,86.06,72.34,117.91,119.15,-1.23,0.699,81.05,91.37,72.62,111.68,126.03,-14.36,0.0,13.13,72.48,-8.12,-7.47,84.16,86.48,72.22,116.47,119.9,-3.43,0.6,81.06,91.35,72.63,111.67,125.99,-14.32,0.0,10.9,72.42,-9.52,-8.23,84.06,85.53,72.25,116.31,118.53,-2.23,0.633,80.98,91.24,72.61,111.58,125.87,-14.29,0.0,12.06,72.43,-9.56,-6.95,84.52,86.11,72.19,117.05,119.43,-2.38,0.584,80.97,91.16,72.6,111.57,125.76,-14.19,0.004,11.81,72.4,-8.71,-7.86,84.78,85.96,72.28,117.25,119.08,-1.82,0.604,80.93,91.12,72.6,111.52,125.71,-14.19,0.004,12.37,72.44,-8.46,-7.56,84.98,85.41,72.25,117.59,118.36,-0.77,0.622,80.94,91.1,72.6,111.53,125.68,-14.15,0.005,13.37,72.43,-8.09,-6.83,85.6,85.98,72.22,118.5,119.2,-0.69,0.636,80.93,91.1,72.6,111.52,125.67,-14.15,0.005,13.46,72.41,-7.17,-7.67,0,0,0,0,1,0,1
BBL,2024-2025,Round 28,2025-05-04,ROSTOCK SEAWOLVES,FC Bayern München,82,91,74.5,110.1,122.1,122.1,110.1,14,7,7,0,91,82,1,ROSTOCK SEAWOLVES,1.0,80.0,97.0,75.5,106.0,128.5,-22.5,0.0,82.0,78.0,73.8,111.1,105.7,5.4,1.0,-27.9,74.65,0.3,-17.4,79.85,97.09,75.51,105.78,128.6,-22.82,0.0,83.3,77.57,73.45,113.4,105.61,7.78,1.0,-30.6,74.48,0.17,-15.2,79.86,97.07,75.51,105.8,128.58,-22.78,0.0,79.5,82.33,72.85,109.04,113.18,-4.13,0.691,-18.64,74.18,-7.38,-19.53,79.86,97.07,75.51,105.8,128.58,-22.77,0.0,83.01,84.47,72.58,114.39,116.57,-2.18,0.753,-20.59,74.04,-10.77,-14.18,79.86,97.07,75.51,105.8,128.58,-22.77,0.0,84.41,83.83,72.75,116.03,115.43,0.6,0.782,-23.37,74.13,-9.63,-12.55,79.86,97.07,75.51,105.8,128.58,-22.77,0.0,83.63,84.38,72.61,115.15,116.39,-1.25,0.699,-21.53,74.06,-10.59,-13.43,79.86,97.07,75.51,105.8,128.58,-22.77,0.0,83.59,83.79,72.61,115.1,115.57,-0.46,0.718,-22.31,74.06,-9.76,-13.47,79.86,97.07,75.51,105.8,128.58,-22.77,0.0,83.98,84.34,72.54,115.76,116.45,-0.69,0.674,-22.08,74.02,-10.65,-12.82,79.86,97.07,75.51,105.8,128.58,-22.77,0.0,84.2,84.29,72.6,115.97,116.28,-0.31,0.687,-22.46,74.06,-10.48,-12.61,79.86,97.07,75.51,105.8,128.58,-22.77,0.0,84.38,83.92,72.56,116.28,115.81,0.47,0.698,-23.24,74.04,-10.01,-12.3,0,0,0,0,1,0,0
